mot-clé_(mc),url,trafic,position,volumeh,volume_ads,allintitle,cpc,comp.,kgr,kvi,maj_serp,si_informational,si_navigational,si_transactional,si_commercial,si_local,si_brand,sugg._ortho.,sugg._ortho._avec_redir.
"christian matériel","https://www.batamat.com/","76","1","390","390","","1.36","0.05","","20","OLDER_THAN_2_MONTHS","true","false","false","false","true","false","",""
"batamat","https://www.batamat.com/","34","1","170","170","","","0","","18","2026-05-31","true","false","false","false","false","false","",""
"passer le caces","https://www.batamat.com/Batamat/detail_actu/19","33","3","480","480","84","1.49","0.34","0.175","24","OLDER_THAN_2_MONTHS","true","false","false","false","false","false","",""
"christian matériels merville","https://www.batamat.com/","28","1","140","140","","1.7","0.06","","18","2026-06-01","true","false","false","false","false","false","",""
"christian materiels merville","https://www.batamat.com/","28","1","140","140","","1.7","0.06","","21","OLDER_THAN_2_MONTHS","true","false","false","false","false","false","",""
"comment passer le caces","https://www.batamat.com/Batamat/detail_actu/19","21","3","300","390","","1.28","0.61","","20","OLDER_THAN_2_MONTHS","true","false","false","false","false","false","",""
"location nacelle ciseaux","https://www.batamat.com/Batamat/detail_produit/61","13","8","590","590","1320","0.91","0.26","2.2373","19","2026-06-08","true","false","false","false","false","false","",""
"location plaques de roulage","https://www.batamat.com/Batamat/detail_produit/179","9","6","260","260","1","2.65","0.35","0.0038","7","2026-06-02","false","false","false","false","true","false","",""
"caces obligatoire","https://www.batamat.com/Batamat/detail_actu/19","7","8","320","320","158","0.59","0.03","0.4938","19","2026-06-09","true","false","false","false","false","false","",""
"location nacelle ciseau","https://www.batamat.com/Batamat/detail_produit/61","7","8","320","320","","2.42","0.21","","21","OLDER_THAN_2_MONTHS","","","","","","","",""
"permis kses","https://www.batamat.com/Batamat/detail_actu/19","7","5","170","170","","1.71","0.18","","19","2026-06-12","true","false","false","false","false","false","",""
"location surfaceuse beton","https://www.batamat.com/Batamat/detail_produit/196","7","9","355","390","3","0.65","0.96","0.0085","19","2026-06-14","","","","","","","",""
"batamat roubaix","https://www.batamat.com/","6","1","30","30","","","0.0039","","1","OLDER_THAN_2_MONTHS","","","","","","","",""
"attestation caces","https://www.batamat.com/Batamat/detail_actu/19","6","5","140","140","","0.36","0.02","","21","OLDER_THAN_2_MONTHS","true","false","false","false","false","false","",""
"caces permis","https://www.batamat.com/Batamat/detail_actu/19","6","23","3273","3600","812","1.72","0.17","0.2481","39","2026-06-11","","","","","","","",""
"nacelle ciseau 6m","https://www.batamat.com/Batamat/detail_produit/61","5","6","155","140","","0.81","1","","20","OLDER_THAN_2_MONTHS","","","","","","","",""
"bw120","https://www.batamat.com/Batamat/detail_produit/91","5","5","110","110","","","0.0373","","1","2026-06-02","true","false","false","false","false","false","",""
"betonniere location","https://www.batamat.com/Batamat/detail_produit/219","5","29","3385","4400","505","0.35","0.35","0.1492","25","2026-06-15","false","false","true","false","true","false","",""
"mt1840","https://www.batamat.com/assets/pdf/3221.pdf","4","7","140","140","","0.24","0.1","","13","2026-06-10","false","false","true","false","false","false","",""
"meilleur marteau piqueur","https://www.batamat.com/Batamat/detail_actu/28","4","4","70","70","","0.67","1","","20","OLDER_THAN_2_MONTHS","true","false","true","true","false","false","",""
"pelles sur pneus","https://www.batamat.com/Batamat/sub_categorie/26","4","16","720","720","10300","1.72","0.31","14.3056","21","2026-06-18","true","false","true","false","false","false","",""
"passer caces","https://www.batamat.com/Batamat/detail_actu/19","3","4","49","590","","2.43","0.5","","20","OLDER_THAN_2_MONTHS","true","false","false","false","false","false","",""
"christian matériels merville","https://www.batamat.com/Batamat/catalogue","3","10","140","140","","1.7","0.06","","18","2026-06-01","true","false","false","false","false","false","",""
"chargeuse 800l","https://www.batamat.com/Batamat/detail_produit/31","3","6","70","70","","","0.33","","24","OLDER_THAN_2_MONTHS","","","","","","","",""
"passer le permis caces","https://www.batamat.com/Batamat/detail_actu/19","3","3","30","30","","1.1122","0.4416","","19","OLDER_THAN_2_MONTHS","","","","","","","",""
"bw 120","https://www.batamat.com/Batamat/detail_produit/91","3","9","110","110","","","0.0013","","14","OLDER_THAN_2_MONTHS","","","","","","","",""
"ecr88","https://www.batamat.com/assets/pdf/3149.pdf","3","4","40","40","","","0.019","","20","OLDER_THAN_2_MONTHS","true","false","true","false","false","false","ecr88d",""
"comment passer le caces 1","https://www.batamat.com/Batamat/detail_actu/19","3","4","40","40","","1.8503","0.4","","12","OLDER_THAN_2_MONTHS","true","false","false","false","false","false","",""
"faut il le permis b pour passer le caces","https://www.batamat.com/Batamat/detail_actu/19","3","4","40","40","","0.081","0.067","","1","OLDER_THAN_2_MONTHS","","","","","","","",""
"location plaque de roulage","https://www.batamat.com/Batamat/detail_produit/179","2","12","260","260","","2.66","0.36","","15","2026-06-26","false","false","false","false","true","false","",""
"caces à","https://www.batamat.com/Batamat/detail_actu/19","2","10","118","1300","13600","0.89","0.04","115.2542","24","OLDER_THAN_2_MONTHS","","","","","","","",""
"pelle 9t","https://www.batamat.com/Batamat/detail_produit/82","2","6","50","50","","0.3031","0.09","","17","OLDER_THAN_2_MONTHS","","","","","","","",""
"caces permis de conduire","https://www.batamat.com/Batamat/detail_actu/19","2","5","40","40","","2.2468","0.2743","","1","OLDER_THAN_2_MONTHS","","","","","","","",""
"location nacelle ciseaux 8m prix","https://www.batamat.com/Batamat/detail_produit/124","2","8","70","70","2","0.97","0.17","0.0286","18","2026-07-09","true","false","false","false","false","false","",""
"prix location nacelle 12m","https://www.batamat.com/Batamat/detail_produit/102","2","8","70","70","2","0.51","0.26","0.0286","20","OLDER_THAN_2_MONTHS","","","","","","","",""
"location camion nacelle particulier","https://www.batamat.com/Batamat/detail_produit/106","2","8","70","70","","1.07","0.53","","18","OLDER_THAN_2_MONTHS","","","","","","","",""
"mini chargeuse mustang","https://www.batamat.com/Batamat/detail_produit/28","2","4","30","30","","","0.381","","16","2026-07-25","","","","","","","",""
"compacteur bw120","https://www.batamat.com/Batamat/detail_produit/91","2","4","30","30","","","0.1852","","19","OLDER_THAN_2_MONTHS","true","false","false","false","false","false","",""
"comment avoir le caces 1","https://www.batamat.com/Batamat/detail_actu/19","2","4","30","30","","1.25","0.34","","18","OLDER_THAN_2_MONTHS","true","false","false","false","false","false","",""
"pelle 17 tonnes","https://www.batamat.com/Batamat/detail_produit/84","2","4","30","30","","","0.0397","","15","OLDER_THAN_2_MONTHS","","","","","","","",""
"nacelle ciseaux electrique","https://www.batamat.com/Batamat/detail_produit/61","2","12","200","210","","0.46","1","","29","2026-06-01","","","","","","","",""
"comment faire une formation caces","https://www.batamat.com/Batamat/detail_actu/19","2","3","20","20","","2","0.39","","16","OLDER_THAN_2_MONTHS","true","false","false","false","false","false","",""
"caces ou le passer","https://www.batamat.com/Batamat/detail_actu/19","2","3","20","20","","1.13","0.35","","22","OLDER_THAN_2_MONTHS","true","false","false","false","false","false","",""
"location nacelle ciseaux électrique","https://www.batamat.com/Batamat/detail_produit/61","2","9","70","70","","","0.04","","18","2026-07-11","true","false","false","false","false","false","",""
"nacelle 18m","https://www.batamat.com/Batamat/detail_produit/114","2","9","70","70","","0.62","0.07","","9","OLDER_THAN_2_MONTHS","","","","","","","",""
"location nacelle prix","https://www.batamat.com/Batamat/detail_produit/114","2","29","1000","1600","575","0.46","0.27","0.575","23","2026-06-18","true","false","true","false","false","false","",""
"pelleteuse a pneu","https://www.batamat.com/Batamat/sub_categorie/26","2","23","714","1000","4","0.32","0.5","0.0056","33","2026-06-28","false","false","true","false","false","false","",""
"prix location nacelle ciseaux","https://www.batamat.com/Batamat/detail_produit/61","2","5","30","30","","1.24","0.29","","20","OLDER_THAN_2_MONTHS","","","","","","","",""
"plaques de roulage location","https://www.batamat.com/Batamat/detail_produit/179","2","10","70","70","","1.84","1","","1","OLDER_THAN_2_MONTHS","","","","","","","",""
"salmat location","https://www.batamat.com/","2","16","260","260","136","6.43","0.01","0.5231","18","2026-05-31","true","false","false","false","false","false","",""
"le permis caces","https://www.batamat.com/Batamat/detail_actu/19","2","8","50","50","","3.5","0.2","","24","OLDER_THAN_2_MONTHS","true","false","false","false","false","false","",""
"passer un caces","https://www.batamat.com/Batamat/detail_actu/19","2","22","590","590","9","1.39","0.29","0.0153","10","OLDER_THAN_2_MONTHS","true","false","false","false","false","false","",""
"location helicoptere beton prix","https://www.batamat.com/Batamat/detail_produit/218","2","2","10","10","","","0","","17","OLDER_THAN_2_MONTHS","true","false","true","false","false","false","",""
"chargeuse 1000l","https://www.batamat.com/Batamat/detail_produit/36","2","7","40","40","","2.4351","0.54","","25","OLDER_THAN_2_MONTHS","","","","","","","",""
"chargeuse 700l","https://www.batamat.com/Batamat/detail_produit/34","2","7","40","40","","0.0182","0.1584","","7","OLDER_THAN_2_MONTHS","false","false","true","false","false","false","",""
"mini pelle 1.5t","https://www.batamat.com/Batamat/detail_produit/57","1","20","320","320","829","0.89","1","2.5906","23","OLDER_THAN_2_MONTHS","","","","","","","",""
"pelle à pneu","https://www.batamat.com/Batamat/sub_categorie/26","1","9","51","720","896","0.66","0.16","17.5686","19","2026-06-26","true","false","true","false","false","false","",""
"cases permis","https://www.batamat.com/Batamat/detail_actu/19","1","6","30","30","39","0.69","0.05","1.3","17","2026-07-27","","","","","","","caces permis",""
"formation permis caces","https://www.batamat.com/Batamat/detail_actu/19","1","5","21","30","","1.39","0.63","","22","OLDER_THAN_2_MONTHS","true","false","false","false","false","false","",""
"location decoupeuse thermique","https://www.batamat.com/Batamat/detail_produit/128","1","11","90","90","","0.5348","1","","27","OLDER_THAN_2_MONTHS","","","","","","","",""
"location camion nacelle tarif","https://www.batamat.com/Batamat/detail_produit/106","1","10","50","50","","0.85","0.22","","22","OLDER_THAN_2_MONTHS","true","false","false","false","false","false","",""
"cuve gnr 500 litres","https://www.batamat.com/Batamat/detail_produit/221","1","10","50","50","","0.85","1","","20","OLDER_THAN_2_MONTHS","false","false","true","true","false","false","",""
"mustang chargeuse","https://www.batamat.com/Batamat/detail_produit/28","1","7","30","30","","0.0574","0.6374","","17","OLDER_THAN_2_MONTHS","","","","","","","",""
"benne preneuse pour mini pelle","https://www.batamat.com/Batamat/detail_produit/193","1","14","140","140","","0.32","0.96","","7","OLDER_THAN_2_MONTHS","false","false","true","false","false","false","",""
"carte caces","https://www.batamat.com/Batamat/detail_actu/19","1","28","590","590","8","2.29","0.02","0.0136","1","OLDER_THAN_2_MONTHS","true","false","false","false","false","false","",""
"location nacelle ciseaux prix","https://www.batamat.com/Batamat/detail_produit/61","1","7","27","30","","1.24","0.29","","22","OLDER_THAN_2_MONTHS","true","false","false","false","false","false","",""
"nacelle ciseaux 8m","https://www.batamat.com/Batamat/detail_produit/124","1","30","590","590","458","0.6","1","0.7763","30","2026-07-26","true","false","false","false","false","false","",""
"christian matériels merville","https://www.batamat.com/Batamat/detail_produit/129","1","15","140","140","","1.7","0.06","","18","2026-06-01","true","false","false","false","false","false","",""
"bw 100","https://www.batamat.com/Batamat/detail_produit/90","1","15","140","140","308","","0.11","2.2","12","OLDER_THAN_2_MONTHS","","","","","","","",""
"21m","https://www.batamat.com/Batamat/detail_produit/110","1","8","30","30","","","0","","20","OLDER_THAN_2_MONTHS","true","false","false","false","false","false","",""
"nacelle ciseaux location","https://www.batamat.com/Batamat/detail_produit/61","1","8","30","30","","2.1913","0.6565","","23","OLDER_THAN_2_MONTHS","","","","","","","",""
"nacelle ciseau 8m","https://www.batamat.com/Batamat/detail_produit/124","1","27","480","480","179","1.25","0.81","0.3729","26","OLDER_THAN_2_MONTHS","","","","","","","",""
"location taupe pneumatique","https://www.batamat.com/Batamat/detail_produit/206","1","10","40","40","","1.0644","0.2857","","1","OLDER_THAN_2_MONTHS","","","","","","","",""
"plaque de roulage location","https://www.batamat.com/Batamat/detail_produit/179","1","11","70","70","","1.84","1","","1","OLDER_THAN_2_MONTHS","","","","","","","",""
"prix location nacelle 20m","https://www.batamat.com/Batamat/detail_produit/106","1","11","70","70","","0.69","0.27","","29","OLDER_THAN_2_MONTHS","true","false","false","false","false","false","",""
"location fourgon nacelle prix","https://www.batamat.com/Batamat/detail_produit/106","1","11","70","70","","1.06","0.26","","33","OLDER_THAN_2_MONTHS","true","false","false","false","false","false","",""
"location pince de tri","https://www.batamat.com/Batamat/detail_produit/195","1","6","20","20","","0.2818","0.1857","","24","OLDER_THAN_2_MONTHS","","","","","","","",""
"location pelle 800kg","https://www.batamat.com/Batamat/detail_produit/56","1","6","20","20","","0.47","0.35","","18","OLDER_THAN_2_MONTHS","","","","","","","",""
"salmat nord","https://www.batamat.com/","1","22","320","320","126","","0","0.3938","17","2026-06-15","true","false","false","false","false","false","",""
"compacteur bomag bw 100","https://www.batamat.com/Batamat/detail_produit/90","1","9","30","30","","0.255","0.3308","","1","OLDER_THAN_2_MONTHS","","","","","","","",""
"location nacelle ciseaux 12m prix","https://www.batamat.com/Batamat/detail_produit/61","1","9","30","30","2","0.51","0.3","0.0667","20","OLDER_THAN_2_MONTHS","","","","","","","",""
"christian matériels merville","https://www.batamat.com/Batamat/contact","1","17","140","140","","1.7","0.06","","18","2026-06-01","true","false","false","false","false","false","",""
"mini pelle 1.5 t","https://www.batamat.com/Batamat/detail_produit/57","1","23","320","320","484","0.89","1","1.5125","22","OLDER_THAN_2_MONTHS","","","","","","","",""
"pelle a pneu","https://www.batamat.com/Batamat/sub_categorie/26","1","12","71","1000","974","0.4","0.22","13.7183","21","2026-06-29","false","false","true","false","false","false","",""
"marteau piqueur chantier","https://www.batamat.com/Batamat/detail_actu/28","1","12","70","70","","1.11","1","","26","2026-06-28","true","false","false","false","false","false","",""
"comment avoir le caces","https://www.batamat.com/Batamat/detail_actu/19","1","2","5","50","","1.17","0.52","","24","OLDER_THAN_2_MONTHS","true","false","false","false","false","false","",""
"meilleur marteau piqueur professionnel","https://www.batamat.com/Batamat/detail_actu/28","1","4","10","10","2","0.35","1","0.2","19","OLDER_THAN_2_MONTHS","","","","","","","",""
"tarif location mini pelle 800kg","https://www.batamat.com/Batamat/detail_produit/56","1","4","10","10","","1.0876","0.2967","","19","OLDER_THAN_2_MONTHS","","","","","","","",""
"location compresseur thermique","https://www.batamat.com/Batamat/detail_produit/97","1","10","30","30","","0.2438","1","","18","OLDER_THAN_2_MONTHS","","","","","","","",""
"location bétonnière 1000l","https://www.batamat.com/Batamat/detail_produit/219","1","16","110","110","","0.54","0.53","","19","OLDER_THAN_2_MONTHS","false","false","true","false","false","false","",""
"nacelles à ciseaux","https://www.batamat.com/Batamat/detail_produit/61","1","25","314","4400","243000","0.57","1","773.8854","26","2026-07-04","","","","","","","",""
"lisseuse electrique","https://www.batamat.com/Batamat/detail_produit/218","1","22","260","260","5","0.39","1","0.0192","13","2026-06-15","false","false","true","false","false","false","",""
"pelle sur pneus","https://www.batamat.com/Batamat/sub_categorie/26","1","13","71","720","60200","2.27","0.2","847.8873","21","2026-06-16","false","false","true","false","false","false","",""
"location nacelle lille","https://www.batamat.com/Batamat/detail_produit/102","1","11","50","50","","0.45","0.4","","16","2026-07-26","true","false","false","false","true","false","",""
"location pelle 14t","https://www.batamat.com/Batamat/detail_produit/83","1","8","20","20","","0.86","0.3","","22","OLDER_THAN_2_MONTHS","true","false","false","false","false","false","",""
"pince de tri","https://www.batamat.com/Batamat/detail_produit/195","1","27","320","320","2580","2.11","1","8.0625","26","OLDER_THAN_2_MONTHS","true","false","true","false","false","false","",""
"christian matériels merville","https://www.batamat.com/Batamat/detail_produit/160","1","20","140","140","","1.7","0.06","","18","2026-06-01","true","false","false","false","false","false","",""
"prix location camion nacelle 20 m","https://www.batamat.com/Batamat/detail_produit/106","1","5","10","10","1","0.35","0.18","0.1","22","OLDER_THAN_2_MONTHS","true","false","false","false","false","false","",""
"prix location mini pelle 800 kg","https://www.batamat.com/Batamat/detail_produit/56","1","5","10","10","","1.7436","0.1","","20","OLDER_THAN_2_MONTHS","","","","","","","",""
"location nacelle valenciennes","https://www.batamat.com/Batamat/detail_produit/129","1","9","20","20","","1.56","0.46","","17","2026-07-26","true","false","false","false","true","false","",""
"nacelle location prix","https://www.batamat.com/Batamat/detail_produit/114","1","22","200","2400","","0.53","0.3","","29","2026-07-05","true","false","true","false","false","false","",""
"philmat seclin","https://www.batamat.com/","1","19","110","110","","","","","1","2026-06-06","true","false","false","false","false","false","",""
"location téléscopique","https://www.batamat.com/Batamat/detail_produit/62","1","38","1000","1000","417","1.35","0.28","0.417","27","2026-06-28","","","","","","","",""
"ponceuse surfaceuse","https://www.batamat.com/Batamat/detail_produit/196","1","21","170","170","","0.44","1","","35","2026-06-05","true","false","false","false","false","false","",""
"mini pelle 800 kgs","https://www.batamat.com/Batamat/detail_produit/56","1","13","50","50","2","0.35","1","0.04","21","OLDER_THAN_2_MONTHS","true","false","true","true","false","false","",""
"location nacelle à ciseaux","https://www.batamat.com/Batamat/detail_produit/61","1","6","10","10","","1.4497","0.6786","","23","OLDER_THAN_2_MONTHS","","","","","","","",""
"location mini pelle lille","https://www.batamat.com/Batamat/detail_produit/76","1","6","10","10","","1.31","0.19","","1","OLDER_THAN_2_MONTHS","false","false","true","false","false","false","",""
"location découpeuse thermique","https://www.batamat.com/Batamat/detail_produit/128","1","15","64","70","","0.53","0.93","","23","OLDER_THAN_2_MONTHS","false","false","true","true","false","false","",""
"météo agricole vimy","https://www.batamat.com/","1","26","210","210","","","0","","51","2026-06-07","true","false","false","false","true","false","",""
"nacelle a bras","https://www.batamat.com/Batamat/detail_produit/116","1","19","90","90","","3.8","0.3","","27","OLDER_THAN_2_MONTHS","true","false","false","false","false","false","",""
"location btp","https://www.batamat.com/","1","37","842","1300","13500","1.65","0.03","16.0333","27","2026-06-20","false","false","false","false","true","false","",""
"plaques de roulage","https://www.batamat.com/Batamat/detail_produit/179","1","44","1900","1900","863","2.08","1","0.4542","25","2026-06-18","","","","","","","",""
"pelle à pneu 6 tonnes","https://www.batamat.com/Batamat/sub_categorie/26","1","14","50","50","","","0.75","","23","2026-07-25","true","false","true","false","false","false","",""
"mini pelle à chenille","https://www.batamat.com/Batamat/sub_categorie/22","1","14","50","50","","1.07","1","","18","OLDER_THAN_2_MONTHS","","","","","","","",""
"compacteur monocylindre","https://www.batamat.com/Batamat/detail_produit/93","1","14","50","50","","0.02","0.1","","32","OLDER_THAN_2_MONTHS","false","false","false","true","false","false","",""
"pied de mouton compacteur","https://www.batamat.com/Batamat/detail_produit/94","1","27","200","170","","","0.59","","13","2026-06-10","","","","","","","",""
"surfaceuse","https://www.batamat.com/Batamat/detail_produit/196","1","37","800","880","2290","0.56","1","2.8625","30","2026-06-17","true","false","true","false","false","false","",""
"location brh mini pelle","https://www.batamat.com/Batamat/detail_produit/88","1","17","70","70","","0.44","0.2","","21","OLDER_THAN_2_MONTHS","true","false","false","false","false","false","",""
"nacelle a ciseau","https://www.batamat.com/Batamat/detail_produit/61","1","17","70","70","","0.1263","1","","25","OLDER_THAN_2_MONTHS","","","","","","","",""
"tarif location nacelle 15m","https://www.batamat.com/Batamat/detail_produit/99","1","17","70","70","","1.2","0.25","","30","OLDER_THAN_2_MONTHS","","","","","","","",""
"plaque de roulage 5t","https://www.batamat.com/Batamat/detail_produit/179","1","11","30","30","","2.419","1","","10","2026-07-22","","","","","","","",""
"nacelle ciseau location","https://www.batamat.com/Batamat/detail_produit/61","1","11","30","30","","2.1913","0.6565","","31","2026-07-09","true","false","false","false","false","false","",""
"location nacelle arras","https://www.batamat.com/Batamat/detail_produit/230","1","11","30","30","","1.694","0.312","","1","OLDER_THAN_2_MONTHS","true","false","false","false","true","false","",""
"nacelle prix location","https://www.batamat.com/Batamat/detail_produit/114","1","47","2000","2400","455","0.53","0.3","0.2275","30","2026-07-02","true","false","true","false","false","false","",""
"location de marteau piqueur","https://www.batamat.com/Batamat/detail_produit/209","1","20","90","90","","","0.95","","27","OLDER_THAN_2_MONTHS","true","false","true","false","false","false","",""
"location micro pelle 800kg","https://www.batamat.com/Batamat/detail_produit/56","1","7","10","10","6","0.61","0.35","0.6","20","OLDER_THAN_2_MONTHS","","","","","","","",""
"prix location camion nacelle 10m","https://www.batamat.com/Batamat/detail_produit/104","1","13","40","40","","0.85","0.26","","8","OLDER_THAN_2_MONTHS","true","false","false","false","false","false","",""
"la courte echelle bethune","https://www.batamat.com/","1","22","140","140","","","","","8","OLDER_THAN_2_MONTHS","true","false","false","false","true","false","",""
"nacelle articulee electrique","https://www.batamat.com/Batamat/detail_produit/100","1","22","140","140","","1.79","0.84","","26","OLDER_THAN_2_MONTHS","","","","","","","",""
"location mini pelle brh","https://www.batamat.com/Batamat/detail_produit/88","1","18","70","70","","0.44","0.2","","21","OLDER_THAN_2_MONTHS","true","false","false","false","false","false","",""
"chariot telescopique 6m","https://www.batamat.com/Batamat/detail_produit/62","1","18","70","70","","1.46","1","","24","OLDER_THAN_2_MONTHS","","","","","","","",""
"christian matériels merville","https://www.batamat.com/Batamat/detail_produit/60","1","23","140","140","","1.7","0.06","","18","2026-06-01","true","false","false","false","false","false","",""
"passer son caces","https://www.batamat.com/Batamat/detail_actu/19","1","27","170","170","","1.41","0.33","","24","OLDER_THAN_2_MONTHS","true","false","false","false","false","false","",""
"a mat","https://www.batamat.com/Batamat/sub_categorie/15","1","19","70","70","","","0","","22","OLDER_THAN_2_MONTHS","","","","","","","",""
"location materiel lille","https://www.batamat.com/","1","12","30","30","10","0.2923","0.06","0.3333","13","OLDER_THAN_2_MONTHS","true","false","false","false","true","false","",""
"quel marteau piqueur choisir","https://www.batamat.com/Batamat/detail_actu/28","1","12","30","30","","0.2207","1","","25","OLDER_THAN_2_MONTHS","","","","","","","",""
"location groupe electrogene 20 kva","https://www.batamat.com/Batamat/detail_produit/176","1","14","40","40","","2.1584","1","","14","OLDER_THAN_2_MONTHS","true","false","false","false","false","false","",""
"prix camion nacelle 20m","https://www.batamat.com/Batamat/detail_produit/106","1","14","40","40","","0.64","0.22","","33","OLDER_THAN_2_MONTHS","","","","","","","",""
"pelle a pneus volvo","https://www.batamat.com/Batamat/sub_categorie/26","1","28","170","170","","0.53","0.3","","1","2026-06-12","false","false","true","false","false","false","",""
"prix camion nacelle location","https://www.batamat.com/Batamat/detail_produit/104","1","8","10","10","","0.67","0.21","","20","OLDER_THAN_2_MONTHS","","","","","","","",""
"les permis caces","https://www.batamat.com/Batamat/detail_actu/19","1","16","50","50","","3.5","0.2","","29","OLDER_THAN_2_MONTHS","true","false","false","false","false","false","",""
"pelle a pneu volvo","https://www.batamat.com/Batamat/sub_categorie/26","1","29","170","170","","0.74","0.38","","28","2026-06-06","false","false","true","false","false","false","",""
"location dumper prix","https://www.batamat.com/Batamat/detail_produit/52","1","29","170","170","10","0.45","0.7","0.0588","27","OLDER_THAN_2_MONTHS","true","false","false","false","false","false","",""
"christian matériels merville","https://www.batamat.com/Batamat/detail_produit/168","1","25","140","140","","1.7","0.06","","18","2026-06-01","true","false","false","false","false","false","",""
"location brh","https://www.batamat.com/Batamat/detail_produit/88","1","25","140","140","","0.92","0.17","","23","OLDER_THAN_2_MONTHS","","","","","","","",""
"pince pelle","https://www.batamat.com/Batamat/detail_produit/195","1","20","70","70","","3","1","","29","OLDER_THAN_2_MONTHS","true","false","true","true","false","false","",""
"pieces detachees pour compresseur atlas copco pdf","https://www.batamat.com/assets/pdf/3836.pdf","1","20","70","70","","2.042","0.5946","","14","OLDER_THAN_2_MONTHS","","","","","","","",""
"camion nacelle 20m","https://www.batamat.com/Batamat/detail_produit/106","1","30","170","170","","0.15","0.11","","27","2026-06-16","true","false","false","false","false","false","",""
"bw100","https://www.batamat.com/Batamat/detail_produit/90","1","30","170","170","","0.18","0.19","","20","2026-06-02","","","","","","","",""
"pelle avec pince","https://www.batamat.com/Batamat/detail_produit/195","1","17","50","50","","","0.59","","29","OLDER_THAN_2_MONTHS","","","","","","","",""
"christian matériels merville","https://www.batamat.com/Batamat/detail_produit/83","1","27","140","140","","1.7","0.06","","18","2026-06-01","true","false","false","false","false","false","",""
"location marteau demolition","https://www.batamat.com/Batamat/detail_produit/209","1","9","10","10","","","1","","24","OLDER_THAN_2_MONTHS","true","false","true","false","false","false","",""
"christian matériels merville","https://www.batamat.com/Batamat/detail_produit/59","1","28","140","140","","1.7","0.06","","18","2026-06-01","true","false","false","false","false","false","",""
"comment savoir si on a le caces","https://www.batamat.com/Batamat/detail_actu/19","1","11","20","20","","","0.04","","7","OLDER_THAN_2_MONTHS","true","false","false","false","false","false","",""
"location micro-pelle prix","https://www.batamat.com/Batamat/detail_produit/56","1","11","20","20","3","0.64","0.21","0.15","27","OLDER_THAN_2_MONTHS","","","","","","","",""
"mini pelle 1.5t fiche technique","https://www.batamat.com/Batamat/detail_produit/57","1","11","20","20","","","0.0476","","22","OLDER_THAN_2_MONTHS","","","","","","","",""
"mini pelle 700 kg","https://www.batamat.com/Batamat/detail_produit/56","1","16","40","40","","0.8","1","","5","OLDER_THAN_2_MONTHS","","","","","","","",""
"pince enrochement mini pelle","https://www.batamat.com/Batamat/detail_produit/195","1","16","40","40","","1.22","1","","32","OLDER_THAN_2_MONTHS","","","","","","","",""
"location marteau piqueur électrique","https://www.batamat.com/Batamat/detail_produit/209","1","25","110","110","","","1","","32","2026-05-29","true","false","true","false","false","false","",""
"location nacelle 12m prix","https://www.batamat.com/Batamat/detail_produit/102","1","10","10","10","2","0.84","0.45","0.2","22","OLDER_THAN_2_MONTHS","true","false","true","false","false","false","",""
"location mini pelle lille","https://www.batamat.com/Batamat/detail_produit/56","1","10","10","10","","1.31","0.19","","1","OLDER_THAN_2_MONTHS","false","false","true","false","false","false","",""
"haut de france materiaux","https://www.batamat.com/","1","19","50","50","","","0","","1","OLDER_THAN_2_MONTHS","true","false","false","false","false","false","",""
"louer betonniere","https://www.batamat.com/Batamat/detail_produit/219","1","24","100","110","","0.49","0.77","","7","2026-06-04","true","false","true","false","false","false","",""
"nacelle ciseaux 6m","https://www.batamat.com/Batamat/detail_produit/61","1","6","5","170","","0.82","1","","17","2026-07-27","true","false","false","false","false","false","",""
"location nacelle ciseau prix","https://www.batamat.com/Batamat/detail_produit/61","1","6","5","30","2","1.24","0.29","0.4","22","OLDER_THAN_2_MONTHS","true","false","false","false","false","false","location nacelle ciseaux prix",""
"location petite mini pelle","https://www.batamat.com/Batamat/detail_produit/56","1","6","5","30","5","0.55","0.5","1","18","OLDER_THAN_2_MONTHS","true","false","true","true","false","false","",""
"bomag bw100","https://www.batamat.com/Batamat/detail_produit/90","1","17","40","40","","","0.06","","10","OLDER_THAN_2_MONTHS","","","","","","","",""
"fiche technique compresseur atlas copco xas 30","https://www.batamat.com/assets/pdf/3836.pdf","1","12","20","20","","0.3062","0.0173","","1","OLDER_THAN_2_MONTHS","true","false","false","false","false","false","",""
"location scie thermique","https://www.batamat.com/Batamat/detail_produit/128","1","12","20","20","","","1","","26","OLDER_THAN_2_MONTHS","","","","","","","",""
"location mini pelle avec brh","https://www.batamat.com/Batamat/detail_produit/88","1","20","50","50","","0.87","0.23","","21","OLDER_THAN_2_MONTHS","true","false","false","false","false","false","",""
"chariot rotatif 21m","https://www.batamat.com/Batamat/detail_produit/110","1","20","50","50","","0.8775","0.4156","","29","OLDER_THAN_2_MONTHS","","","","","","","",""
"manitou télescopique 18m","https://www.batamat.com/Batamat/detail_produit/109","1","20","50","50","","0.96","0.53","","25","OLDER_THAN_2_MONTHS","","","","","","","",""
"mini pelle yanmar 800 kg prix","https://www.batamat.com/Batamat/detail_produit/56","1","20","50","50","","0.46","0.58","","35","OLDER_THAN_2_MONTHS","","","","","","","",""
"nacelle ciseau 12m","https://www.batamat.com/Batamat/detail_produit/121","1","35","390","390","59","1.75","0.77","0.1513","29","2026-06-06","true","false","false","false","false","false","",""
"pince enrochement","https://www.batamat.com/Batamat/detail_produit/195","1","29","110","110","","1.34","1","","9","2026-06-15","true","false","true","false","false","false","",""
"volvo ecr 58","https://www.batamat.com/assets/pdf/3149.pdf","1","29","110","110","","0.96","0.18","","18","2026-06-13","","","","","","","",""
"dumper 3 tonnes","https://www.batamat.com/Batamat/detail_produit/54","1","25","90","90","","","0.84","","21","OLDER_THAN_2_MONTHS","","","","","","","",""
"location surfaceuse","https://www.batamat.com/Batamat/detail_produit/196","1","25","90","90","","0.75","0.92","","36","OLDER_THAN_2_MONTHS","","","","","","","",""
"document caces","https://www.batamat.com/Batamat/detail_actu/19","1","21","70","70","","2.44","0.03","","27","OLDER_THAN_2_MONTHS","true","false","false","false","false","false","",""
"benne preneuse pelle","https://www.batamat.com/Batamat/detail_produit/193","1","30","110","110","","0.05","0.41","","30","2026-06-12","true","false","false","false","false","false","",""
"manitou 1840","https://www.batamat.com/assets/pdf/3221.pdf","1","30","110","110","","0.27","0.21","","17","OLDER_THAN_2_MONTHS","false","false","true","false","false","false","",""
"nacelles articulées","https://www.batamat.com/Batamat/detail_produit/114","1","48","1000","1000","2","1.49","0.19","0.002","24","2026-06-16","true","false","false","false","false","false","",""
"location camion nacelle 10m","https://www.batamat.com/Batamat/detail_produit/129","1","27","90","90","","1.33","0.21","","7","OLDER_THAN_2_MONTHS","true","false","false","false","false","false","",""
"pelle 4t","https://www.batamat.com/Batamat/sub_categorie/22","1","27","90","90","","0.4297","0.9001","","17","OLDER_THAN_2_MONTHS","","","","","","","",""
"location materiels btp","https://www.batamat.com/","1","26","84","1300","151","2.15","0.08","1.7976","9","2026-07-07","false","false","false","false","true","false","",""
"minipelle 1.5t","https://www.batamat.com/Batamat/detail_produit/57","1","35","320","320","","0.89","1","","20","OLDER_THAN_2_MONTHS","","","","","","","",""
"mini pelle 1t5","https://www.batamat.com/Batamat/detail_produit/57","1","34","300","590","260","0.39","1","0.8667","20","2026-06-16","false","false","true","false","false","false","",""
"louer un marteau piqueur","https://www.batamat.com/Batamat/detail_produit/209","1","31","260","260","","0.34","0.93","","7","2026-06-06","true","false","true","false","false","false","",""
"location mini-pelle brh","https://www.batamat.com/Batamat/detail_produit/88","1","24","70","70","","0.44","0.2","","25","OLDER_THAN_2_MONTHS","true","false","false","false","false","false","",""
"ou passer son caces","https://www.batamat.com/Batamat/detail_actu/19","1","8","5","70","","1.64","0.63","","23","OLDER_THAN_2_MONTHS","true","false","false","false","false","false","",""
"location manitou tarif","https://www.batamat.com/Batamat/detail_produit/62","1","37","320","320","","0.8","0.25","","26","2026-06-13","true","false","false","false","false","false","",""
"isermat vif","https://www.batamat.com/","1","33","260","260","","","0","","30","OLDER_THAN_2_MONTHS","","","","","","","",""
"manitou mt 1840 fiche technique","https://www.batamat.com/assets/pdf/3221.pdf","1","18","30","30","","","0.0286","","17","OLDER_THAN_2_MONTHS","","","","","","","",""
"location groupe électrogène 20 kva","https://www.batamat.com/Batamat/detail_produit/176","1","18","30","30","","2.08","1","","15","OLDER_THAN_2_MONTHS","","","","","","","",""
"pièces détachées pour compresseur atlas copco pdf","https://www.batamat.com/assets/pdf/3836.pdf","1","25","70","70","","2.042","0.5946","","14","OLDER_THAN_2_MONTHS","","","","","","","",""
"chargeuse mustang","https://www.batamat.com/Batamat/detail_produit/28","1","25","70","70","","0.1333","0.3634","","15","OLDER_THAN_2_MONTHS","","","","","","","",""
"location matériels btp","https://www.batamat.com/","1","29","84","1300","690","2.15","0.08","8.2143","28","2026-07-01","false","false","false","false","true","false","",""
"myben","https://www.batamat.com/Batamat/detail_actu/41","1","34","260","260","4060","","","15.6154","8","2026-06-08","true","false","false","false","false","false","",""
"tarif location nacelle 15m","https://www.batamat.com/Batamat/detail_produit/102","1","26","70","70","","1.2","0.25","","30","OLDER_THAN_2_MONTHS","","","","","","","",""
"mustang chargeur","https://www.batamat.com/Batamat/detail_produit/28","1","15","20","20","","0.02","0.37","","18","2026-07-25","true","false","false","false","false","false","",""
"dumper location prix","https://www.batamat.com/Batamat/detail_produit/52","1","19","30","30","","0.61","0.66","","18","OLDER_THAN_2_MONTHS","","","","","","","",""
"nacelles à louer","https://www.batamat.com/Batamat/detail_produit/100","1","20","32","590","94","1.07","0.35","2.9375","27","OLDER_THAN_2_MONTHS","","","","","","","",""
"telescopique location","https://www.batamat.com/Batamat/detail_produit/62","1","27","70","70","","1.45","0.26","","30","2026-07-18","true","false","false","false","false","false","",""
"stockbat location","https://www.batamat.com/","1","27","70","70","","","0","","17","OLDER_THAN_2_MONTHS","true","false","false","false","false","false","",""
"location disqueuse","https://www.batamat.com/Batamat/detail_produit/128","1","36","260","260","224","0.43","0.99","0.8615","18","2026-06-14","true","false","true","false","false","false","",""
"camion nacelle 16m","https://www.batamat.com/Batamat/detail_produit/104","1","28","70","70","","1.61","0.02","","20","OLDER_THAN_2_MONTHS","true","false","false","false","false","false","",""
"prix location nacelle 18m","https://www.batamat.com/Batamat/detail_produit/114","1","11","10","10","","0.7564","0.07","","30","OLDER_THAN_2_MONTHS","true","false","false","false","false","false","",""
"location mini pelle petite largeur","https://www.batamat.com/Batamat/detail_produit/56","1","11","10","10","","1.41","0.17","","29","OLDER_THAN_2_MONTHS","true","false","true","false","false","false","",""
"marteau hydraulique pour mini pelle","https://www.batamat.com/Batamat/detail_produit/88","1","11","10","10","","0.22","0.91","","21","OLDER_THAN_2_MONTHS","","","","","","","",""
"prix d'une nacelle en location","https://www.batamat.com/Batamat/detail_produit/114","1","31","200","2400","1","0.53","0.3","0.005","23","2026-07-05","true","false","true","false","false","false","",""
"location nacelle arras","https://www.batamat.com/Batamat/detail_produit/229","1","20","30","30","","1.694","0.312","","1","OLDER_THAN_2_MONTHS","true","false","false","false","true","false","",""
"chariot télescopique 6m","https://www.batamat.com/Batamat/detail_produit/62","1","29","70","70","","1.46","1","","24","OLDER_THAN_2_MONTHS","","","","","","","",""
"nacelle 26m","https://www.batamat.com/Batamat/detail_produit/118","1","29","70","70","","0.06","0.16","","32","OLDER_THAN_2_MONTHS","","","","","","","",""
"mouton diesel","https://www.batamat.com/Batamat/detail_produit/94","1","16","20","20","","","0.03","","1","OLDER_THAN_2_MONTHS","true","false","false","false","false","false","",""
"location nacelle ciseaux 12m","https://www.batamat.com/Batamat/detail_produit/61","1","16","20","20","","2.5071","0.6134","","29","OLDER_THAN_2_MONTHS","","","","","","","",""
"location pilonneuse prix","https://www.batamat.com/Batamat/detail_produit/63","1","16","20","20","","0.22","0.32","","25","OLDER_THAN_2_MONTHS","","","","","","","",""
"caces permis de conduire obligatoire","https://www.batamat.com/Batamat/detail_actu/19","1","23","50","50","","","0.02","","27","OLDER_THAN_2_MONTHS","true","false","false","false","false","false","",""
"location ponceuse surfaceuse","https://www.batamat.com/Batamat/detail_produit/196","1","30","70","70","","0.64","0.85","","33","OLDER_THAN_2_MONTHS","true","false","false","false","false","false","",""
"nacelle à bras","https://www.batamat.com/Batamat/detail_produit/116","1","24","50","50","","1.45","0.83","","31","OLDER_THAN_2_MONTHS","","","","","","","",""
"mini nacelle location","https://www.batamat.com/Batamat/detail_produit/102","1","17","20","20","","0.6842","0.6466","","31","OLDER_THAN_2_MONTHS","","","","","","","",""
"formation professionnelle caces","https://www.batamat.com/Batamat/detail_actu/19","1","12","10","10","","0.9624","0.29","","26","OLDER_THAN_2_MONTHS","true","false","false","false","true","false","",""
"location mini pelle 2.5t","https://www.batamat.com/Batamat/detail_produit/59","1","23","45","50","","1.18","0.32","","20","OLDER_THAN_2_MONTHS","","","","","","","",""
"nacelle 40 mètres","https://www.batamat.com/Batamat/detail_produit/119","1","36","210","210","40","0.86","0.14","0.1905","28","2026-06-13","","","","","","","",""
"le caces","https://www.batamat.com/Batamat/detail_actu/19","1","44","492","590","3030","1.85","0.09","6.1585","29","OLDER_THAN_2_MONTHS","true","false","false","false","false","false","",""
"mini pelle 800 kg prix","https://www.batamat.com/Batamat/detail_produit/56","1","26","50","50","","0.3875","0.994","","28","OLDER_THAN_2_MONTHS","","","","","","","",""
"comment fonctionne une mini pelle","https://www.batamat.com/Batamat/detail_actu/17","1","18","20","20","","","","","16","OLDER_THAN_2_MONTHS","true","false","false","false","false","false","",""
"caces sans permis de conduire","https://www.batamat.com/Batamat/detail_actu/19","1","18","20","20","","2.4446","0.1805","","1","OLDER_THAN_2_MONTHS","","","","","","","",""
"hauteur camion nacelle","https://www.batamat.com/Batamat/detail_produit/106","1","18","20","20","","","0.0952","","28","OLDER_THAN_2_MONTHS","","","","","","","",""
"balayeuse sur godet","https://www.batamat.com/Batamat/detail_produit/51","1","18","20","20","","0.2549","1","","11","OLDER_THAN_2_MONTHS","true","false","false","false","false","false","",""
"mini chargeur mustang","https://www.batamat.com/Batamat/detail_produit/28","1","18","20","20","","","0.4683","","24","OLDER_THAN_2_MONTHS","","","","","","","",""
"bomag bw 120","https://www.batamat.com/Batamat/detail_produit/91","1","27","50","50","","","0.08","","10","OLDER_THAN_2_MONTHS","","","","","","","",""
"nacelle 12 m","https://www.batamat.com/Batamat/detail_produit/102","1","28","50","50","","1.21","0.49","","27","OLDER_THAN_2_MONTHS","","","","","","","",""
"location nacelle electrique","https://www.batamat.com/Batamat/detail_produit/102","1","28","50","50","","2.12","0.96","","31","OLDER_THAN_2_MONTHS","","","","","","","",""
"nacelle 40m loxam","https://www.batamat.com/Batamat/detail_produit/119","1","28","50","50","","","0.05","","19","OLDER_THAN_2_MONTHS","","","","","","","",""
"mini pelle 1t5 dimension","https://www.batamat.com/Batamat/detail_produit/57","1","19","20","20","","0.2765","0.6857","","21","OLDER_THAN_2_MONTHS","false","false","false","true","false","false","",""
"nacelle ciseaux 12m","https://www.batamat.com/Batamat/detail_produit/121","1","42","390","390","459","1.48","1","1.1769","31","2026-07-26","true","true","false","false","false","false","",""
"rigoureuse synonyme","https://www.batamat.com/Batamat/actu","1","48","491","5400","4","","0","0.0081","61","OLDER_THAN_2_MONTHS","true","false","false","false","false","false","",""
"nacelle articulée electrique","https://www.batamat.com/Batamat/detail_produit/100","1","29","50","50","","0.3944","0.575","","10","OLDER_THAN_2_MONTHS","","","","","","","",""
"dumper 1t5","https://www.batamat.com/Batamat/detail_produit/53","1","29","50","50","","0.2485","1","","23","OLDER_THAN_2_MONTHS","true","false","false","false","false","false","",""
"location nacelle valenciennes","https://www.batamat.com/Batamat/detail_produit/104","1","20","20","20","","1.56","0.46","","17","2026-07-26","true","false","false","false","true","false","",""
"nacelle articulée 26m","https://www.batamat.com/Batamat/detail_produit/118","1","30","50","50","","0.25","0.12","","7","2026-07-26","true","false","false","false","false","false","",""
"location découpeuse","https://www.batamat.com/Batamat/detail_produit/128","1","20","20","20","","","0.67","","33","2026-07-17","false","false","true","false","false","false","",""
"christian matériels merville","https://www.batamat.com/Batamat/detail_produit/176","1","32","140","140","","1.7","0.06","","18","2026-06-01","true","false","false","false","false","false","",""
"mini pelle sur chenilles","https://www.batamat.com/Batamat/detail_produit/56","1","30","50","50","","1.7","1","","31","OLDER_THAN_2_MONTHS","","","","","","","",""
"pince d'enrochement","https://www.batamat.com/Batamat/detail_produit/195","1","26","40","40","","0.8334","0.9675","","26","OLDER_THAN_2_MONTHS","false","false","true","false","false","false","",""
"carottage electrique","https://www.batamat.com/Batamat/detail_produit/226","1","33","140","140","","0.63","1","","27","2026-06-15","","","","","","","",""
"marteau electrique","https://www.batamat.com/Batamat/detail_actu/28","1","22","32","390","710","0.21","1","22.1875","31","2026-06-12","true","false","true","false","false","false","",""
"pelle 800 tonnes","https://www.batamat.com/Batamat/detail_produit/56","1","33","140","140","","","0.14","","1","OLDER_THAN_2_MONTHS","true","false","false","false","false","false","",""
"location longue durée mini pelle","https://www.batamat.com/Batamat/detail_produit/60","1","21","30","30","","1.0865","0.8071","","13","OLDER_THAN_2_MONTHS","","","","","","","",""
"compresseur chantier atlas copco","https://www.batamat.com/Batamat/detail_produit/204","1","14","10","10","","1.5076","1","","5","OLDER_THAN_2_MONTHS","false","false","true","false","false","false","",""
"réussie synonyme","https://www.batamat.com/Batamat/detail_actu/47","1","55","880","880","10","","0","0.0114","50","2026-06-28","true","false","false","false","false","false","",""
"compacteur pied de mouton","https://www.batamat.com/Batamat/detail_produit/96","1","48","390","390","517","0.11","0.16","1.3256","1","OLDER_THAN_2_MONTHS","true","false","true","false","false","false","",""
"pilonneuse prix","https://www.batamat.com/Batamat/detail_produit/63","1","29","40","40","","0.7071","1","","36","OLDER_THAN_2_MONTHS","false","false","true","false","false","false","",""
"pince pour pelle","https://www.batamat.com/Batamat/detail_produit/195","1","29","40","40","","0.37","1","","25","OLDER_THAN_2_MONTHS","","","","","","","",""
"permis caces","https://www.batamat.com/Batamat/detail_actu/19","1","45","327","3600","620","1.72","0.17","1.896","39","2026-07-05","true","false","false","false","false","false","",""
"groupe vivier","https://www.batamat.com/Batamat/pages/7","1","25","30","30","","","0","","20","OLDER_THAN_2_MONTHS","true","false","false","false","true","false","",""
"location mini pelle lille","https://www.batamat.com/Batamat/detail_produit/81","1","16","10","10","","1.31","0.19","","1","OLDER_THAN_2_MONTHS","false","false","true","false","false","false","",""
"brh mini pelle location","https://www.batamat.com/Batamat/detail_produit/88","1","16","10","10","","0.8358","0.2041","","25","OLDER_THAN_2_MONTHS","","","","","","","",""
"pince hydraulique location","https://www.batamat.com/Batamat/detail_produit/195","1","16","10","10","","","1","","12","OLDER_THAN_2_MONTHS","","","","","","","",""
"location betonniere prix","https://www.batamat.com/Batamat/detail_produit/219","1","38","131","170","4","0.24","0.14","0.0305","24","2026-06-09","true","false","true","false","false","false","",""
"marteau piqueur électrique location","https://www.batamat.com/Batamat/detail_produit/209","1","22","24","260","","0.14","0.97","","32","OLDER_THAN_2_MONTHS","true","false","true","false","false","false","",""
"potence treuil manitou","https://www.batamat.com/Batamat/detail_produit/224","1","26","30","30","","","1","","19","OLDER_THAN_2_MONTHS","","","","","","","",""
"belomat","https://www.batamat.com/Batamat/sub_categorie/38","1","42","260","260","","","0","","1","2026-06-09","true","false","false","false","false","false","",""
"carottage électrique","https://www.batamat.com/Batamat/sub_categorie/5","1","35","110","110","","0.5838","1","","28","OLDER_THAN_2_MONTHS","true","false","false","false","false","false","",""
"volvo ecr58","https://www.batamat.com/assets/pdf/3149.pdf","1","35","110","110","","0.63","0.17","","1","OLDER_THAN_2_MONTHS","","","","","","","",""
"nacelle electrique 15m","https://www.batamat.com/Batamat/detail_produit/99","1","27","30","30","","0.7","0.967","","28","OLDER_THAN_2_MONTHS","","","","","","","",""
"plaque vibrante 80kg","https://www.batamat.com/Batamat/detail_produit/161","1","36","110","110","","1.73","1","","7","2026-06-04","","","","","","","",""
"compacteur monobille","https://www.batamat.com/Batamat/detail_produit/93","1","28","30","30","","0.0348","0.6299","","18","OLDER_THAN_2_MONTHS","","","","","","","",""
"location matériel btp","https://www.batamat.com/","1","34","100","1300","6100","0.76","0.09","61","29","2026-06-01","","","","","","","",""
"location mini pelle avec pince de tri","https://www.batamat.com/Batamat/detail_produit/195","1","17","10","10","","0.4415","0.3393","","8","OLDER_THAN_2_MONTHS","","","","","","","",""
"mini micro pelle","https://www.batamat.com/Batamat/detail_produit/56","1","17","10","10","","0.68","1","","26","OLDER_THAN_2_MONTHS","","","","","","","",""
"chariot telescopique 7m","https://www.batamat.com/Batamat/detail_produit/64","1","21","20","20","","1.89","1","","27","OLDER_THAN_2_MONTHS","true","false","false","false","false","false","",""
"location minipelle 2.5t","https://www.batamat.com/Batamat/detail_produit/59","1","12","5","50","","1.18","0.32","","20","OLDER_THAN_2_MONTHS","true","false","false","false","false","false","",""
"bulle engin","https://www.batamat.com/Batamat/detail_produit/52","1","37","110","110","","","0.16","","24","OLDER_THAN_2_MONTHS","","","","","","","",""
"location nacelle 16m prix","https://www.batamat.com/Batamat/detail_produit/100","1","22","20","20","3","0.75","0.3","0.15","32","OLDER_THAN_2_MONTHS","true","false","false","false","false","false","",""
"compacteur 120","https://www.batamat.com/Batamat/detail_produit/91","1","30","30","30","","0.2906","0.6729","","25","OLDER_THAN_2_MONTHS","","","","","","","",""
"location betonniere thermique","https://www.batamat.com/Batamat/detail_produit/219","1","39","110","110","","0.74","0.86","","25","2026-06-08","true","false","true","false","false","false","",""
"passer son permis caces","https://www.batamat.com/Batamat/detail_actu/19","1","19","10","10","","0.639","0.4082","","33","OLDER_THAN_2_MONTHS","","","","","","","",""
"mini pelle komatsu 1.5 t","https://www.batamat.com/Batamat/detail_produit/57","1","19","10","10","","","","","12","OLDER_THAN_2_MONTHS","","","","","","","",""
"location micro-pelle","https://www.batamat.com/Batamat/detail_produit/56","1","36","91","1000","163","0.49","0.45","1.7912","34","2026-06-16","true","false","true","false","false","false","",""
"prix location compresseur","https://www.batamat.com/Batamat/detail_produit/160","1","24","20","20","","1.19","0.24","","30","OLDER_THAN_2_MONTHS","","","","","","","",""
"bomag bt65","https://www.batamat.com/Batamat/category/4","1","32","70","70","","0.2113","0.9787","","5","2026-06-01","","","","","","","",""
"chargeuse 800l","https://www.batamat.com/Batamat/detail_produit/35","1","32","70","70","","","0.33","","24","OLDER_THAN_2_MONTHS","","","","","","","",""
"manitou rotatif 25 m","https://www.batamat.com/Batamat/detail_produit/111","1","32","70","70","","","0.15","","24","OLDER_THAN_2_MONTHS","","","","","","","",""
"location chariot télescopique","https://www.batamat.com/Batamat/detail_produit/111","1","54","480","480","2670","2.86","0.17","5.5625","28","OLDER_THAN_2_MONTHS","","","","","","","",""
"dumper 2000l","https://www.batamat.com/Batamat/detail_produit/37","1","26","20","20","","","0.9257","","8","OLDER_THAN_2_MONTHS","","","","","","","",""
"location brise roche prix","https://www.batamat.com/Batamat/detail_produit/88","1","27","20","20","","0.39","0.08","","23","OLDER_THAN_2_MONTHS","","","","","","","",""
"pelle 14 tonnes","https://www.batamat.com/Batamat/detail_produit/83","1","43","170","170","","2.33","0.07","","26","2026-05-31","false","false","true","false","false","false","",""
"brh location","https://www.batamat.com/Batamat/detail_produit/88","1","35","70","70","","2.02","0.09","","30","OLDER_THAN_2_MONTHS","true","false","false","false","false","false","",""
"salmat nord location","https://www.batamat.com/","1","35","70","70","","","0.07","","21","OLDER_THAN_2_MONTHS","true","false","false","false","false","false","",""
"location manitou télescopique prix","https://www.batamat.com/Batamat/detail_produit/62","1","35","70","70","","0.95","0.21","","23","OLDER_THAN_2_MONTHS","","","","","","","",""
"nacelle 15m","https://www.batamat.com/Batamat/detail_produit/99","1","35","70","70","","0.98","1","","18","OLDER_THAN_2_MONTHS","","","","","","","",""
"location nacelle valenciennes","https://www.batamat.com/Batamat/detail_produit/112","1","29","20","20","","1.56","0.46","","17","2026-07-26","true","false","false","false","true","false","",""
"beton frappe merville","https://www.batamat.com/Batamat/detail_produit/161","1","29","20","20","","","0.0095","","7","OLDER_THAN_2_MONTHS","","","","","","","",""
"nacelle à bras articulé","https://www.batamat.com/Batamat/detail_produit/114","1","45","170","170","","1.26","0.12","","23","2026-06-04","true","false","false","false","false","false","",""
"mini pelle volvo 2.5 t","https://www.batamat.com/Batamat/sub_categorie/22","1","31","50","50","","0.3658","0.5897","","5","OLDER_THAN_2_MONTHS","","","","","","","",""
"location brise roche","https://www.batamat.com/Batamat/detail_produit/88","1","39","70","70","","0.96","0.36","","26","OLDER_THAN_2_MONTHS","","","","","","","",""
"bomag bw120","https://www.batamat.com/Batamat/detail_produit/91","1","40","70","70","","","0.03","","14","OLDER_THAN_2_MONTHS","","","","","","","",""
"pieds de mouton prix au kilo","https://www.batamat.com/Batamat/detail_produit/96","1","33","50","50","","","0","","20","OLDER_THAN_2_MONTHS","true","false","false","false","false","false","",""
"bomag bw 100","https://www.batamat.com/Batamat/detail_produit/90","1","33","50","50","","","0.0073","","7","OLDER_THAN_2_MONTHS","","","","","","","",""
"mini pelle 2.5 t","https://www.batamat.com/Batamat/sub_categorie/22","1","53","320","320","","0.87","0.93","","20","OLDER_THAN_2_MONTHS","","","","","","","",""
"location plaque de répartition de charge","https://www.batamat.com/Batamat/detail_produit/179","1","21","10","10","2","1.8312","0.3651","0.2","1","2026-07-25","true","false","false","false","false","false","",""
"lille bethune distance","https://www.batamat.com/Batamat/detail_produit/165","1","48","140","140","","","0","","47","OLDER_THAN_2_MONTHS","true","false","false","false","true","false","",""
"nacelle 6m","https://www.batamat.com/Batamat/detail_produit/61","1","35","50","50","","1.28","1","","32","OLDER_THAN_2_MONTHS","","","","","","","",""
"mini pelle 3.5 t","https://www.batamat.com/Batamat/sub_categorie/22","1","48","140","140","","1","0.85","","17","OLDER_THAN_2_MONTHS","","","","","","","",""
"micro pelle bach alu","https://www.batamat.com/Batamat/sub_categorie/22","1","22","10","10","","0.3554","0.14","","16","OLDER_THAN_2_MONTHS","true","false","false","false","false","false","",""
"pelle sur pneu occasion","https://www.batamat.com/Batamat/sub_categorie/26","1","43","110","110","10","0.64","0.65","0.0909","21","2026-06-09","false","false","true","false","false","false","",""
"plaque roulage","https://www.batamat.com/Batamat/detail_produit/179","1","43","110","110","","2.97","1","","36","OLDER_THAN_2_MONTHS","","","","","","","",""
"pied de mouton btp","https://www.batamat.com/Batamat/detail_produit/94","1","38","50","50","","","0.21","","20","OLDER_THAN_2_MONTHS","true","false","true","false","false","false","",""
"pilonneuse électrique","https://www.batamat.com/Batamat/detail_produit/188","1","38","50","50","","","0.99","","28","OLDER_THAN_2_MONTHS","","","","","","","",""
"dumper 3t","https://www.batamat.com/Batamat/detail_produit/54","1","45","110","110","","1.44","0.46","","12","2026-06-11","","","","","","","",""
"location mini pelle avec brise roche","https://www.batamat.com/Batamat/detail_produit/88","1","24","10","10","","2.1283","0.11","","21","OLDER_THAN_2_MONTHS","true","false","false","false","false","false","",""
"prix location mini chargeur","https://www.batamat.com/Batamat/detail_produit/131","1","24","10","10","","","0.09","","33","OLDER_THAN_2_MONTHS","","","","","","","",""
"nacelle à louer pas cher","https://www.batamat.com/Batamat/detail_produit/102","1","24","10","10","","0.9","0.36","","30","OLDER_THAN_2_MONTHS","","","","","","","",""
"rouleau pied de mouton","https://www.batamat.com/Batamat/detail_produit/94","1","46","110","110","","","0.32","","19","2026-06-13","true","false","false","false","false","false","",""
"location mini pelle 81","https://www.batamat.com/Batamat/detail_produit/81","1","25","10","10","","","0","","15","OLDER_THAN_2_MONTHS","false","false","false","false","true","false","",""
"location pelle avec brh","https://www.batamat.com/Batamat/detail_produit/88","1","25","10","10","","","0.23","","21","OLDER_THAN_2_MONTHS","","","","","","","",""
"location benne trith saint leger","https://www.batamat.com/","1","25","10","10","","","","","1","OLDER_THAN_2_MONTHS","false","false","true","true","true","false","",""
"nacelle 22m","https://www.batamat.com/Batamat/detail_produit/116","1","34","40","40","","0.8","0.07","","20","OLDER_THAN_2_MONTHS","true","false","false","false","false","false","",""
"marteau piqueur pelleteuse","https://www.batamat.com/Batamat/detail_actu/28","1","42","90","90","","1.09","1","","25","2026-06-23","","","","","","","",""
"location mini pelle 2.5t","https://www.batamat.com/Batamat/detail_produit/56","1","38","45","50","","1.18","0.32","","20","OLDER_THAN_2_MONTHS","","","","","","","",""
"nacelle ciseau 15m","https://www.batamat.com/Batamat/detail_produit/122","1","38","45","50","","0.49","0.83","","30","OLDER_THAN_2_MONTHS","","","","","","","",""
"moteur bétonnière thermique","https://www.batamat.com/Batamat/detail_produit/219","1","32","32","390","","0.24","1","","27","2026-05-29","true","false","true","false","false","false","",""
"location nacelle tractable prix","https://www.batamat.com/Batamat/detail_produit/61","1","37","40","40","","1.21","0.26","","21","OLDER_THAN_2_MONTHS","true","false","false","false","false","false","",""
"chariot telescopique 17m","https://www.batamat.com/Batamat/detail_produit/108","1","27","10","10","","1.5034","0.381","","17","OLDER_THAN_2_MONTHS","","","","","","","",""
"nacelle bras","https://www.batamat.com/Batamat/detail_produit/116","1","45","90","90","","4.19","0.42","","17","OLDER_THAN_2_MONTHS","true","false","false","false","false","false","",""
"brh prix","https://www.batamat.com/Batamat/detail_produit/87","1","38","40","40","","0.5898","0.4679","","31","OLDER_THAN_2_MONTHS","","","","","","","",""
"compacteur pied de mouton fiche technique","https://www.batamat.com/Batamat/detail_produit/94","1","31","30","30","","","0.0457","","5","OLDER_THAN_2_MONTHS","true","false","false","false","false","false","",""
"prix micro pelle","https://www.batamat.com/Batamat/sub_categorie/22","1","45","90","90","","0.83","0.99","","33","OLDER_THAN_2_MONTHS","","","","","","","",""
"tarif location mini pelle 1.5 t","https://www.batamat.com/Batamat/detail_produit/57","1","28","10","10","","1.0658","0.1429","","17","OLDER_THAN_2_MONTHS","","","","","","","",""
"nacelle ciseau diesel","https://www.batamat.com/Batamat/detail_produit/121","1","39","40","40","","0.818","0.8268","","27","OLDER_THAN_2_MONTHS","true","false","false","false","false","false","",""
"golz kb350","https://www.batamat.com/Batamat/detail_produit/208","1","39","40","40","","0.25","0.49","","11","OLDER_THAN_2_MONTHS","","","","","","","",""
"atlas copco lille","https://www.batamat.com/Batamat/detail_produit/160","1","46","90","90","","","0.03","","36","OLDER_THAN_2_MONTHS","true","false","false","false","false","false","",""
"les marteaux piqueurs","https://www.batamat.com/Batamat/detail_actu/28","1","25","8","140","","0.29","0.51","","27","2026-06-04","true","false","false","false","false","false","les marteaux pikeurs",""
"bruit de marteau piqueur","https://www.batamat.com/Batamat/detail_actu/28","1","47","90","90","","","0","","24","OLDER_THAN_2_MONTHS","true","false","false","false","false","false","",""
"nacelle ciseau 16m","https://www.batamat.com/Batamat/detail_produit/124","1","33","30","30","","2.9005","0.8836","","13","OLDER_THAN_2_MONTHS","true","false","true","false","false","false","",""
"grand set outils construction marteau piqueur","https://www.batamat.com/Batamat/detail_actu/28","1","40","40","40","","","1","","35","OLDER_THAN_2_MONTHS","true","false","false","false","false","false","",""
"location plaque de roulage acier","https://www.batamat.com/Batamat/detail_produit/179","1","30","10","10","","3.4517","0.4857","","18","2026-07-25","false","false","false","false","true","false","",""
"location rouleau duplex","https://www.batamat.com/Batamat/detail_produit/95","1","30","10","10","","0.2143","0.1786","","32","OLDER_THAN_2_MONTHS","","","","","","","",""
"prix location manitou","https://www.batamat.com/Batamat/detail_produit/62","1","41","70","70","","0.58","0.15","","22","OLDER_THAN_2_MONTHS","","","","","","","",""
"tarif location rouleau compacteur","https://www.batamat.com/Batamat/detail_produit/91","1","48","90","90","","0.76","0.09","","25","OLDER_THAN_2_MONTHS","true","false","false","false","false","false","",""
"nacelle diesel","https://www.batamat.com/Batamat/sub_categorie/38","1","34","30","30","","0.5983","0.437","","27","OLDER_THAN_2_MONTHS","","","","","","","",""
"location plaque de roulage charge lourde","https://www.batamat.com/Batamat/detail_produit/179","1","35","30","30","","2.7888","0.6214","","15","2026-07-21","","","","","","","",""
"prix location nacelle 20m","https://www.batamat.com/Batamat/detail_produit/115","1","43","70","70","","0.69","0.27","","29","OLDER_THAN_2_MONTHS","true","false","false","false","false","false","",""
"diplome caces","https://www.batamat.com/Batamat/detail_actu/19","1","64","436","480","","1.31","0.09","","40","OLDER_THAN_2_MONTHS","true","false","false","false","false","false","",""
"mini pelle avec brh","https://www.batamat.com/Batamat/detail_produit/88","1","44","70","70","","1","0.61","","21","OLDER_THAN_2_MONTHS","true","false","false","false","false","false","",""
"météo agricole isbergues","https://www.batamat.com/","1","36","29","320","","","0.01","","54","2026-06-07","true","false","false","false","true","false","",""
"pieds de mouton tp","https://www.batamat.com/Batamat/detail_produit/96","1","68","480","480","1","","0.02","0.0021","1","OLDER_THAN_2_MONTHS","true","false","true","false","false","false","",""
"location de materiels btp","https://www.batamat.com/","1","30","8","210","60","1.32","0.17","7.5","29","2026-06-11","false","false","false","false","true","false","",""
"autorisation de conduite et caces","https://www.batamat.com/Batamat/detail_actu/19","1","69","454","590","426","1.31","0.06","0.9383","24","OLDER_THAN_2_MONTHS","true","false","false","false","false","false","",""
"utiliser un marteau piqueur","https://www.batamat.com/Batamat/detail_actu/28","1","47","70","70","","","0.03","","30","OLDER_THAN_2_MONTHS","true","false","false","false","false","false","",""
"location potence de levage","https://www.batamat.com/Batamat/detail_produit/224","1","46","70","70","","1.45","0.56","","19","OLDER_THAN_2_MONTHS","","","","","","","",""
"location micropelle","https://www.batamat.com/Batamat/detail_produit/56","1","42","58","70","3","0.86","0.41","0.0517","17","OLDER_THAN_2_MONTHS","true","false","false","false","false","false","","location micro pelle"
"manitou rotatif 21m","https://www.batamat.com/Batamat/detail_produit/110","1","38","30","30","","","0.4921","","21","OLDER_THAN_2_MONTHS","","","","","","","",""
"prix location nacelle 6m","https://www.batamat.com/Batamat/detail_produit/61","1","38","30","30","2","0.67","0.17","0.0667","35","OLDER_THAN_2_MONTHS","true","false","false","true","true","false","",""
"contenance citerne essence","https://www.batamat.com/Batamat/detail_produit/222","1","31","20","20","","","0.8175","","5","2026-05-31","true","false","false","false","false","false","",""
"pointé du doigt synonyme","https://www.batamat.com/Batamat/detail_actu/45","1","39","30","30","","","0","","48","2026-05-29","true","false","false","false","false","false","pointer du doigt synonyme",""
"location mini pelle valenciennes","https://www.batamat.com/","1","31","20","20","8","","0.4898","0.4","1","OLDER_THAN_2_MONTHS","true","false","true","false","true","false","",""
"chariot télescopique 18m","https://www.batamat.com/Batamat/detail_produit/109","1","39","30","30","","","0.5536","","22","OLDER_THAN_2_MONTHS","false","false","true","false","false","false","",""
"chariot telescopique 18m","https://www.batamat.com/Batamat/detail_produit/109","1","39","30","30","","","0.5536","","25","OLDER_THAN_2_MONTHS","false","false","true","false","false","false","",""
"télescopique 17m","https://www.batamat.com/Batamat/detail_produit/108","1","39","30","30","","0.6525","0.7092","","28","OLDER_THAN_2_MONTHS","","","","","","","",""
"location nacelle ciseaux 8m prix","https://www.batamat.com/Batamat/detail_produit/102","1","49","70","70","2","0.97","0.17","0.0286","18","2026-07-09","true","false","false","false","false","false","",""
"location pelle 6t","https://www.batamat.com/Batamat/detail_produit/80","1","32","20","20","","1.0314","0.1","","20","OLDER_THAN_2_MONTHS","","","","","","","",""
"dumper thwaites 3t5","https://www.batamat.com/assets/pdf/2982.pdf","1","32","20","20","","","0","","17","OLDER_THAN_2_MONTHS","","","","","","","",""
"location brh mini-pelle","https://www.batamat.com/Batamat/detail_produit/88","1","50","70","70","","0.44","0.2","","24","OLDER_THAN_2_MONTHS","","","","","","","",""
"mini pelle 9 tonnes","https://www.batamat.com/Batamat/detail_produit/82","1","34","20","20","","0.84","0.51","","15","OLDER_THAN_2_MONTHS","true","false","true","false","false","false","",""
"micro-pelle 300 kg location","https://www.batamat.com/Batamat/detail_produit/56","1","34","20","20","","","","","20","OLDER_THAN_2_MONTHS","true","false","false","false","false","false","",""
"surfaceuse béton location","https://www.batamat.com/Batamat/detail_produit/196","1","43","50","50","","0.6","1","","32","OLDER_THAN_2_MONTHS","","","","","","","",""
"location manitou telescopique","https://www.batamat.com/Batamat/detail_produit/62","1","44","50","50","","1.62","0.44","","25","OLDER_THAN_2_MONTHS","","","","","","","",""
"sobemat mini pelle","https://www.batamat.com/Batamat/sub_categorie/22","1","36","20","20","","1.73","0.71","","11","OLDER_THAN_2_MONTHS","","","","","","","",""
"location compresseur de chantier prix","https://www.batamat.com/Batamat/detail_produit/97","1","46","50","50","","0.31","0.44","","31","OLDER_THAN_2_MONTHS","true","false","false","false","false","false","",""
"mini pelle 3.5 t","https://www.batamat.com/Batamat/detail_produit/75","1","60","140","140","","1","0.85","","17","OLDER_THAN_2_MONTHS","","","","","","","",""
"mini pelle 2.5t","https://www.batamat.com/Batamat/sub_categorie/22","1","67","320","320","676","0.87","0.93","2.1125","20","OLDER_THAN_2_MONTHS","","","","","","","",""
"prix nacelle location","https://www.batamat.com/Batamat/detail_produit/100","1","51","100","1600","","0.71","0.31","","27","2026-06-28","true","false","true","false","false","false","",""
"prix location de nacelle","https://www.batamat.com/Batamat/detail_produit/114","1","55","110","110","","0.63","0.33","","23","2026-05-30","true","false","false","false","false","false","",""
"location pince de tri","https://www.batamat.com/Batamat/detail_produit/194","1","37","20","20","","0.2818","0.1857","","24","OLDER_THAN_2_MONTHS","","","","","","","",""
"location pelle 6t","https://www.batamat.com/Batamat/detail_produit/60","1","38","20","20","","1.0314","0.1","","20","OLDER_THAN_2_MONTHS","","","","","","","",""
"caces et permis de conduire","https://www.batamat.com/Batamat/detail_actu/19","1","38","20","20","","","0.0659","","33","OLDER_THAN_2_MONTHS","","","","","","","",""
"location de bétonnière","https://www.batamat.com/Batamat/detail_produit/219","1","39","19","210","","0.48","0.6","","24","2026-06-12","false","false","true","false","false","false","",""
"location marteau piqueur prix","https://www.batamat.com/Batamat/detail_produit/209","1","50","50","50","","0.26","0.57","","18","OLDER_THAN_2_MONTHS","","","","","","","",""
"nacelle 40 m loxam","https://www.batamat.com/Batamat/detail_produit/119","1","50","50","50","","","0.05","","19","OLDER_THAN_2_MONTHS","","","","","","","",""
"moteur thermique betonniere","https://www.batamat.com/Batamat/detail_produit/219","1","41","32","390","40","0.24","1","1.25","28","2026-06-06","true","false","true","false","false","false","",""
"location micro-pelle 500 kg","https://www.batamat.com/Batamat/detail_produit/56","1","31","12","210","","0.82","0.25","","18","OLDER_THAN_2_MONTHS","true","false","true","false","false","false","",""
"caces obligation","https://www.batamat.com/Batamat/detail_actu/19","1","65","236","260","2","0.32","0.01","0.0085","31","OLDER_THAN_2_MONTHS","","","","","","","",""
"location mini pelle 77","https://www.batamat.com/Batamat/detail_produit/56","1","45","40","40","","2.54","0.18","","1","OLDER_THAN_2_MONTHS","true","false","false","false","true","false","",""
"potence chariot telescopique","https://www.batamat.com/Batamat/detail_produit/224","1","53","90","90","","2.5","1","","28","OLDER_THAN_2_MONTHS","false","false","true","false","false","false","",""
"potence chariot télescopique","https://www.batamat.com/Batamat/detail_produit/224","1","54","90","90","","2.5","1","","28","OLDER_THAN_2_MONTHS","true","false","true","false","false","false","",""
"nacelle synonyme","https://www.batamat.com/","1","47","40","40","","","0","","50","OLDER_THAN_2_MONTHS","true","false","false","false","false","false","",""
"pelle 2.5t","https://www.batamat.com/Batamat/detail_produit/81","1","62","210","210","","0.86","0.42","","20","OLDER_THAN_2_MONTHS","","","","","","","",""
"dumper 9t","https://www.batamat.com/Batamat/detail_produit/156","1","48","40","40","","0.0947","0.6449","","27","2026-06-09","true","false","false","false","false","false","",""
"location surfaceuse béton","https://www.batamat.com/Batamat/detail_produit/196","1","46","35","390","45","0.65","0.96","1.2857","33","OLDER_THAN_2_MONTHS","true","false","true","false","false","false","",""
"bull btp","https://www.batamat.com/","1","41","30","30","","","0.0066","","1","OLDER_THAN_2_MONTHS","true","false","false","false","false","false","",""
"moteur thermique betonniere 350l","https://www.batamat.com/Batamat/detail_produit/219","1","53","82","90","","0.64","1","","14","OLDER_THAN_2_MONTHS","","","","","","","",""
"location chariot elevateur telescopique","https://www.batamat.com/Batamat/detail_produit/62","1","49","40","40","","3.3947","0.4955","","28","OLDER_THAN_2_MONTHS","","","","","","","",""
"mini pelle 2.5t fiche technique","https://www.batamat.com/Batamat/detail_produit/81","1","56","90","90","","0.6","0.4","","10","OLDER_THAN_2_MONTHS","","","","","","","",""
"engin de chantier electrique","https://www.batamat.com/Batamat/detail_actu/44","1","53","70","70","","","1","","21","2026-07-09","","","","","","","",""
"prix location betonniere","https://www.batamat.com/Batamat/detail_produit/219","1","37","13","170","4","0.24","0.14","0.3077","32","OLDER_THAN_2_MONTHS","true","false","true","false","false","false","",""
"location compresseur","https://www.batamat.com/Batamat/detail_produit/97","1","60","91","1000","3540","1.44","0.56","38.9011","26","OLDER_THAN_2_MONTHS","false","false","true","false","false","false","",""
"carotteuse stihl","https://www.batamat.com/Batamat/detail_produit/208","1","59","90","90","","0.24","0.99","","11","OLDER_THAN_2_MONTHS","false","false","true","false","false","false","",""
"atlas copco xas 30","https://www.batamat.com/assets/pdf/3836.pdf","1","44","30","30","","","0.0952","","5","OLDER_THAN_2_MONTHS","","","","","","","",""
"compresseur de chantier atlas copco","https://www.batamat.com/Batamat/detail_produit/204","1","51","70","70","","1.12","0.79","","1","OLDER_THAN_2_MONTHS","","","","","","","",""
"compresseur thermique chantier","https://www.batamat.com/Batamat/detail_produit/97","1","52","70","70","","0.69","1","","24","OLDER_THAN_2_MONTHS","true","false","true","false","false","false","",""
"manuel utilisation mini-pelle","https://www.batamat.com/Batamat/detail_actu/17","1","31","10","10","","","0.3143","","17","OLDER_THAN_2_MONTHS","","","","","","","",""
"compacteur à pied de mouton","https://www.batamat.com/Batamat/category/4","1","45","30","30","","","0.7302","","26","OLDER_THAN_2_MONTHS","true","false","false","true","true","false","",""
"quest ce que le caces","https://www.batamat.com/Batamat/detail_actu/19","1","40","14","170","","0.91","0.02","","39","2026-06-08","true","false","false","false","false","false","","qu'est ce que le caces"
"pied de mouton compactage","https://www.batamat.com/Batamat/detail_produit/94","1","63","170","170","","","0.59","","23","OLDER_THAN_2_MONTHS","true","false","false","false","false","false","",""
"direct maintenance merville","https://www.batamat.com/Batamat/detail_produit/59","1","32","10","10","","","0","","1","OLDER_THAN_2_MONTHS","true","false","false","false","false","false","",""
"caces validité","https://www.batamat.com/Batamat/detail_actu/19","1","64","170","170","","2.33","0.01","","29","OLDER_THAN_2_MONTHS","true","false","false","false","false","false","",""
"location plaque acier","https://www.batamat.com/Batamat/detail_produit/179","1","34","10","10","","","0.6667","","16","OLDER_THAN_2_MONTHS","","","","","","","",""
"carotteuse golz kb350","https://www.batamat.com/Batamat/detail_produit/208","1","33","10","10","","0.26","1","","11","OLDER_THAN_2_MONTHS","","","","","","","",""
"mini pelle yanmar 800 kg","https://www.batamat.com/Batamat/sub_categorie/22","1","48","30","30","","0.09","1","","1","OLDER_THAN_2_MONTHS","true","false","true","false","false","false","",""
"brh mini pelle prix","https://www.batamat.com/Batamat/detail_produit/88","1","46","30","30","","0.4565","0.9748","","19","OLDER_THAN_2_MONTHS","","","","","","","",""
"atlas copco xas 97","https://www.batamat.com/assets/pdf/3836.pdf","1","32","10","10","","1.7956","0.1964","","19","OLDER_THAN_2_MONTHS","true","false","false","false","false","false","",""
"caces permis b obligatoire","https://www.batamat.com/Batamat/detail_actu/19","1","34","10","10","","","0.12","","30","OLDER_THAN_2_MONTHS","","","","","","","",""
"employeurd.com demarrer","https://www.batamat.com/assets/pdf/2982.pdf","1","33","10","10","","","","","9","OLDER_THAN_2_MONTHS","","","","","","","",""
"pince hydraulique pelle","https://www.batamat.com/Batamat/detail_produit/195","1","41","20","20","","","0.97","","12","OLDER_THAN_2_MONTHS","true","false","false","false","false","false","",""
"benne preneuse terrassement","https://www.batamat.com/Batamat/detail_produit/193","1","37","10","10","","0.6015","0.3117","","16","OLDER_THAN_2_MONTHS","true","false","false","false","false","false","",""
"location brh","https://www.batamat.com/Batamat/detail_produit/87","1","64","140","140","","0.92","0.17","","23","OLDER_THAN_2_MONTHS","","","","","","","",""
"benne preneuse pour puits","https://www.batamat.com/Batamat/detail_produit/193","1","55","64","70","","","0.22","","1","OLDER_THAN_2_MONTHS","true","false","false","false","false","false","",""
"location nacelle ciseaux prix","https://www.batamat.com/Batamat/detail_produit/124","1","48","27","30","","1.24","0.29","","22","OLDER_THAN_2_MONTHS","true","false","false","false","false","false","",""
"location brh prix","https://www.batamat.com/Batamat/detail_produit/87","1","41","20","20","","0.86","0.1","","22","OLDER_THAN_2_MONTHS","true","false","false","false","false","false","",""
"pelle a pneu 6 tonnes","https://www.batamat.com/Batamat/sub_categorie/26","1","49","30","30","","0.4091","0.7841","","11","OLDER_THAN_2_MONTHS","true","false","true","false","false","false","",""
"mini pelle 5t fiche technique","https://www.batamat.com/Batamat/detail_produit/79","1","60","70","70","","1.65","0.09","","24","OLDER_THAN_2_MONTHS","","","","","","","",""
"télescopique location","https://www.batamat.com/Batamat/detail_produit/62","1","60","70","70","","1.45","0.26","","28","OLDER_THAN_2_MONTHS","true","false","false","false","true","false","",""
"permis conducteur de pelle","https://www.batamat.com/Batamat/detail_actu/19","1","37","10","10","","0.59","0.07","","33","OLDER_THAN_2_MONTHS","","","","","","","",""
"certificat d aptitude à la conduite en sécurité","https://www.batamat.com/Batamat/detail_actu/19","1","58","70","70","","2.43","0.02","","35","OLDER_THAN_2_MONTHS","","","","","","","",""
"passer le caces 1","https://www.batamat.com/Batamat/detail_actu/19","1","57","70","70","","1.46","0.38","","29","OLDER_THAN_2_MONTHS","true","false","false","false","false","false","",""
"micro chargeur chenille","https://www.batamat.com/Batamat/detail_produit/131","1","51","50","50","","1.9081","1","","26","OLDER_THAN_2_MONTHS","","","","","","","",""
"rouleau lisse autoporté","https://www.batamat.com/Batamat/detail_produit/95","1","50","30","30","","","0.9714","","8","OLDER_THAN_2_MONTHS","","","","","","","",""
"location mrt","https://www.batamat.com/Batamat/detail_produit/110","1","36","10","10","","1.557","0.2449","","25","OLDER_THAN_2_MONTHS","","","","","","","",""
"mini pelle 3.5t","https://www.batamat.com/Batamat/sub_categorie/22","1","63","140","140","","1","0.85","","18","OLDER_THAN_2_MONTHS","","","","","","","",""
"catalogue btp","https://www.batamat.com/Batamat/catalogue","1","42","20","20","","1.8462","0.0127","","23","2026-06-17","","","","","","","",""
"location compresseur chantier","https://www.batamat.com/Batamat/detail_produit/97","1","53","50","50","","0.7351","1","","31","OLDER_THAN_2_MONTHS","true","false","false","false","true","false","",""
"location chariot élévateur télescopique prix","https://www.batamat.com/Batamat/detail_produit/111","1","43","20","20","","2.8931","1","","25","OLDER_THAN_2_MONTHS","true","false","false","false","false","false","",""
"brh mini pelle 1t","https://www.batamat.com/Batamat/detail_produit/87","1","52","50","50","","0.34","1","","13","OLDER_THAN_2_MONTHS","false","false","true","false","false","false","",""
"tarif location plaque vibrante","https://www.batamat.com/Batamat/detail_produit/161","1","54","50","50","","","0.07","","26","OLDER_THAN_2_MONTHS","true","false","true","true","false","false","",""
"ponceuse a beton location","https://www.batamat.com/Batamat/detail_produit/196","1","55","50","50","","0.42","0.97","","27","OLDER_THAN_2_MONTHS","false","false","true","false","false","false","",""
"caces certification","https://www.batamat.com/Batamat/detail_actu/19","1","53","50","50","","3.2577","0.1235","","18","OLDER_THAN_2_MONTHS","","","","","","","",""
"moteur betonniere essence","https://www.batamat.com/Batamat/detail_produit/219","1","54","50","50","","0.1496","1","","15","OLDER_THAN_2_MONTHS","","","","","","","",""
"prix brise roche","https://www.batamat.com/Batamat/detail_produit/87","1","43","20","20","","","1","","21","OLDER_THAN_2_MONTHS","true","false","true","true","false","false","",""
"location remorque basculante","https://www.batamat.com/Batamat/detail_produit/172","1","52","50","50","","0.1843","0.2891","","5","OLDER_THAN_2_MONTHS","","","","","","","",""
"location telescopique rotatif","https://www.batamat.com/Batamat/detail_produit/111","1","45","20","20","","2.1682","0.3413","","33","OLDER_THAN_2_MONTHS","false","false","false","false","true","false","",""
"pelle 14t","https://www.batamat.com/Batamat/detail_produit/83","1","55","50","50","","3.56","0.41","","24","OLDER_THAN_2_MONTHS","","","","","","","",""
"location pelle 3t prix","https://www.batamat.com/Batamat/detail_produit/60","1","38","10","10","","0.9157","0.2","","23","OLDER_THAN_2_MONTHS","","","","","","","",""
"tarif location betonniere","https://www.batamat.com/Batamat/detail_produit/219","1","44","20","20","","0.24","0.21","","28","OLDER_THAN_2_MONTHS","true","false","true","false","false","false","",""
"location elevateur telescopique","https://www.batamat.com/Batamat/detail_produit/62","1","55","50","50","","1.82","1","","28","OLDER_THAN_2_MONTHS","","","","","","","",""
"location compresseur electrique","https://www.batamat.com/Batamat/detail_produit/97","1","56","50","50","","0.4414","1","","29","OLDER_THAN_2_MONTHS","","","","","","","",""
"location roulotte de chantier lille","https://www.batamat.com/","1","39","10","10","","","","","1","OLDER_THAN_2_MONTHS","","","","","","","",""
"brh pelle 8t","https://www.batamat.com/Batamat/detail_produit/89","1","42","20","20","","0.4477","0.9714","","10","OLDER_THAN_2_MONTHS","","","","","","","",""
"nacelle bras déporté","https://www.batamat.com/Batamat/detail_produit/116","1","52","50","50","","","0.54","","31","OLDER_THAN_2_MONTHS","","","","","","","",""
"mini pelle 1.5t","https://www.batamat.com/Batamat/sub_categorie/22","1","74","320","320","829","0.89","1","2.5906","23","OLDER_THAN_2_MONTHS","","","","","","","",""
"location mini pelle 2.5 tonnes","https://www.batamat.com/Batamat/detail_produit/56","1","55","50","50","","1.18","0.32","","24","OLDER_THAN_2_MONTHS","true","false","false","true","false","false","",""
"location nacelle articulé","https://www.batamat.com/Batamat/detail_produit/102","1","53","50","50","","1.6182","0.4116","","31","OLDER_THAN_2_MONTHS","","","","","","","",""
"fonctionnement d une mini pelle","https://www.batamat.com/Batamat/detail_actu/17","1","40","10","10","","","0.02","","12","OLDER_THAN_2_MONTHS","true","false","false","false","false","false","",""
"mini pelle 2.5 t","https://www.batamat.com/Batamat/detail_produit/59","1","77","320","320","","0.87","0.93","","20","OLDER_THAN_2_MONTHS","","","","","","","",""
"tarif location mini pelle 1.5 t","https://www.batamat.com/Batamat/detail_produit/56","1","40","10","10","","1.0658","0.1429","","17","OLDER_THAN_2_MONTHS","","","","","","","",""
"pelle à pneu 8 tonnes","https://www.batamat.com/Batamat/sub_categorie/26","1","55","40","40","","1.21","0.32","","13","OLDER_THAN_2_MONTHS","true","false","true","false","false","false","",""
"marteau piqueur thermique wacker","https://www.batamat.com/Batamat/detail_produit/209","1","51","40","40","","0.0929","1","","1","OLDER_THAN_2_MONTHS","false","false","true","false","false","false","",""
"permis gerbeur","https://www.batamat.com/Batamat/detail_actu/19","1","62","90","90","","0.72","0.07","","27","OLDER_THAN_2_MONTHS","true","false","false","false","false","false","",""
"location mini pelle marteau piqueur","https://www.batamat.com/Batamat/detail_produit/209","1","46","20","20","","1.27","0.21","","21","OLDER_THAN_2_MONTHS","true","false","true","false","false","false","",""
"prix mini pelle yanmar neuve","https://www.batamat.com/Batamat/sub_categorie/22","1","61","90","90","","0.97","0.27","","10","OLDER_THAN_2_MONTHS","true","false","false","false","false","false","",""
"brh plus","https://www.batamat.com/Batamat/detail_produit/89","1","46","20","20","","1.1777","0.0381","","5","OLDER_THAN_2_MONTHS","","","","","","","",""
"genie lift manuel","https://www.batamat.com/assets/pdf/3258.pdf","1","52","40","40","","0.2803","1","","8","OLDER_THAN_2_MONTHS","","","","","","","",""
"chargeuse 5t","https://www.batamat.com/Batamat/detail_produit/31","1","54","40","40","","5.4723","0.6778","","18","OLDER_THAN_2_MONTHS","","","","","","","",""
"certificat d'aptitude à la conduite en sécurité","https://www.batamat.com/Batamat/detail_actu/19","1","68","110","110","","1.39","0.03","","35","OLDER_THAN_2_MONTHS","true","false","false","false","false","false","",""
"poids nacelle ciseau","https://www.batamat.com/Batamat/detail_produit/61","1","50","20","20","","0.3178","0.7952","","28","OLDER_THAN_2_MONTHS","true","false","true","false","false","false","",""
"prix location pelleteuse 8t","https://www.batamat.com/Batamat/detail_produit/84","1","55","40","40","","0.48","0.16","","23","OLDER_THAN_2_MONTHS","","","","","","","",""
"pince de tri mini pelle 8t","https://www.batamat.com/Batamat/detail_produit/195","1","61","90","90","","0.69","1","","24","OLDER_THAN_2_MONTHS","","","","","","","",""
"mini nacelle location","https://www.batamat.com/Batamat/detail_produit/100","1","47","20","20","","0.6842","0.6466","","31","OLDER_THAN_2_MONTHS","","","","","","","",""
"balayeuse sur chargeuse","https://www.batamat.com/Batamat/detail_produit/51","1","55","40","40","","0.5524","1","","1","OLDER_THAN_2_MONTHS","","","","","","","",""
"location nacelle 20 m prix","https://www.batamat.com/Batamat/detail_produit/106","1","57","50","50","2","0.6","0.34","0.04","29","OLDER_THAN_2_MONTHS","true","false","false","false","false","false","",""
"location de matériel btp","https://www.batamat.com/","1","41","11","170","4980","1.21","0.07","452.7273","29","2026-06-12","false","false","false","false","true","false","",""
"location nacelle arras","https://www.batamat.com/Batamat/detail_produit/180","1","54","30","30","","1.694","0.312","","1","OLDER_THAN_2_MONTHS","true","false","false","false","true","false","",""
"mini pelle neuve tarif","https://www.batamat.com/Batamat/sub_categorie/22","1","58","40","40","","0.59","1","","25","OLDER_THAN_2_MONTHS","true","false","true","true","false","false","",""
"location ponceuse sol beton","https://www.batamat.com/Batamat/detail_produit/196","1","67","90","90","","0.81","1","","26","OLDER_THAN_2_MONTHS","false","false","true","false","false","false","",""
"location nacelle grande hauteur","https://www.batamat.com/Batamat/detail_produit/114","1","53","30","30","","1.1806","0.4107","","29","OLDER_THAN_2_MONTHS","true","false","false","false","false","false","",""
"pince a trie","https://www.batamat.com/Batamat/detail_produit/195","1","54","30","30","","0.9816","1","","24","OLDER_THAN_2_MONTHS","","","","","","","",""
"compacteur à main location","https://www.batamat.com/Batamat/detail_produit/161","1","60","40","40","","0.432","0.9853","","13","OLDER_THAN_2_MONTHS","","","","","","","",""
"caces les plus demandés","https://www.batamat.com/Batamat/detail_actu/19","1","67","90","90","","2.4","0.05","","22","OLDER_THAN_2_MONTHS","","","","","","","",""
"atlas copco lille","https://www.batamat.com/Batamat/detail_produit/97","1","64","90","90","","","0.03","","36","OLDER_THAN_2_MONTHS","true","false","false","false","false","false","",""
"location nacelle avec chauffeur prix","https://www.batamat.com/Batamat/detail_produit/106","1","51","30","30","","1.13","0.27","","1","OLDER_THAN_2_MONTHS","","","","","","","",""
"location nacelle 12 m prix","https://www.batamat.com/Batamat/detail_produit/102","1","54","30","30","","0.7","0.32","","25","OLDER_THAN_2_MONTHS","true","false","false","false","false","false","",""
"location pelleteuse 15 tonnes","https://www.batamat.com/Batamat/detail_produit/60","1","47","10","10","","2.62","0.32","","15","2026-07-21","true","false","false","false","false","false","",""
"entreprise de location de matériel btp","https://www.batamat.com/","1","41","10","110","3","1.62","0.05","0.3","29","2026-06-09","true","false","false","false","true","false","",""
"tarif location enfonce pieux","https://www.batamat.com/","1","46","10","110","","0.55","0.25","","25","2026-06-08","true","false","true","false","false","false","",""
"marteau brise roche","https://www.batamat.com/Batamat/detail_produit/87","1","51","20","20","","0.5511","0.8163","","1","OLDER_THAN_2_MONTHS","true","false","false","false","false","false","",""
"location betonniere 300l","https://www.batamat.com/Batamat/detail_produit/219","1","52","20","20","","0.7152","0.3952","","14","OLDER_THAN_2_MONTHS","false","false","true","false","false","false","",""
"brh location","https://www.batamat.com/Batamat/detail_produit/87","1","65","70","70","","2.02","0.09","","30","OLDER_THAN_2_MONTHS","true","false","false","false","false","false","",""
"location mini pelle 3 5t","https://www.batamat.com/Batamat/detail_produit/137","1","42","10","10","","0.5073","0.1905","","17","OLDER_THAN_2_MONTHS","true","false","false","false","false","false","",""
"synonyme matériaux","https://www.batamat.com/","1","73","170","170","","","0","","32","OLDER_THAN_2_MONTHS","true","false","false","false","false","false","",""
"helicoptere beton location","https://www.batamat.com/Batamat/detail_produit/196","1","68","70","70","","","0.21","","18","OLDER_THAN_2_MONTHS","","","","","","","",""
"location pelle a chenille","https://www.batamat.com/Batamat/detail_produit/56","1","51","20","20","","0.74","0.41","","31","OLDER_THAN_2_MONTHS","","","","","","","",""
"location benne lievin","https://www.batamat.com/","1","45","10","10","","","0.1","","1","OLDER_THAN_2_MONTHS","true","false","true","true","true","false","",""
"comment utiliser une mini pelle","https://www.batamat.com/Batamat/detail_actu/17","1","62","50","50","","","0.0119","","16","OLDER_THAN_2_MONTHS","true","false","false","false","false","false","",""
"micro chargeuse","https://www.batamat.com/Batamat/detail_produit/28","1","64","70","70","","0.86","1","","26","OLDER_THAN_2_MONTHS","","","","","","","",""
"godet tilt mini pelle","https://www.batamat.com/Batamat/detail_produit/228","1","66","70","70","2","0.93","0.96","0.0286","21","OLDER_THAN_2_MONTHS","true","false","false","false","false","false","",""
"dumper 2t","https://www.batamat.com/Batamat/detail_produit/80","1","70","70","70","","","0.99","","18","OLDER_THAN_2_MONTHS","","","","","","","",""
"chariot télescopique location","https://www.batamat.com/Batamat/detail_produit/62","1","63","70","70","","1.74","0.39","","28","OLDER_THAN_2_MONTHS","true","false","true","false","true","false","",""
"le ciseau lille","https://www.batamat.com/Batamat/detail_produit/122","1","55","30","30","","2.55","0.17","","35","OLDER_THAN_2_MONTHS","","","","","","","",""
"grappin enrochement pour mini pelle","https://www.batamat.com/Batamat/detail_produit/195","1","45","10","10","","0.44","1","","29","OLDER_THAN_2_MONTHS","","","","","","","",""
"cuve a gnr","https://www.batamat.com/Batamat/detail_produit/221","1","70","70","70","","1.04","1","","29","OLDER_THAN_2_MONTHS","true","false","true","true","false","false","",""
"prix location nacelle 12m","https://www.batamat.com/Batamat/detail_produit/112","1","70","70","70","2","0.51","0.26","0.0286","20","OLDER_THAN_2_MONTHS","","","","","","","",""
"caces c'est quoi","https://www.batamat.com/Batamat/detail_actu/19","1","84","355","320","","0.53","0.01","","22","OLDER_THAN_2_MONTHS","","","","","","","",""
"dumper location prix","https://www.batamat.com/Batamat/detail_produit/53","1","60","30","30","","0.61","0.66","","18","OLDER_THAN_2_MONTHS","","","","","","","",""
"prix location manitou telescopique","https://www.batamat.com/Batamat/detail_produit/62","1","44","10","10","","0.3","0.33","","22","OLDER_THAN_2_MONTHS","","","","","","","",""
"moteur thermique bétonnière 350l","https://www.batamat.com/Batamat/detail_produit/219","1","41","8","90","","0.64","1","","13","OLDER_THAN_2_MONTHS","true","false","true","false","false","false","",""
"location compresseur thermique","https://www.batamat.com/Batamat/detail_produit/160","1","55","30","30","","0.2438","1","","18","OLDER_THAN_2_MONTHS","","","","","","","",""
"location longue durée mini pelle","https://www.batamat.com/Batamat/detail_produit/56","1","56","30","30","","1.0865","0.8071","","13","OLDER_THAN_2_MONTHS","","","","","","","",""
"mini pelle 2.5 t fiche technique","https://www.batamat.com/Batamat/detail_produit/84","1","70","70","70","","1.43","0.08","","20","OLDER_THAN_2_MONTHS","true","false","false","true","false","false","",""
"découpeuse thermique location","https://www.batamat.com/Batamat/detail_produit/128","1","61","50","50","","0.3267","1","","25","OLDER_THAN_2_MONTHS","","","","","","","",""
"autorisation de conduite mini-pelle","https://www.batamat.com/Batamat/detail_actu/19","1","58","30","30","","","0.01","","8","OLDER_THAN_2_MONTHS","true","false","true","true","false","false","",""
"mini pelle 1.5 t","https://www.batamat.com/Batamat/sub_categorie/22","1","81","320","320","484","0.89","1","1.5125","22","OLDER_THAN_2_MONTHS","","","","","","","",""
"loueur de nacelle","https://www.batamat.com/Batamat/detail_produit/114","1","41","7","110","","1.76","0.16","","27","OLDER_THAN_2_MONTHS","true","false","false","false","false","false","",""
"location plaque","https://www.batamat.com/Batamat/detail_produit/179","1","50","10","10","","","0.0952","","1","OLDER_THAN_2_MONTHS","true","false","false","false","false","false","",""
"location tarière pour puit","https://www.batamat.com/Batamat/detail_produit/203","1","43","6","70","","0.29","1","","11","OLDER_THAN_2_MONTHS","false","false","true","false","false","false","",""
"caces et autorisation de conduite","https://www.batamat.com/Batamat/detail_actu/19","1","62","45","590","3130","1.31","0.06","69.5556","24","OLDER_THAN_2_MONTHS","true","false","false","false","false","false","",""
"mini pelle 3t prix","https://www.batamat.com/Batamat/sub_categorie/22","1","55","20","20","","0.08","1","","29","OLDER_THAN_2_MONTHS","","","","","","","",""
"location pelle sur pneu","https://www.batamat.com/Batamat/sub_categorie/26","1","72","90","90","","2.04","0.08","","21","OLDER_THAN_2_MONTHS","","","","","","","",""
"location benne bethune","https://www.batamat.com/Batamat/detail_produit/54","1","57","20","20","","0.5492","0.4847","","1","OLDER_THAN_2_MONTHS","true","false","true","true","true","false","",""
"petite nacelle ciseau","https://www.batamat.com/Batamat/detail_produit/61","1","76","90","90","","0.71","1","","26","OLDER_THAN_2_MONTHS","","","","","","","",""
"pelleteuse 80 tonnes","https://www.batamat.com/Batamat/detail_produit/84","1","78","90","90","","","0.05","","10","OLDER_THAN_2_MONTHS","true","false","false","false","false","false","",""
"location pelle 30t","https://www.batamat.com/Batamat/detail_produit/60","1","49","10","10","","1.13","0.23","","19","OLDER_THAN_2_MONTHS","","","","","","","",""
"potence de levage télescopique","https://www.batamat.com/Batamat/detail_produit/224","1","55","20","20","","0.2","0.95","","24","OLDER_THAN_2_MONTHS","false","false","true","false","false","false","",""
"mini pelle chenilles","https://www.batamat.com/Batamat/sub_categorie/22","1","66","50","50","","0.7","1","","16","OLDER_THAN_2_MONTHS","true","false","true","true","false","false","",""
"brh mini pelle 1t5","https://www.batamat.com/Batamat/detail_produit/57","1","66","40","40","","0.2573","1","","15","OLDER_THAN_2_MONTHS","","","","","","","",""
"mini pelle avec pince","https://www.batamat.com/Batamat/detail_produit/195","1","56","20","20","","0.5956","1","","7","OLDER_THAN_2_MONTHS","","","","","","","",""
"permis caces 2","https://www.batamat.com/Batamat/detail_actu/19","1","61","40","40","","0.577","0.1203","","27","OLDER_THAN_2_MONTHS","true","false","false","false","false","false","",""
"prix transport mini pelle","https://www.batamat.com/Batamat/detail_produit/56","1","55","20","20","","1","0.26","","1","OLDER_THAN_2_MONTHS","true","false","true","false","false","false","",""
"location remorque lille","https://www.batamat.com/Batamat/detail_produit/172","1","61","30","30","","0.5922","0.1917","","40","OLDER_THAN_2_MONTHS","false","false","true","true","true","false","",""
"ponceuse surfaceuse de sols","https://www.batamat.com/Batamat/detail_produit/196","1","64","50","50","","0.3904","1","","17","OLDER_THAN_2_MONTHS","","","","","","","",""
"caces mini pelle pôle emploi","https://www.batamat.com/Batamat/detail_actu/19","1","60","20","20","","","0.0683","","22","OLDER_THAN_2_MONTHS","true","false","false","false","false","false","",""
"symbole filtre hydraulique","https://www.batamat.com/assets/pdf/2982.pdf","1","75","90","90","","","","","10","OLDER_THAN_2_MONTHS","","","","","","","",""
"chariot telescopique location","https://www.batamat.com/Batamat/detail_produit/62","1","59","20","20","","3.9778","0.7269","","29","OLDER_THAN_2_MONTHS","false","false","true","false","true","false","",""
"engin marteau piqueur","https://www.batamat.com/Batamat/detail_actu/28","1","60","20","20","5","","1","0.25","20","OLDER_THAN_2_MONTHS","","","","","","","",""
"location de chariot élévateur prix","https://www.batamat.com/Batamat/detail_produit/111","1","77","90","90","","2.9","0.78","","26","OLDER_THAN_2_MONTHS","","","","","","","",""
"location camion bras articulé","https://www.batamat.com/Batamat/detail_produit/106","1","56","20","20","","0.3534","0.354","","16","OLDER_THAN_2_MONTHS","","","","","","","",""
"location nacelle electrique","https://www.batamat.com/Batamat/detail_produit/100","1","63","50","50","","2.12","0.96","","31","OLDER_THAN_2_MONTHS","","","","","","","",""
"pince hydraulique location","https://www.batamat.com/Batamat/detail_produit/87","1","50","10","10","","","1","","12","OLDER_THAN_2_MONTHS","","","","","","","",""
"manuscopique location","https://www.batamat.com/Batamat/detail_produit/62","1","62","40","40","","3.3338","0.3687","","28","OLDER_THAN_2_MONTHS","true","false","false","false","true","false","",""
"utc rentrée février 2023","https://www.batamat.com/assets/pdf/3221.pdf","1","49","10","10","","","","","28","OLDER_THAN_2_MONTHS","true","true","false","false","false","true","",""
"nacelle ciseau 15m","https://www.batamat.com/Batamat/detail_produit/121","1","62","45","50","","0.49","0.83","","30","OLDER_THAN_2_MONTHS","","","","","","","",""
"comment choisir un brise roche hydraulique","https://www.batamat.com/Batamat/detail_actu/17","1","49","10","10","","","","","19","OLDER_THAN_2_MONTHS","true","false","false","true","false","false","",""
"location nacelle 20m","https://www.batamat.com/Batamat/detail_produit/106","1","64","50","50","","1.18","0.44","","36","OLDER_THAN_2_MONTHS","","","","","","","",""
"manuscopique rotatif","https://www.batamat.com/Batamat/sub_categorie/20","1","65","50","50","","0.87","0.71","","33","OLDER_THAN_2_MONTHS","","","","","","","",""
"rouleau duplex","https://www.batamat.com/Batamat/detail_produit/95","1","66","50","50","","","0.52","","14","OLDER_THAN_2_MONTHS","","","","","","","",""
"pelleteuse 2.5 t","https://www.batamat.com/Batamat/sub_categorie/22","1","86","210","210","","0.86","0.42","","20","OLDER_THAN_2_MONTHS","","","","","","","",""
"mini pelle 3.5 tonnes","https://www.batamat.com/Batamat/detail_produit/75","1","78","140","140","","1","0.85","","18","OLDER_THAN_2_MONTHS","","","","","","","",""
"location nacelle arras","https://www.batamat.com/","1","66","30","30","","1.694","0.312","","1","OLDER_THAN_2_MONTHS","true","false","false","false","true","false","",""
"location mini pelle nord pas-de-calais","https://www.batamat.com/Batamat/detail_produit/60","1","52","10","10","","","0.3571","","1","OLDER_THAN_2_MONTHS","false","false","true","false","true","false","",""
"cylindre pied de mouton","https://www.batamat.com/Batamat/detail_produit/94","1","64","30","30","","","0.0849","","10","OLDER_THAN_2_MONTHS","true","false","true","false","false","false","",""
"location nacelle ciseau prix","https://www.batamat.com/Batamat/detail_produit/124","1","44","5","30","2","1.24","0.29","0.4","22","OLDER_THAN_2_MONTHS","true","false","false","false","false","false","location nacelle ciseaux prix",""
"location brh pelle 5t","https://www.batamat.com/Batamat/detail_produit/87","1","52","10","10","","1.1854","0.1886","","17","OLDER_THAN_2_MONTHS","true","false","false","false","false","false","",""
"conduire sans caces","https://www.batamat.com/Batamat/detail_actu/19","1","67","20","20","","","0.0286","","28","OLDER_THAN_2_MONTHS","true","false","false","false","false","false","",""
"nacelle telescopique 40 m","https://www.batamat.com/Batamat/detail_produit/119","1","70","30","30","","0.6514","0.5143","","25","OLDER_THAN_2_MONTHS","true","false","false","false","false","false","",""
"comment passer ses caces avec pole emploi","https://www.batamat.com/Batamat/detail_actu/19","1","62","10","10","","1.8286","0.1714","","20","OLDER_THAN_2_MONTHS","true","false","false","false","false","false","",""
"pelle hitachi 14 tonnes","https://www.batamat.com/Batamat/detail_produit/83","1","57","10","10","","","0.01","","1","OLDER_THAN_2_MONTHS","false","false","true","false","false","false","",""
"location benne preneuse","https://www.batamat.com/Batamat/detail_produit/81","1","62","20","20","","1.3147","0.2683","","5","OLDER_THAN_2_MONTHS","","","","","","","",""
"chariot telescopique electrique","https://www.batamat.com/Batamat/detail_produit/62","1","82","70","70","","3.33","1","","1","OLDER_THAN_2_MONTHS","","","","","","","",""
"comment choisir une mini pelle","https://www.batamat.com/Batamat/detail_actu/17","1","62","10","10","","0.41","1","","1","OLDER_THAN_2_MONTHS","true","false","false","false","false","false","",""
"financement caces","https://www.batamat.com/Batamat/detail_actu/19","1","73","70","70","784","1.0013","0.3548","11.2","25","OLDER_THAN_2_MONTHS","true","false","false","false","false","false","",""
"location pelleteuse 25 tonnes","https://www.batamat.com/Batamat/detail_produit/84","1","60","10","10","","2.7054","0.1","","16","OLDER_THAN_2_MONTHS","true","false","false","false","false","false","",""
"location mini pelle 2t","https://www.batamat.com/Batamat/detail_produit/81","1","67","20","20","","0.63","0.38","","17","OLDER_THAN_2_MONTHS","true","false","false","false","false","false","",""
"camion nacelle 16m","https://www.batamat.com/Batamat/detail_produit/100","1","72","70","70","","1.61","0.02","","20","OLDER_THAN_2_MONTHS","true","false","false","false","false","false","",""
"dumper 5t","https://www.batamat.com/Batamat/detail_produit/54","1","75","70","70","","","0.82","","22","OLDER_THAN_2_MONTHS","","","","","","","",""
"pince bordure mini pelle","https://www.batamat.com/Batamat/detail_produit/194","1","75","64","70","","0.41","1","","18","OLDER_THAN_2_MONTHS","false","false","true","true","false","false","",""
"location mini pelle 5t","https://www.batamat.com/Batamat/detail_produit/79","1","78","70","70","","0.53","0.21","","21","OLDER_THAN_2_MONTHS","true","false","false","false","false","false","",""
"tarif location pelleteuse","https://www.batamat.com/Batamat/detail_produit/56","1","79","42","50","","0.46","0.2","","32","OLDER_THAN_2_MONTHS","true","false","false","false","false","false","",""
"prix location mini pelle 5t","https://www.batamat.com/Batamat/detail_produit/80","1","87","70","70","2","0.53","0.14","0.0286","21","OLDER_THAN_2_MONTHS","true","false","false","false","false","false","",""
"vgp mini pelle","https://www.batamat.com/Batamat/detail_actu/17","1","90","82","90","","0.86","0.1","","5","OLDER_THAN_2_MONTHS","true","false","false","false","false","false","",""
"nacelle 28m","https://www.batamat.com/Batamat/sub_categorie/38","1","77","40","40","","0.4","0.14","","23","OLDER_THAN_2_MONTHS","","","","","","","",""
"ponceuse sol location","https://www.batamat.com/Batamat/detail_produit/196","1","66","30","30","","0.1472","1","","23","OLDER_THAN_2_MONTHS","","","","","","","",""
"nacelle ciseaux thermique","https://www.batamat.com/Batamat/detail_produit/122","1","77","30","30","246","0.4998","0.8912","8.2","25","OLDER_THAN_2_MONTHS","","","","","","","",""
"comment se servir d une mini pelle","https://www.batamat.com/Batamat/detail_actu/17","1","73","27","30","","","0.0136","","19","OLDER_THAN_2_MONTHS","true","false","true","false","false","false","",""
"contrat de mise à disposition de matériel","https://www.batamat.com/Batamat/pages/10","1","82","70","70","","0.206","0.0224","","1","OLDER_THAN_2_MONTHS","true","false","false","false","false","false","",""
"nacelle diesel","https://www.batamat.com/Batamat/detail_produit/115","1","63","30","30","","0.5983","0.437","","27","OLDER_THAN_2_MONTHS","","","","","","","",""
"caces r485 obligatoire","https://www.batamat.com/Batamat/detail_actu/19","1","76","70","70","","1.06","0.04","","18","OLDER_THAN_2_MONTHS","true","false","false","false","false","false","",""
"nacelle ciseau 16m","https://www.batamat.com/Batamat/detail_produit/61","1","79","30","30","","2.9005","0.8836","","13","OLDER_THAN_2_MONTHS","true","false","true","false","false","false","",""
"nacelle diesel","https://www.batamat.com/Batamat/detail_produit/114","1","79","30","30","","0.5983","0.437","","27","OLDER_THAN_2_MONTHS","","","","","","","",""
"compresseur thermique diesel","https://www.batamat.com/Batamat/detail_produit/97","1","87","90","90","","0.5166","1","","24","OLDER_THAN_2_MONTHS","","","","","","","",""
"location de compresseur","https://www.batamat.com/Batamat/detail_produit/97","1","78","50","50","","1.24","1","","30","OLDER_THAN_2_MONTHS","false","false","true","true","true","false","",""
"symbole huile hydraulique","https://www.batamat.com/assets/pdf/2982.pdf","1","78","50","50","","","0","","15","OLDER_THAN_2_MONTHS","","","","","","","",""
"toucan 10m","https://www.batamat.com/Batamat/detail_produit/129","1","75","70","70","","1","0.06","","14","OLDER_THAN_2_MONTHS","","","","","","","",""
"brise roche électrique","https://www.batamat.com/Batamat/detail_produit/87","1","75","30","30","","0.32","1","","18","OLDER_THAN_2_MONTHS","","","","","","","",""
"location pelle grand bras","https://www.batamat.com/Batamat/detail_produit/78","1","62","20","20","","0.336","0.29","","16","OLDER_THAN_2_MONTHS","","","","","","","",""
"rouleau bomag","https://www.batamat.com/Batamat/detail_produit/91","1","78","40","40","","0.4506","0.7778","","10","OLDER_THAN_2_MONTHS","true","false","true","false","false","true","",""
"micro pelle prix","https://www.batamat.com/Batamat/sub_categorie/22","1","80","90","90","","0.62","1","","31","OLDER_THAN_2_MONTHS","","","","","","","",""
"mini chariot télescopique","https://www.batamat.com/Batamat/detail_produit/109","1","78","40","40","","1.07","0.99","","22","OLDER_THAN_2_MONTHS","","","","","","","",""
"brh mini pelle prix","https://www.batamat.com/Batamat/detail_produit/87","1","75","30","30","","0.4565","0.9748","","19","OLDER_THAN_2_MONTHS","","","","","","","",""
"formation caces c'est quoi","https://www.batamat.com/Batamat/detail_actu/19","1","75","40","40","","1.6857","0.2388","","22","OLDER_THAN_2_MONTHS","","","","","","","",""
"prix location mini pelle 44","https://www.batamat.com/Batamat/detail_produit/56","1","52","10","10","","","","","10","OLDER_THAN_2_MONTHS","","","","","","","",""
"location brise roche prix","https://www.batamat.com/Batamat/detail_produit/87","1","63","20","20","","0.39","0.08","","23","OLDER_THAN_2_MONTHS","","","","","","","",""
"permis conducteur d'engin","https://www.batamat.com/Batamat/detail_actu/19","1","78","50","50","","0.78","0.27","","25","OLDER_THAN_2_MONTHS","","","","","","","",""
"location de manitou","https://www.batamat.com/Batamat/detail_produit/220","1","79","70","70","","1.39","0.49","","23","OLDER_THAN_2_MONTHS","false","false","true","false","true","false","",""
"prix location manitou telescopique","https://www.batamat.com/Batamat/detail_produit/109","1","51","10","10","","0.3","0.33","","22","OLDER_THAN_2_MONTHS","","","","","","","",""
"mini pelle 800kg à vendre","https://www.batamat.com/Batamat/sub_categorie/22","1","62","10","10","","0.389","1","","28","OLDER_THAN_2_MONTHS","","","","","","","",""
"location nacelle ciseaux 12m prix","https://www.batamat.com/Batamat/detail_produit/102","1","79","30","30","2","0.51","0.3","0.0667","20","OLDER_THAN_2_MONTHS","","","","","","","",""
"micro pelle pas chere 1000 euros","https://www.batamat.com/Batamat/detail_produit/56","1","54","10","10","","0.1874","1","","22","OLDER_THAN_2_MONTHS","","","","","","","",""
"prix location nacelle telescopique","https://www.batamat.com/Batamat/detail_produit/100","1","52","10","10","","1.25","0.22","","28","OLDER_THAN_2_MONTHS","","","","","","","",""
"location pelle 6 tonnes","https://www.batamat.com/Batamat/detail_produit/78","1","74","30","30","","1.0314","0.3452","","28","OLDER_THAN_2_MONTHS","","","","","","","",""
"pelle brh","https://www.batamat.com/Batamat/detail_produit/87","1","83","90","90","","2.34","0.75","","24","OLDER_THAN_2_MONTHS","","","","","","","",""
"mini chargeur electrique","https://www.batamat.com/Batamat/detail_produit/28","1","88","90","90","","0.68","1","","1","OLDER_THAN_2_MONTHS","","","","","","","",""
"prix location pelle 5 tonnes","https://www.batamat.com/Batamat/detail_produit/76","1","73","70","70","","0.44","0.15","","23","OLDER_THAN_2_MONTHS","true","false","false","false","false","false","",""
"rentabilité mini pelle","https://www.batamat.com/Batamat/detail_produit/80","1","57","10","10","","0.5838","0.4026","","1","OLDER_THAN_2_MONTHS","true","false","false","false","false","false","",""
"72 kg","https://www.batamat.com/Batamat/detail_produit/63","1","75","50","50","","","0","","23","OLDER_THAN_2_MONTHS","","","","","","","",""
"location camion nacelle 10 m prix","https://www.batamat.com/Batamat/detail_produit/129","1","54","10","10","","0.5995","0.3429","","1","OLDER_THAN_2_MONTHS","","","","","","","",""
"betonniere thermique location","https://www.batamat.com/Batamat/detail_produit/219","1","74","64","70","","0.0587","0.04","","32","OLDER_THAN_2_MONTHS","","","","","","","",""
"mise en demeure restitution matériel","https://www.batamat.com/Batamat/pages/10","1","77","70","70","","","","","13","OLDER_THAN_2_MONTHS","true","false","false","false","true","false","",""
"bougie imbibé d huile","https://www.batamat.com/assets/pdf/3839.pdf","1","54","10","10","","","0.119","","14","OLDER_THAN_2_MONTHS","true","false","false","false","false","false","",""
"pelle 4t","https://www.batamat.com/Batamat/detail_produit/80","1","83","90","90","","0.4297","0.9001","","17","OLDER_THAN_2_MONTHS","","","","","","","",""
"surfaceuse sol","https://www.batamat.com/Batamat/detail_produit/196","1","71","30","30","","0.2803","1","","20","OLDER_THAN_2_MONTHS","","","","","","","",""
"location compresseur electrique","https://www.batamat.com/Batamat/detail_produit/160","1","72","50","50","","0.4414","1","","29","OLDER_THAN_2_MONTHS","","","","","","","",""
"marteau piqueur définition","https://www.batamat.com/Batamat/detail_actu/28","1","73","30","30","","","0.1905","","45","OLDER_THAN_2_MONTHS","","","","","","","",""
"location mini pelle 37","https://www.batamat.com/Batamat/detail_produit/84","1","58","10","10","","0.62","0.5","","1","OLDER_THAN_2_MONTHS","","","","","","","",""
"mini pelle 5t loxam","https://www.batamat.com/Batamat/detail_produit/80","1","79","30","30","","0.2105","0.0278","","30","OLDER_THAN_2_MONTHS","","","","","","","",""
"prix location pelle 14 t avec chauffeur","https://www.batamat.com/Batamat/detail_produit/76","1","52","10","10","","","","","34","OLDER_THAN_2_MONTHS","","","","","","","",""
"nacelle electrique 15m","https://www.batamat.com/Batamat/detail_produit/100","1","65","30","30","","0.7","0.967","","28","OLDER_THAN_2_MONTHS","","","","","","","",""
"combien coute une location de mini pelle","https://www.batamat.com/Batamat/detail_produit/56","1","75","45","50","","0.53","0.26","","27","OLDER_THAN_2_MONTHS","true","false","false","false","false","false","",""
"fiche technique nacelle articulée 12 m","https://www.batamat.com/Batamat/detail_produit/112","1","61","10","10","","","0.013","","23","OLDER_THAN_2_MONTHS","true","false","false","false","false","false","",""
"compresseur thermique de chantier","https://www.batamat.com/Batamat/detail_produit/97","1","71","40","40","","0.0895","1","","26","OLDER_THAN_2_MONTHS","","","","","","","",""
"mini-pelle de chantier","https://www.batamat.com/Batamat/sub_categorie/22","1","49","5","50","","0.19","1","","31","OLDER_THAN_2_MONTHS","","","","","","","",""
"dumper 1000 l","https://www.batamat.com/Batamat/detail_produit/54","1","72","50","50","","0.4101","1","","24","OLDER_THAN_2_MONTHS","","","","","","","",""
"un caces","https://www.batamat.com/Batamat/detail_actu/19","1","72","50","50","","2.31","0.03","","39","OLDER_THAN_2_MONTHS","","","","","","","",""
"chariot télescopique 12m","https://www.batamat.com/Batamat/detail_produit/62","1","78","30","30","","1.0831","1","","15","OLDER_THAN_2_MONTHS","false","false","false","true","false","false","",""
"pelle pour marteau piqueur","https://www.batamat.com/Batamat/detail_actu/28","1","72","50","50","","0.97","1","","39","OLDER_THAN_2_MONTHS","false","false","true","true","false","false","",""
"fiche technique mini-pelle 5t","https://www.batamat.com/Batamat/detail_produit/79","1","73","40","40","","0.7752","0.1466","","22","OLDER_THAN_2_MONTHS","true","false","false","true","false","false","",""
"mini pelle 2.5t fiche technique","https://www.batamat.com/Batamat/detail_produit/59","1","86","90","90","","0.6","0.4","","10","OLDER_THAN_2_MONTHS","","","","","","","",""
"mini pelle 2.5t prix","https://www.batamat.com/Batamat/detail_produit/59","1","67","20","20","","","0.5071","","17","OLDER_THAN_2_MONTHS","","","","","","","",""
"mini pelle 1.5t fiche technique","https://www.batamat.com/Batamat/detail_produit/56","1","68","20","20","","","0.0476","","22","OLDER_THAN_2_MONTHS","","","","","","","",""
"mini pelle 2.5t","https://www.batamat.com/Batamat/detail_produit/81","1","94","320","320","676","0.87","0.93","2.1125","20","OLDER_THAN_2_MONTHS","","","","","","","",""
"prix location mini pelle 2.5 tonnes","https://www.batamat.com/Batamat/detail_produit/56","1","59","10","10","","","0.3571","","22","OLDER_THAN_2_MONTHS","","","","","","","",""
"mini pelle 3.5t prix","https://www.batamat.com/Batamat/detail_produit/80","1","62","10","10","","0.4332","0.7669","","23","OLDER_THAN_2_MONTHS","","","","","","","",""
"pelle 2.5t","https://www.batamat.com/Batamat/sub_categorie/22","1","92","210","210","","0.86","0.42","","20","OLDER_THAN_2_MONTHS","","","","","","","",""
"location mini pelle morlaix","https://www.batamat.com/Batamat/detail_produit/56","1","72","10","10","","","0.2222","","1","OLDER_THAN_2_MONTHS","true","false","false","false","true","false","",""
"mini pelle macao","https://www.batamat.com/Batamat/sub_categorie/22","1","74","10","10","","","","","20","OLDER_THAN_2_MONTHS","","","","","","","",""
"mini pelle thermique","https://www.batamat.com/Batamat/detail_produit/60","1","90","40","40","","0.0884","1","","25","OLDER_THAN_2_MONTHS","true","false","true","false","false","false","",""
"pelle 5t takeuchi","https://www.batamat.com/Batamat/detail_produit/191","1","73","10","10","","","","","18","OLDER_THAN_2_MONTHS","","","","","","","",""
"location benne trith saint leger","https://www.batamat.com/Batamat/detail_produit/54","1","63","10","10","","","","","1","OLDER_THAN_2_MONTHS","false","false","true","true","true","false","",""
"caces 3 validité","https://www.batamat.com/Batamat/detail_actu/19","1","84","20","20","","","0.0526","","20","OLDER_THAN_2_MONTHS","true","false","false","false","false","false","",""
"location benne bethune","https://www.batamat.com/Batamat/detail_produit/53","1","89","20","20","","0.5492","0.4847","","1","OLDER_THAN_2_MONTHS","true","false","true","true","true","false","",""
"location minipelle tarif","https://www.batamat.com/Batamat/detail_produit/56","1","82","20","20","1","0.76","0.05","0.05","23","OLDER_THAN_2_MONTHS","true","false","false","false","false","false","",""
"location chariot élévateur télescopique","https://www.batamat.com/Batamat/detail_produit/111","1","82","20","20","","1.27","0.25","","28","OLDER_THAN_2_MONTHS","false","false","true","true","true","false","",""
"location chariot élévateur tout terrain","https://www.batamat.com/Batamat/detail_produit/107","1","84","20","20","","1.22","0.51","","8","OLDER_THAN_2_MONTHS","false","false","true","true","false","false","",""
"plaques de roulage et de protection des sols","https://www.batamat.com/Batamat/detail_produit/179","1","91","30","30","","1.8752","1","","20","OLDER_THAN_2_MONTHS","","","","","","","",""
"marteau piqueur de demolition","https://www.batamat.com/Batamat/detail_actu/28","1","71","10","10","","0.2341","1","","35","OLDER_THAN_2_MONTHS","true","false","true","false","false","false","",""
"location mini pelle 44","https://www.batamat.com/Batamat/detail_produit/56","1","85","20","20","","1.02","0.36","","7","OLDER_THAN_2_MONTHS","true","false","true","false","true","false","",""
"prix location mini pelle 2 5 tonnes","https://www.batamat.com/Batamat/detail_produit/76","1","91","70","70","","0.84","0.16","","22","OLDER_THAN_2_MONTHS","true","false","true","false","false","false","",""
"chariot telescopique 14m","https://www.batamat.com/Batamat/detail_produit/111","1","92","70","70","","0.71","0.11","","23","OLDER_THAN_2_MONTHS","","","","","","","",""
"chargeuse 700l","https://www.batamat.com/Batamat/detail_produit/90","1","93","40","40","","0.0182","0.1584","","7","OLDER_THAN_2_MONTHS","false","false","true","false","false","false","",""
"location de camion nacelle","https://www.batamat.com/Batamat/detail_produit/104","1","94","90","90","","1.19","0.34","","26","OLDER_THAN_2_MONTHS","true","false","true","false","true","false","",""
"mini pelle kobelco 5t","https://www.batamat.com/Batamat/detail_produit/79","1","91","20","20","","","0.5429","","10","OLDER_THAN_2_MONTHS","","","","","","","",""
"prix location nacelle 18m","https://www.batamat.com/Batamat/detail_produit/129","1","97","10","10","","0.7564","0.07","","30","OLDER_THAN_2_MONTHS","true","false","false","false","false","false","",""
"loueur matériel btp","https://www.batamat.com/","1","92","5","30","","1.26","0.06","","24","OLDER_THAN_2_MONTHS","true","false","true","false","true","false","",""
"sobemat mini pelle","https://www.batamat.com/Batamat/detail_actu/17","1","77","20","20","","1.73","0.71","","11","OLDER_THAN_2_MONTHS","","","","","","","",""
"mini pelle petite largeur","https://www.batamat.com/Batamat/detail_produit/56","1","72","10","10","","0.09","0.83","","27","OLDER_THAN_2_MONTHS","","","","","","","",""
"livraison mini pelle","https://www.batamat.com/Batamat/detail_produit/56","1","91","20","20","","1.55","0.55","","20","OLDER_THAN_2_MONTHS","true","false","true","false","false","false","",""
"v lille location longue durée","https://www.batamat.com/Batamat/detail_produit/138","1","89","10","10","","","","","28","OLDER_THAN_2_MONTHS","","","","","","","",""
"couteau suisse lille","https://www.batamat.com/Batamat/detail_produit/110","1","81","20","20","","1.0406","0.97","","1","OLDER_THAN_2_MONTHS","","","","","","","",""
"comment manipuler une mini pelle","https://www.batamat.com/Batamat/detail_actu/17","1","69","10","10","","","","","21","OLDER_THAN_2_MONTHS","","","","","","","",""
"potence treuil manitou","https://www.batamat.com/Batamat/category/1","1","89","30","30","","","1","","19","OLDER_THAN_2_MONTHS","","","","","","","",""
"caces c","https://www.batamat.com/Batamat/detail_actu/19","1","97","90","90","","0.85","0.03","","20","OLDER_THAN_2_MONTHS","true","false","false","false","false","false","",""
"manitou mt 625 h fiche technique","https://www.batamat.com/Batamat/detail_produit/62","1","76","10","10","","","0.0238","","22","OLDER_THAN_2_MONTHS","","","","","","","",""
"location treuil électrique 1t","https://www.batamat.com/Batamat/detail_produit/220","1","79","20","20","","0.8961","1","","16","OLDER_THAN_2_MONTHS","","","","","","","",""
"marteaux piqueurs electrique","https://www.batamat.com/Batamat/detail_actu/28","1","69","10","10","3","0.4889","1","0.3","24","OLDER_THAN_2_MONTHS","","","","","","","",""
"meilleur mini pelle 5t","https://www.batamat.com/Batamat/detail_produit/77","1","82","10","10","","0.0308","0.1","","22","OLDER_THAN_2_MONTHS","true","false","true","true","false","false","",""
"pneu telescopique","https://www.batamat.com/Batamat/detail_produit/62","1","92","70","70","","0.56","1","","13","OLDER_THAN_2_MONTHS","","","","","","","",""
"caces 5 définition","https://www.batamat.com/Batamat/detail_actu/19","1","67","10","10","","3.2252","0.0714","","23","OLDER_THAN_2_MONTHS","true","false","false","false","false","false","",""
"caces financement","https://www.batamat.com/Batamat/detail_actu/19","1","72","10","10","","1.8873","0.3286","","20","OLDER_THAN_2_MONTHS","true","false","false","false","false","false","",""
"brp lille","https://www.batamat.com/","1","75","20","20","","","0","","26","OLDER_THAN_2_MONTHS","true","false","false","false","false","false","",""
"generation bethune blog","https://www.batamat.com/Batamat/detail_produit/84","1","86","10","10","","","0","","1","OLDER_THAN_2_MONTHS","true","false","false","false","false","false","",""
"nacelle articulée electrique","https://www.batamat.com/Batamat/detail_produit/99","1","88","50","50","","0.3944","0.575","","10","OLDER_THAN_2_MONTHS","","","","","","","",""
"marteau hydraulique pour mini pelle","https://www.batamat.com/Batamat/detail_produit/87","1","90","10","10","","0.22","0.91","","21","OLDER_THAN_2_MONTHS","","","","","","","",""
"comment conduire un caces 5","https://www.batamat.com/Batamat/detail_actu/19","1","73","20","20","","","0.0612","","5","OLDER_THAN_2_MONTHS","true","false","false","false","false","false","",""
"tarière rabaud mini pelle","https://www.batamat.com/Batamat/detail_produit/75","1","89","40","40","","","1","","13","OLDER_THAN_2_MONTHS","false","false","true","false","false","false","",""
"attestation de conduite caces","https://www.batamat.com/Batamat/detail_actu/19","1","84","5","40","","1.9985","0.0653","","16","OLDER_THAN_2_MONTHS","","","","","","","",""
"genie lift manuel","https://www.batamat.com/assets/pdf/3200.pdf","1","92","40","40","","0.2803","1","","8","OLDER_THAN_2_MONTHS","","","","","","","",""
"tarif location mini pelle 5t","https://www.batamat.com/Batamat/detail_produit/79","1","71","10","10","","0.6203","0.2857","","22","OLDER_THAN_2_MONTHS","true","false","false","false","false","false","",""
"terrassement mini pelle 1t5","https://www.batamat.com/Batamat/detail_produit/57","1","77","10","10","","1.0074","0.4857","","15","OLDER_THAN_2_MONTHS","true","false","true","false","false","false","",""
"poid plaque vibrante","https://www.batamat.com/Batamat/detail_produit/161","1","88","30","30","","0.9679","1","","20","OLDER_THAN_2_MONTHS","","","","","","","",""
"utiliser marteau piqueur","https://www.batamat.com/Batamat/detail_actu/28","1","95","50","50","","","0.7411","","36","OLDER_THAN_2_MONTHS","true","false","true","false","false","false","",""
"location manitou télescopique prix","https://www.batamat.com/Batamat/detail_produit/64","1","89","70","70","","0.95","0.21","","23","OLDER_THAN_2_MONTHS","","","","","","","",""
"brise-roche électrique","https://www.batamat.com/Batamat/detail_produit/87","1","64","5","30","","0.32","1","","20","OLDER_THAN_2_MONTHS","false","false","true","false","false","false","",""
"remorque grande taille","https://www.batamat.com/Batamat/detail_produit/172","1","95","70","70","","","1","","23","OLDER_THAN_2_MONTHS","","","","","","","",""
"transport gnr","https://www.batamat.com/Batamat/detail_produit/221","1","96","20","20","","","0.1746","","12","OLDER_THAN_2_MONTHS","","","","","","","",""
"prix location camion nacelle 10m","https://www.batamat.com/Batamat/detail_produit/112","1","93","40","40","","0.85","0.26","","8","OLDER_THAN_2_MONTHS","true","false","false","false","false","false","",""
"location telescopique rotatif","https://www.batamat.com/Batamat/detail_produit/110","1","96","20","20","","2.1682","0.3413","","33","OLDER_THAN_2_MONTHS","false","false","false","false","true","false","",""
"prix location manitou telescopique","https://www.batamat.com/Batamat/detail_produit/111","1","77","10","10","","0.3","0.33","","22","OLDER_THAN_2_MONTHS","","","","","","","",""
"chariot rotatif 21m","https://www.batamat.com/Batamat/sub_categorie/20","1","87","50","50","","0.8775","0.4156","","29","OLDER_THAN_2_MONTHS","","","","","","","",""
"prix location mini pelle 800 kg","https://www.batamat.com/Batamat/detail_produit/60","1","97","10","10","","1.7436","0.1","","20","OLDER_THAN_2_MONTHS","","","","","","","",""
"location pelle 8t prix","https://www.batamat.com/Batamat/detail_produit/84","1","74","10","10","2","0.6342","0.09","0.2","23","OLDER_THAN_2_MONTHS","","","","","","","",""
"beton frappe merville","https://www.batamat.com/Batamat/detail_produit/198","1","87","20","20","","","0.0095","","7","OLDER_THAN_2_MONTHS","","","","","","","",""
"location pelle 7 tonnes","https://www.batamat.com/Batamat/detail_produit/76","1","92","10","10","","1.31","0.06","","15","OLDER_THAN_2_MONTHS","","","","","","","",""
"brh micro pelle","https://www.batamat.com/Batamat/detail_produit/87","1","66","10","10","","","1","","22","OLDER_THAN_2_MONTHS","","","","","","","",""
"location manitou rotatif","https://www.batamat.com/Batamat/detail_produit/110","1","72","20","20","","1.5132","0.734","","22","OLDER_THAN_2_MONTHS","","","","","","","",""
"pelle avec brh","https://www.batamat.com/Batamat/detail_produit/88","1","89","40","40","","0.0345","0.29","","23","OLDER_THAN_2_MONTHS","","","","","","","",""
"brh mini pelle location","https://www.batamat.com/Batamat/detail_produit/87","1","86","10","10","","0.8358","0.2041","","25","OLDER_THAN_2_MONTHS","","","","","","","",""
"formation caces 4 pôle emploi","https://www.batamat.com/Batamat/detail_actu/19","1","94","10","10","1","1.6463","0.2857","0.1","21","OLDER_THAN_2_MONTHS","true","false","false","false","false","false","",""
"location pelle 15 tonnes prix","https://www.batamat.com/Batamat/detail_produit/76","1","71","20","20","","0.73","0.2","","1","OLDER_THAN_2_MONTHS","true","false","false","false","false","false","",""
"prix location nacelle 8m","https://www.batamat.com/Batamat/detail_produit/118","1","82","10","10","2","0.81","0.24","0.2","31","OLDER_THAN_2_MONTHS","true","false","false","false","false","false","",""
"location pelle retro","https://www.batamat.com/Batamat/detail_actu/17","1","79","10","10","","0.8758","0.07","","12","OLDER_THAN_2_MONTHS","","","","","","","",""
"bétonnière essence","https://www.batamat.com/Batamat/detail_produit/219","1","75","8","90","","0.16","1","","33","OLDER_THAN_2_MONTHS","false","false","true","false","false","false","",""
"loueur de matériel btp","https://www.batamat.com/","1","70","5","50","","0.7651","0.12","","24","OLDER_THAN_2_MONTHS","","","","","","","",""
"mini pelle 800 kg neuve","https://www.batamat.com/Batamat/sub_categorie/22","1","81","5","40","","1.83","1","","28","OLDER_THAN_2_MONTHS","","","","","","","",""
"duplex roubaix tarif","https://www.batamat.com/Batamat/detail_produit/63","1","69","8","90","","","0","","16","OLDER_THAN_2_MONTHS","true","false","false","false","false","false","",""
"colas trith saint leger","https://www.batamat.com/","1","100","30","30","","","0.0153","","31","OLDER_THAN_2_MONTHS","true","false","false","false","false","false","",""
"location engin de chantier prix","https://www.batamat.com/","1","89","40","40","4","0.35","0.28","0.1","1","OLDER_THAN_2_MONTHS","","","","","","","",""
"location mini pelle calais","https://www.batamat.com/","1","93","10","10","","0.64","0.54","","1","OLDER_THAN_2_MONTHS","","","","","","","",""
"formation terrassement pole emploi","https://www.batamat.com/Batamat/detail_actu/19","1","96","10","10","","1.48","0.17","","28","OLDER_THAN_2_MONTHS","","","","","","","",""
"location mini pelle avec chauffeur 60","https://www.batamat.com/Batamat/detail_produit/80","1","72","10","10","","2.627","0.5816","","1","OLDER_THAN_2_MONTHS","true","false","true","false","true","false","",""
"location groupe électrogène montpellier","https://www.batamat.com/Batamat/detail_produit/175","1","86","5","30","","2.04","0.86","","11","OLDER_THAN_2_MONTHS","false","false","true","false","true","false","",""
"location materiel de construction","https://www.batamat.com/","1","93","5","50","","1.66","0.2","","24","OLDER_THAN_2_MONTHS","","","","","","","",""
"location minipelle 2.5t","https://www.batamat.com/Batamat/detail_produit/56","1","76","5","50","","1.18","0.32","","20","OLDER_THAN_2_MONTHS","true","false","false","false","false","false","",""
"entretien compresseur de chantier","https://www.batamat.com/Batamat/detail_produit/97","1","71","20","20","","1.1063","0.8571","","1","OLDER_THAN_2_MONTHS","","","","","","","",""
"location mini pelle 57","https://www.batamat.com/Batamat/detail_produit/81","1","68","10","10","","0.7763","0.3929","","1","OLDER_THAN_2_MONTHS","","","","","","","",""
"location mini pelle 60","https://www.batamat.com/Batamat/detail_produit/60","1","74","10","10","10","","","1","15","OLDER_THAN_2_MONTHS","","","","","","","",""
"télescopique 17m","https://www.batamat.com/Batamat/category/1","1","87","30","30","","0.6525","0.7092","","28","OLDER_THAN_2_MONTHS","","","","","","","",""
"chariot telescopique 17m","https://www.batamat.com/Batamat/detail_produit/110","1","83","10","10","","1.5034","0.381","","17","OLDER_THAN_2_MONTHS","","","","","","","",""
"consommation carburant pelleteuse","https://www.batamat.com/Batamat/detail_produit/76","1","93","10","10","","","0","","8","OLDER_THAN_2_MONTHS","","","","","","","",""
"compresseur thermique avec génératrice","https://www.batamat.com/Batamat/detail_produit/97","1","95","10","10","1","0.83","1","0.1","27","OLDER_THAN_2_MONTHS","","","","","","","",""
"marteau piqueur leger","https://www.batamat.com/Batamat/detail_actu/28","1","93","40","40","","0.5611","1","","24","OLDER_THAN_2_MONTHS","","","","","","","",""
"chargeuse articulée télescopique","https://www.batamat.com/Batamat/detail_produit/35","1","84","20","20","","12.4","0.44","","4","OLDER_THAN_2_MONTHS","true","false","false","false","false","false","",""
"pied dameur","https://www.batamat.com/Batamat/detail_produit/94","1","88","30","30","","0.0619","0.8111","","24","OLDER_THAN_2_MONTHS","","","","","","","",""
"pelle 60 tonnes","https://www.batamat.com/Batamat/detail_produit/60","1","97","90","90","","","0.04","","7","OLDER_THAN_2_MONTHS","","","","","","","",""
"location groupe électrogène 6 kva","https://www.batamat.com/Batamat/detail_produit/175","1","68","10","10","","2.5587","1","","36","OLDER_THAN_2_MONTHS","","","","","","","",""
"chariot telescopique 12m","https://www.batamat.com/Batamat/detail_produit/108","1","80","30","30","","1.0831","1","","12","OLDER_THAN_2_MONTHS","","","","","","","",""
"manitou rotatif 25 m","https://www.batamat.com/Batamat/detail_produit/110","1","96","70","70","","","0.15","","24","OLDER_THAN_2_MONTHS","","","","","","","",""
"nacelle électrique 12m","https://www.batamat.com/Batamat/detail_produit/102","1","93","50","50","","1","0.54","","32","OLDER_THAN_2_MONTHS","","","","","","","",""
"mini pelle 3.5t","https://www.batamat.com/Batamat/detail_produit/137","1","96","140","140","","1","0.85","","18","OLDER_THAN_2_MONTHS","","","","","","","",""
"compacteur à pied de mouton","https://www.batamat.com/Batamat/detail_produit/94","1","91","30","30","","","0.7302","","26","OLDER_THAN_2_MONTHS","true","false","false","true","true","false","",""
"bull chargeur","https://www.batamat.com/Batamat/detail_produit/131","1","91","40","40","","0.2251","0.2899","","5","OLDER_THAN_2_MONTHS","false","false","false","true","false","false","",""
"mini pelle sur chenille","https://www.batamat.com/Batamat/detail_produit/56","1","83","50","50","","1.7","1","","20","OLDER_THAN_2_MONTHS","","","","","","","",""
"mini pelle 2.5 t fiche technique","https://www.batamat.com/Batamat/detail_produit/56","1","98","70","70","","1.43","0.08","","20","OLDER_THAN_2_MONTHS","true","false","false","true","false","false","",""
"pilonneuse diesel","https://www.batamat.com/Batamat/detail_produit/63","1","87","10","10","","","1","","27","OLDER_THAN_2_MONTHS","","","","","","","",""
"nacelle electrique 12m","https://www.batamat.com/Batamat/detail_produit/102","1","88","50","50","","1","0.54","","33","OLDER_THAN_2_MONTHS","","","","","","","",""
"manitou telescopique 18m","https://www.batamat.com/Batamat/detail_produit/109","1","88","50","50","","0.96","0.53","","20","OLDER_THAN_2_MONTHS","","","","","","","",""
"location nacelle articulé","https://www.batamat.com/Batamat/detail_produit/99","1","94","50","50","","1.6182","0.4116","","31","OLDER_THAN_2_MONTHS","","","","","","","",""
"mini pelle 2.5t prix","https://www.batamat.com/Batamat/detail_produit/56","1","83","20","20","","","0.5071","","17","OLDER_THAN_2_MONTHS","","","","","","","",""
"mini pelle 3.5t prix","https://www.batamat.com/Batamat/detail_produit/82","1","79","10","10","","0.4332","0.7669","","23","OLDER_THAN_2_MONTHS","","","","","","","",""
"nacelle articulée 17m","https://www.batamat.com/Batamat/detail_produit/101","","13","","","","","","","7","2026-07-26","","","","","","","",""
"nacelle ciseaux 22m","https://www.batamat.com/Batamat/detail_produit/116","","28","","","","","","","25","2026-07-26","true","false","false","false","false","false","",""
"location de plaques de roulage","https://www.batamat.com/Batamat/detail_produit/179","","10","","","","","","","15","2026-07-23","true","false","false","false","true","false","",""
"ou assurer une mini pelle","https://www.batamat.com/Batamat/detail_produit/57","","53","","","","","","","16","2026-07-21","true","false","false","false","false","false","",""
"caces ou les passer","https://www.batamat.com/Batamat/detail_actu/19","","26","","","","","","","33","2026-07-18","true","false","false","false","false","false","",""
"passer les caces","https://www.batamat.com/Batamat/detail_actu/19","","4","","","","","","","19","2026-06-15","true","false","false","false","false","false","",""
"synonime obtenir","https://www.batamat.com/Batamat/detail_actu/19","","41","","","","","","","48","2026-06-07","true","false","false","false","false","false","","synonyme obtenir"
"compactage synonyme","https://www.batamat.com/","","30","","","","","","","47","2026-06-03","true","false","false","false","false","false","",""
"marteaux électriques","https://www.batamat.com/Batamat/detail_actu/28","","19","","","","","","","42","2026-06-01","true","false","true","false","false","false","",""
"permis casses","https://www.batamat.com/Batamat/detail_actu/19","","9","","","","","","","20","2026-05-30","true","false","false","false","false","false","","permis caces"
"comment passer son caces","https://www.batamat.com/Batamat/detail_actu/19","","3","","","","","","","21","OLDER_THAN_2_MONTHS","true","false","false","false","false","false","",""
"comment choisir marteau piqueur","https://www.batamat.com/Batamat/detail_actu/28","","4","","","","","","","21","OLDER_THAN_2_MONTHS","true","false","false","false","false","false","",""
"micropelle","https://www.batamat.com/Batamat/detail_produit/56","","54","","","","","","","26","OLDER_THAN_2_MONTHS","true","false","true","false","true","false","",""
"pelle a pneus","https://www.batamat.com/Batamat/sub_categorie/26","","52","","","","","","","31","OLDER_THAN_2_MONTHS","true","false","true","false","false","false","",""
"brh prix location","https://www.batamat.com/Batamat/detail_produit/87","","65","","","","","","","23","OLDER_THAN_2_MONTHS","true","false","false","false","false","false","",""
"prix location nacelle pontarlier","https://www.batamat.com/Batamat/detail_produit/102","","21","","","","","","","1","OLDER_THAN_2_MONTHS","true","false","false","false","false","false","",""
"prix location nacelle pontarlier","https://www.batamat.com/Batamat/detail_produit/100","","61","","","","","","","1","OLDER_THAN_2_MONTHS","true","false","false","false","false","false","",""
"location nacelle brest prix","https://www.batamat.com/Batamat/detail_produit/100","","75","","","","","","","13","OLDER_THAN_2_MONTHS","true","false","false","false","false","false","",""
"location bétonnière 300l","https://www.batamat.com/Batamat/detail_produit/219","","49","","","","","","","14","OLDER_THAN_2_MONTHS","false","false","true","false","false","false","",""
"location mini pelle salmat","https://www.batamat.com/Batamat/detail_produit/81","","23","","","","","","","21","OLDER_THAN_2_MONTHS","true","true","false","false","true","true","",""
"location mini pelle salmat","https://www.batamat.com/Batamat/detail_produit/60","","39","","","","","","","21","OLDER_THAN_2_MONTHS","true","true","false","false","true","true","",""
"location mini pelle salmat","https://www.batamat.com/Batamat/detail_produit/84","","58","","","","","","","21","OLDER_THAN_2_MONTHS","true","true","false","false","true","true","",""
"location mini pelle salmat","https://www.batamat.com/Batamat/detail_produit/80","","61","","","","","","","21","OLDER_THAN_2_MONTHS","true","true","false","false","true","true","",""
"location mini pelle salmat","https://www.batamat.com/Batamat/detail_produit/76","","63","","","","","","","21","OLDER_THAN_2_MONTHS","true","true","false","false","true","true","",""
"location pelle 17t","https://www.batamat.com/Batamat/detail_produit/84","","2","","","","","","","20","OLDER_THAN_2_MONTHS","","","","","","","",""
"location betonniere 350l prix","https://www.batamat.com/Batamat/detail_produit/219","","29","","","","","","","17","OLDER_THAN_2_MONTHS","","","","","","","",""
"location nacelle locatoumat","https://www.batamat.com/Batamat/detail_produit/112","","47","","","","","","","31","OLDER_THAN_2_MONTHS","true","true","false","false","true","true","",""
"location nacelle locatoumat","https://www.batamat.com/Batamat/detail_produit/100","","62","","","","","","","31","OLDER_THAN_2_MONTHS","true","true","false","false","true","true","",""
"location nacelle tractable 12m","https://www.batamat.com/Batamat/detail_produit/112","","53","","","","","","","20","OLDER_THAN_2_MONTHS","true","false","false","false","false","false","",""
"pelle a pneu 16t","https://www.batamat.com/Batamat/sub_categorie/26","","46","","","","","","","4","OLDER_THAN_2_MONTHS","true","false","false","false","false","false","",""
"micro pelle 800 kg prix","https://www.batamat.com/Batamat/detail_produit/56","","7","","","","","","","24","OLDER_THAN_2_MONTHS","true","false","true","false","false","false","micro pelle 800kg prix",""
"pelle à pneu avec rototilt","https://www.batamat.com/Batamat/sub_categorie/26","","61","","","","","","","1","OLDER_THAN_2_MONTHS","false","false","true","false","false","false","",""
"mini pelle 800 kg avec brh","https://www.batamat.com/Batamat/detail_produit/56","","19","","","","","","","15","OLDER_THAN_2_MONTHS","","","","","","","",""
"mini-pelle brh location","https://www.batamat.com/Batamat/detail_produit/88","","37","","","","","","","25","OLDER_THAN_2_MONTHS","true","false","false","false","false","false","",""
"mini pelle brh location","https://www.batamat.com/Batamat/detail_produit/88","","36","","","","","","","26","OLDER_THAN_2_MONTHS","","","","","","","",""
"prix location nacelle ciseau","https://www.batamat.com/Batamat/detail_produit/61","","5","","","","","","","22","OLDER_THAN_2_MONTHS","true","false","false","false","false","false","",""
"prix location brh","https://www.batamat.com/Batamat/detail_produit/87","","8","","","","","","","12","OLDER_THAN_2_MONTHS","true","false","false","false","false","false","",""
"prix nacelle ciseaux location","https://www.batamat.com/Batamat/detail_produit/61","","7","","","3","","","","22","OLDER_THAN_2_MONTHS","true","false","false","false","false","false","",""
"location de plaque de roulage lille","https://www.batamat.com/Batamat/detail_produit/179","","2","","","","","","","7","OLDER_THAN_2_MONTHS","true","false","false","false","false","false","",""
"vente location plaque de roulage lille","https://www.batamat.com/Batamat/detail_produit/179","","2","","","","","","","7","OLDER_THAN_2_MONTHS","","","","","","","",""
"location plaques de protection de sol lille","https://www.batamat.com/Batamat/detail_produit/179","","3","","","","","","","7","OLDER_THAN_2_MONTHS","false","false","false","false","true","false","",""
"location de pelle à chenilles avec chauffeur lille","https://www.batamat.com/Batamat/detail_produit/80","","4","","","","","","","1","OLDER_THAN_2_MONTHS","true","false","false","false","false","false","",""
"achat de plaque de roulage lille","https://www.batamat.com/Batamat/detail_produit/179","","4","","","","","","","7","OLDER_THAN_2_MONTHS","true","false","false","false","true","false","",""
"location bull lille","https://www.batamat.com/","","6","","","","","","","1","OLDER_THAN_2_MONTHS","true","false","false","false","false","false","",""
"location plaques piétons lille","https://www.batamat.com/Batamat/detail_produit/179","","6","","","","","","","7","OLDER_THAN_2_MONTHS","false","false","false","false","true","false","",""
"location tombereau lille","https://www.batamat.com/Batamat/detail_produit/159","","6","","","","","","","4","OLDER_THAN_2_MONTHS","","","","","","","",""
"prix location camion nacelle 16m","https://www.batamat.com/Batamat/detail_produit/104","","7","","","","","","","22","OLDER_THAN_2_MONTHS","true","false","false","false","false","false","",""
"location pelle chenille pneu lille","https://www.batamat.com/Batamat/detail_produit/84","","8","","","","","","","1","OLDER_THAN_2_MONTHS","","","","","","","",""
"location de plaque de roulage toulouse","https://www.batamat.com/Batamat/detail_produit/179","","8","","","","","","","7","OLDER_THAN_2_MONTHS","","","","","","","",""
"location de dumper avec chauffeur lille","https://www.batamat.com/Batamat/detail_produit/52","","9","","","","","","","1","OLDER_THAN_2_MONTHS","true","false","true","false","true","false","",""
"location de dumper avec chauffeur béthune","https://www.batamat.com/Batamat/detail_produit/53","","10","","","","","","","1","OLDER_THAN_2_MONTHS","true","false","false","false","true","false","",""
"location de mecalac arras","https://www.batamat.com/","","12","","","","","","","4","OLDER_THAN_2_MONTHS","","","","","","","",""
"location de pelle à chenilles avec chauffeur béthune","https://www.batamat.com/Batamat/detail_produit/60","","12","","","","","","","1","OLDER_THAN_2_MONTHS","true","false","false","false","true","false","",""
"location de plaque de roulage nice","https://www.batamat.com/Batamat/detail_produit/179","","14","","","","","","","19","OLDER_THAN_2_MONTHS","false","false","true","false","true","false","",""
"location de plaque de roulage marseille","https://www.batamat.com/Batamat/detail_produit/179","","14","","","","","","","19","OLDER_THAN_2_MONTHS","true","false","false","false","false","false","",""
"location de dumper avec chauffeur béthune","https://www.batamat.com/Batamat/detail_produit/52","","15","","","","","","","1","OLDER_THAN_2_MONTHS","true","false","false","false","true","false","",""
"location passerelle tp lille","https://www.batamat.com/","","15","","","","","","","1","OLDER_THAN_2_MONTHS","false","false","false","false","true","false","",""
"location de plaque de roulage bordeaux","https://www.batamat.com/Batamat/detail_produit/179","","16","","","","","","","7","OLDER_THAN_2_MONTHS","","","","","","","",""
"location de plaque de roulage lyon","https://www.batamat.com/Batamat/detail_produit/179","","16","","","","","","","7","OLDER_THAN_2_MONTHS","true","false","false","false","false","false","",""
"location plaques de protection de sol reims","https://www.batamat.com/Batamat/detail_produit/179","","16","","","","","","","10","OLDER_THAN_2_MONTHS","false","false","false","false","true","false","",""
"location pelle chenille pneu lille","https://www.batamat.com/Batamat/detail_produit/80","","17","","","","","","","1","OLDER_THAN_2_MONTHS","","","","","","","",""
"location panneaux de chantier lille","https://www.batamat.com/","","17","","","","","","","1","OLDER_THAN_2_MONTHS","false","false","false","false","true","false","",""
"vente location plaque de roulage strasbourg","https://www.batamat.com/Batamat/detail_produit/179","","17","","","","","","","4","OLDER_THAN_2_MONTHS","false","false","false","false","true","false","",""
"location de panneaux travaux lille","https://www.batamat.com/","","18","","","","","","","1","OLDER_THAN_2_MONTHS","false","false","false","false","true","false","",""
"location pont lourd lille","https://www.batamat.com/Batamat/detail_produit/179","","18","","","","","","","10","OLDER_THAN_2_MONTHS","false","false","false","false","true","false","",""
"vente location plaque de roulage bordeaux","https://www.batamat.com/Batamat/detail_produit/179","","18","","","","","","","7","OLDER_THAN_2_MONTHS","false","false","false","false","true","false","",""
"location pelle 14t prix","https://www.batamat.com/Batamat/detail_produit/83","","20","","","","","","","29","OLDER_THAN_2_MONTHS","true","false","false","false","false","false","",""
"installation matériel de chantier lille","https://www.batamat.com/","","20","","","","","","","1","OLDER_THAN_2_MONTHS","true","false","false","false","true","false","",""
"location de pelle à pneus avec chauffeur béthune","https://www.batamat.com/Batamat/detail_produit/60","","21","","","","","","","1","OLDER_THAN_2_MONTHS","true","false","false","false","true","false","",""
"location plaques de protection de sol dijon","https://www.batamat.com/Batamat/detail_produit/179","","23","","","","","","","21","OLDER_THAN_2_MONTHS","false","false","true","false","true","false","",""
"location plaques de protection de sol strasbourg","https://www.batamat.com/Batamat/detail_produit/179","","24","","","","","","","7","OLDER_THAN_2_MONTHS","true","false","false","false","false","false","",""
"location de pelle à chenilles avec chauffeur béthune","https://www.batamat.com/Batamat/detail_produit/56","","25","","","","","","","1","OLDER_THAN_2_MONTHS","true","false","false","false","true","false","",""
"location de plaque de roulage montpellier","https://www.batamat.com/Batamat/detail_produit/179","","25","","","","","","","14","OLDER_THAN_2_MONTHS","true","false","false","false","false","false","",""
"location plaques de protection de sol montpellier","https://www.batamat.com/Batamat/detail_produit/179","","25","","","","","","","18","OLDER_THAN_2_MONTHS","false","false","true","false","false","false","",""
"vente location plaque de roulage rouen","https://www.batamat.com/Batamat/detail_produit/179","","25","","","","","","","1","OLDER_THAN_2_MONTHS","false","false","false","false","true","false","",""
"location de dumper avec chauffeur lille","https://www.batamat.com/Batamat/detail_produit/156","","26","","","","","","","1","OLDER_THAN_2_MONTHS","true","false","true","false","true","false","",""
"location de plaque de roulage paris","https://www.batamat.com/Batamat/detail_produit/179","","26","","","","","","","1","OLDER_THAN_2_MONTHS","true","false","false","false","false","false","",""
"location plaques de protection de sol bordeaux","https://www.batamat.com/Batamat/detail_produit/179","","26","","","","","","","7","OLDER_THAN_2_MONTHS","false","false","false","false","true","false","",""
"location plaques de protection de sol rouen","https://www.batamat.com/Batamat/detail_produit/179","","26","","","","","","","1","OLDER_THAN_2_MONTHS","false","false","false","false","true","false","",""
"location plaques de protection de sol toulouse","https://www.batamat.com/Batamat/detail_produit/179","","26","","","","","","","14","OLDER_THAN_2_MONTHS","false","false","false","false","true","false","",""
"vente location plaque de roulage île-de-france","https://www.batamat.com/Batamat/detail_produit/179","","26","","","","","","","1","OLDER_THAN_2_MONTHS","","","","","","","",""
"location de plaque de roulage nantes","https://www.batamat.com/Batamat/detail_produit/179","","27","","","","","","","7","OLDER_THAN_2_MONTHS","false","false","false","false","true","false","",""
"location de dumper avec chauffeur béthune","https://www.batamat.com/Batamat/detail_produit/55","","28","","","","","","","1","OLDER_THAN_2_MONTHS","true","false","false","false","true","false","",""
"location de balises de chantier lille","https://www.batamat.com/","","28","","","","","","","18","OLDER_THAN_2_MONTHS","true","false","false","false","true","false","",""
"location plaques de protection de sol marseille","https://www.batamat.com/Batamat/detail_produit/179","","29","","","","","","","20","OLDER_THAN_2_MONTHS","false","false","true","false","false","false","",""
"vente location plaque de roulage nantes","https://www.batamat.com/Batamat/detail_produit/179","","31","","","","","","","7","OLDER_THAN_2_MONTHS","false","false","false","false","true","false","",""
"location de plaque de roulage dijon","https://www.batamat.com/Batamat/detail_produit/179","","31","","","","","","","14","OLDER_THAN_2_MONTHS","true","false","false","false","true","false","",""
"location de plaque de roulage rouen","https://www.batamat.com/Batamat/detail_produit/179","","33","","","","","","","1","OLDER_THAN_2_MONTHS","","","","","","","",""
"location de pelle à chenilles avec chauffeur lille","https://www.batamat.com/Batamat/detail_produit/60","","34","","","","","","","1","OLDER_THAN_2_MONTHS","true","false","false","false","false","false","",""
"location plaques de protection de sol nantes","https://www.batamat.com/Batamat/detail_produit/179","","34","","","","","","","7","OLDER_THAN_2_MONTHS","false","false","false","false","true","false","",""
"location plaques de protection de sol paris","https://www.batamat.com/Batamat/detail_produit/179","","34","","","","","","","1","OLDER_THAN_2_MONTHS","","","","","","","",""
"vente location plaque de roulage luxembourg","https://www.batamat.com/Batamat/detail_produit/179","","35","","","","","","","1","OLDER_THAN_2_MONTHS","","","","","","","",""
"vente location plaque de roulage paris","https://www.batamat.com/Batamat/detail_produit/179","","35","","","","","","","1","OLDER_THAN_2_MONTHS","","","","","","","",""
"location pont lourd lille","https://www.batamat.com/","","37","","","","","","","10","OLDER_THAN_2_MONTHS","false","false","false","false","true","false","",""
"location de pelle à chenilles avec chauffeur béthune","https://www.batamat.com/Batamat/detail_produit/59","","38","","","","","","","1","OLDER_THAN_2_MONTHS","true","false","false","false","true","false","",""
"vente location plaque de répartition de charge lille","https://www.batamat.com/Batamat/detail_produit/161","","38","","","","","","","7","OLDER_THAN_2_MONTHS","false","false","false","false","true","false","",""
"location de plaque de roulage lille","https://www.batamat.com/Batamat/detail_produit/161","","39","","","","","","","7","OLDER_THAN_2_MONTHS","true","false","false","false","false","false","",""
"location de dumper avec chauffeur béthune","https://www.batamat.com/Batamat/detail_produit/156","","42","","","","","","","1","OLDER_THAN_2_MONTHS","true","false","false","false","true","false","",""
"location plaques piétons lille","https://www.batamat.com/Batamat/detail_produit/161","","43","","","","","","","7","OLDER_THAN_2_MONTHS","false","false","false","false","true","false","",""
"vente location plaque de roulage lille","https://www.batamat.com/Batamat/detail_produit/161","","43","","","","","","","7","OLDER_THAN_2_MONTHS","","","","","","","",""
"achat de plaque de roulage toulouse","https://www.batamat.com/Batamat/detail_produit/179","","43","","","","","","","35","OLDER_THAN_2_MONTHS","false","false","true","false","true","false","",""
"location de dumper avec chauffeur valenciennes","https://www.batamat.com/Batamat/detail_produit/53","","46","","","","","","","1","OLDER_THAN_2_MONTHS","true","false","false","false","true","false","",""
"location plaques de protection de sol lille","https://www.batamat.com/Batamat/detail_produit/161","","47","","","","","","","7","OLDER_THAN_2_MONTHS","false","false","false","false","true","false","",""
"location de pelle à chenilles avec chauffeur béthune","https://www.batamat.com/Batamat/detail_produit/57","","49","","","","","","","1","OLDER_THAN_2_MONTHS","true","false","false","false","true","false","",""
"location de dumper avec chauffeur valenciennes","https://www.batamat.com/Batamat/detail_produit/156","","59","","","","","","","1","OLDER_THAN_2_MONTHS","true","false","false","false","true","false","",""
"location de dumper avec chauffeur béthune","https://www.batamat.com/Batamat/detail_produit/80","","63","","","","","","","1","OLDER_THAN_2_MONTHS","true","false","false","false","true","false","",""
"achat de plaque de roulage bordeaux","https://www.batamat.com/Batamat/detail_produit/179","","63","","","","","","","7","OLDER_THAN_2_MONTHS","false","false","false","false","true","false","",""
"location de dumper avec chauffeur lens","https://www.batamat.com/Batamat/detail_produit/53","","65","","","","","","","1","OLDER_THAN_2_MONTHS","true","false","true","false","true","false","",""
"location pont lourd lille","https://www.batamat.com/Batamat/detail_produit/161","","71","","","","","","","10","OLDER_THAN_2_MONTHS","false","false","false","false","true","false","",""
"location de dumper avec chauffeur béthune","https://www.batamat.com/Batamat/detail_produit/79","","75","","","","","","","1","OLDER_THAN_2_MONTHS","true","false","false","false","true","false","",""
"prix location nacelle a ciseaux","https://www.batamat.com/Batamat/detail_produit/61","","5","","","","","","","22","OLDER_THAN_2_MONTHS","true","false","false","false","false","false","",""
"mini pelle bobimat","https://www.batamat.com/Batamat/sub_categorie/22","","21","","","","","","","11","OLDER_THAN_2_MONTHS","true","false","true","false","false","false","",""
"mini pelle mol","https://www.batamat.com/Batamat/sub_categorie/22","","37","","","4","","","","1","OLDER_THAN_2_MONTHS","true","false","true","false","false","false","",""
"mini pelle bobimat","https://www.batamat.com/Batamat/detail_actu/17","","78","","","","","","","11","OLDER_THAN_2_MONTHS","true","false","true","false","false","false","",""
"prix location camion nacelle 20m","https://www.batamat.com/Batamat/detail_produit/106","","5","","","","","","","19","OLDER_THAN_2_MONTHS","true","false","false","false","false","false","",""
"pince de tri pelle 5t","https://www.batamat.com/Batamat/detail_produit/195","","16","","","","","","","20","OLDER_THAN_2_MONTHS","false","false","true","false","false","false","",""
"location pilonneuse tarif","https://www.batamat.com/Batamat/detail_produit/63","","12","","","","","","","24","OLDER_THAN_2_MONTHS","true","false","false","false","false","false","",""
"location pilonneuse électrique","https://www.batamat.com/Batamat/detail_produit/188","","10","","","","","","","22","OLDER_THAN_2_MONTHS","","","","","","","",""
"pilonneuse sur batterie","https://www.batamat.com/Batamat/detail_produit/188","","21","","","","","","","22","OLDER_THAN_2_MONTHS","","","","","","","",""
"location pilonneuse électrique","https://www.batamat.com/Batamat/detail_produit/63","","42","","","","","","","22","OLDER_THAN_2_MONTHS","","","","","","","",""
"pilonneuse electrique prix","https://www.batamat.com/Batamat/detail_produit/188","","16","","","","","","","9","OLDER_THAN_2_MONTHS","","","","","","","",""
"chantier propre et silencieux","https://www.batamat.com/Batamat/detail_actu/44","","21","","","","","","","10","OLDER_THAN_2_MONTHS","true","false","false","false","false","false","",""
"pelle à pneu furukawa","https://www.batamat.com/Batamat/sub_categorie/26","","58","","","2","","","","7","OLDER_THAN_2_MONTHS","","","","","","","",""
"plaque de roulage mini pelle","https://www.batamat.com/Batamat/detail_produit/179","","18","","","","","","","23","OLDER_THAN_2_MONTHS","false","false","true","false","false","false","",""
"chariot télescopique 7 m","https://www.batamat.com/Batamat/detail_produit/64","","11","","","","","","","28","OLDER_THAN_2_MONTHS","","","","","","","",""
"pilonneuse à batterie","https://www.batamat.com/Batamat/detail_produit/188","","27","","","","","","","21","OLDER_THAN_2_MONTHS","","","","","","","",""
"location brh lille","https://www.batamat.com/Batamat/detail_produit/88","","3","","","","","","","1","OLDER_THAN_2_MONTHS","","","","","","","",""
"location pelle sur chenilles","https://www.batamat.com/Batamat/detail_produit/56","","8","","","","","","","19","OLDER_THAN_2_MONTHS","","","","","","","",""
"location pince tri","https://www.batamat.com/Batamat/detail_produit/195","","12","","","","","","","8","OLDER_THAN_2_MONTHS","","","","","","","",""
"location brh lille","https://www.batamat.com/","","13","","","","","","","1","OLDER_THAN_2_MONTHS","","","","","","","",""
"louer benne preneuse pour pelleteuse","https://www.batamat.com/Batamat/detail_produit/81","","18","","","","","","","19","OLDER_THAN_2_MONTHS","","","","","","","",""
"location pelleteuse sur chenilles","https://www.batamat.com/Batamat/detail_produit/56","","19","","","","","","","28","OLDER_THAN_2_MONTHS","","","","","","","",""
"location brh lille","https://www.batamat.com/Batamat/detail_produit/56","","22","","","","","","","1","OLDER_THAN_2_MONTHS","","","","","","","",""
"lisseuse béton télescopique location","https://www.batamat.com/Batamat/detail_produit/196","","30","","","","","","","26","OLDER_THAN_2_MONTHS","false","false","true","false","false","false","",""
"location pince tri","https://www.batamat.com/Batamat/detail_produit/194","","30","","","","","","","8","OLDER_THAN_2_MONTHS","","","","","","","",""
"location benne preneuse pour pelleteuse","https://www.batamat.com/Batamat/detail_produit/76","","31","","","","","","","16","OLDER_THAN_2_MONTHS","","","","","","","",""
"location pince de tri pour pelleteuse","https://www.batamat.com/Batamat/detail_produit/84","","36","","","","","","","8","OLDER_THAN_2_MONTHS","","","","","","","",""
"location pince de démolition pour pelleteuse","https://www.batamat.com/Batamat/detail_produit/84","","37","","","","","","","26","OLDER_THAN_2_MONTHS","","","","","","","",""
"louer pelleteuse sur chenilles","https://www.batamat.com/Batamat/detail_produit/56","","45","","","","","","","35","OLDER_THAN_2_MONTHS","","","","","","","",""
"location matériel de chantier nord","https://www.batamat.com/","","57","","","","","","","1","OLDER_THAN_2_MONTHS","","","","","","","",""
"location pelle sur pneus","https://www.batamat.com/Batamat/sub_categorie/26","","82","","","","","","","19","OLDER_THAN_2_MONTHS","","","","","","","",""
"louer benne preneuse pour pelleteuse","https://www.batamat.com/Batamat/detail_produit/56","","91","","","","","","","19","OLDER_THAN_2_MONTHS","","","","","","","",""
"chargeuse articulée prix","https://www.batamat.com/Batamat/detail_produit/34","","6","","","","","","","24","OLDER_THAN_2_MONTHS","true","false","true","false","false","false","",""
"location potence pour chariot élévateur","https://www.batamat.com/Batamat/detail_produit/224","","8","","","","","","","22","OLDER_THAN_2_MONTHS","","","","","","","",""
"chargeuse articulée prix","https://www.batamat.com/Batamat/detail_produit/138","","29","","","","","","","24","OLDER_THAN_2_MONTHS","true","false","true","false","false","false","",""
"nacelle élévatrice sur chenilles prix","https://www.batamat.com/Batamat/detail_produit/114","","85","","","","","","","26","OLDER_THAN_2_MONTHS","true","false","true","false","false","false","",""
"prix découpeuse thermique","https://www.batamat.com/Batamat/detail_produit/128","","91","","","","","","","30","OLDER_THAN_2_MONTHS","false","false","true","false","false","false","",""
"location d une plaque vibrante","https://www.batamat.com/Batamat/detail_produit/161","","51","","","","","","","32","OLDER_THAN_2_MONTHS","true","false","true","false","false","false","",""
"plaques de roulage chantier","https://www.batamat.com/Batamat/detail_produit/179","","65","","","","","","","20","OLDER_THAN_2_MONTHS","","","","","","","",""
"nacelle 45","https://www.batamat.com/Batamat/sub_categorie/38","","83","","","","","","","7","OLDER_THAN_2_MONTHS","","","","","","","",""
"lille merville","https://www.batamat.com/","","64","","","","","","","1","OLDER_THAN_2_MONTHS","false","false","false","false","true","false","",""
"asphalte lille","https://www.batamat.com/Batamat/detail_produit/189","","70","","","","","","","8","OLDER_THAN_2_MONTHS","","","","","","","",""
"plaque roulage chantier","https://www.batamat.com/Batamat/detail_produit/179","","63","","","","","","","20","OLDER_THAN_2_MONTHS","","","","","","","",""
"location engin de chantier lille","https://www.batamat.com/","","4","","","","","","","1","OLDER_THAN_2_MONTHS","true","false","false","false","false","false","",""
"chaine location matériel btp","https://www.batamat.com/","","16","","","","","","","1","OLDER_THAN_2_MONTHS","","","","","","","",""
"location d un compresseur","https://www.batamat.com/Batamat/detail_produit/97","","64","","","","","","","20","OLDER_THAN_2_MONTHS","true","false","true","false","false","false","",""
"location engin de chantier lille","https://www.batamat.com/Batamat/detail_produit/76","","86","","","","","","","1","OLDER_THAN_2_MONTHS","true","false","false","false","false","false","",""
"comment avoir son permis caces","https://www.batamat.com/Batamat/detail_actu/19","","2","","","","","","","24","OLDER_THAN_2_MONTHS","true","false","false","false","false","false","",""
"location matériel de chantier lille","https://www.batamat.com/","","4","","","","","","","15","OLDER_THAN_2_MONTHS","true","false","true","true","true","false","",""
"comment avoir le permis caces","https://www.batamat.com/Batamat/detail_actu/19","","5","","","","","","","24","OLDER_THAN_2_MONTHS","true","false","false","false","false","false","",""
"prix matériel du batiment lille","https://www.batamat.com/","","10","","","","","","","5","OLDER_THAN_2_MONTHS","false","false","true","true","false","false","",""
"devis ponceuse de finition","https://www.batamat.com/Batamat/detail_produit/196","","15","","","","","","","28","OLDER_THAN_2_MONTHS","true","false","true","false","false","false","",""
"découpeuse thermique prix","https://www.batamat.com/Batamat/detail_produit/128","","78","","","","","","","30","OLDER_THAN_2_MONTHS","false","false","true","true","false","false","",""
"location matériel de chantier lille","https://www.batamat.com/Batamat/detail_produit/161","","89","","","","","","","15","OLDER_THAN_2_MONTHS","true","false","true","true","true","false","",""
"vente matériel de construction lille","https://www.batamat.com/","","93","","","","","","","9","OLDER_THAN_2_MONTHS","false","false","true","true","true","false","vente matériaux de construction lille",""
"prix location mini pelle longue durée","https://www.batamat.com/Batamat/detail_produit/60","","38","","","","","","","22","OLDER_THAN_2_MONTHS","true","false","false","false","false","false","",""
"prix location mini pelle avec transport","https://www.batamat.com/Batamat/detail_produit/56","","49","","","","","","","30","OLDER_THAN_2_MONTHS","true","false","true","false","false","false","",""
"comment avoir les caces","https://www.batamat.com/Batamat/detail_actu/19","","3","","","","","","","24","OLDER_THAN_2_MONTHS","true","false","false","false","false","false","",""
"comment faire pour avoir le caces 1","https://www.batamat.com/Batamat/detail_actu/19","","19","","","","","","","30","OLDER_THAN_2_MONTHS","true","false","false","false","false","false","",""
"demande de formation caces pole emploi","https://www.batamat.com/Batamat/detail_actu/19","","81","","","","","","","20","OLDER_THAN_2_MONTHS","true","false","false","false","false","false","",""
"semaine du btp 2026","https://www.batamat.com/Batamat/detail_actu/45","","88","","","","","","","1","OLDER_THAN_2_MONTHS","","","","","","","",""
"comment faire pour passer le caces","https://www.batamat.com/Batamat/detail_actu/19","","4","","","","","","","19","OLDER_THAN_2_MONTHS","true","false","false","false","false","false","",""
"prix chargeuse articulée","https://www.batamat.com/Batamat/detail_produit/34","","9","","","","","","","16","OLDER_THAN_2_MONTHS","true","false","false","false","false","false","",""
"caces ou passer","https://www.batamat.com/Batamat/detail_actu/19","","14","","","","","","","25","OLDER_THAN_2_MONTHS","true","false","false","false","false","false","",""
"prix chargeuse articulée","https://www.batamat.com/Batamat/detail_produit/138","","20","","","","","","","16","OLDER_THAN_2_MONTHS","true","false","false","false","false","false","",""
"comment choisir une minipelle","https://www.batamat.com/Batamat/detail_actu/17","","52","","","","","","","1","OLDER_THAN_2_MONTHS","true","false","false","false","false","false","",""
"caces 1 ou le passer","https://www.batamat.com/Batamat/detail_actu/19","","54","","","","","","","30","OLDER_THAN_2_MONTHS","true","false","false","false","false","false","",""
"brh assistance","https://www.batamat.com/Batamat/detail_produit/87","","55","","","","","","","1","OLDER_THAN_2_MONTHS","","","","","","","",""
"comment choisir mini pelle","https://www.batamat.com/Batamat/detail_actu/17","","60","","","","","","","10","OLDER_THAN_2_MONTHS","true","false","false","false","false","false","",""
"combien de temps pour passer le caces","https://www.batamat.com/Batamat/detail_actu/19","","76","","","","","","","20","OLDER_THAN_2_MONTHS","true","false","false","false","false","false","",""
"location moto roubaix","https://www.batamat.com/Batamat/detail_produit/199","","61","","","","","","","15","OLDER_THAN_2_MONTHS","","","","","","","",""
"gamme vert bethune","https://www.batamat.com/","","73","","","","","","","50","OLDER_THAN_2_MONTHS","true","false","false","false","false","false","",""
"micro pelle diesel","https://www.batamat.com/Batamat/detail_produit/56","","61","","","","","","","27","OLDER_THAN_2_MONTHS","","","","","","","",""
"jour de marché béthune","https://www.batamat.com/Batamat/detail_produit/156","","78","","","","","","","33","OLDER_THAN_2_MONTHS","","","","","","","",""
"cases permis de conduire","https://www.batamat.com/Batamat/detail_actu/19","","3","","","","","","","1","OLDER_THAN_2_MONTHS","","","","","","","",""
"batterie deport tension faible volvo","https://www.batamat.com/assets/pdf/3149.pdf","","28","","","","","","","15","OLDER_THAN_2_MONTHS","true","false","false","false","false","false","",""
"caces 3 ou le passer","https://www.batamat.com/Batamat/detail_actu/19","","47","","","","","","","31","OLDER_THAN_2_MONTHS","true","false","false","false","false","false","",""
"comment passer des caces","https://www.batamat.com/Batamat/detail_actu/19","","2","","","","","","","16","OLDER_THAN_2_MONTHS","true","false","false","false","false","false","",""
"comment passer ses caces","https://www.batamat.com/Batamat/detail_actu/19","","3","","","","","","","22","OLDER_THAN_2_MONTHS","true","false","false","false","false","false","",""
"comment passer les caces","https://www.batamat.com/Batamat/detail_actu/19","","3","","","","","","","22","OLDER_THAN_2_MONTHS","true","false","false","false","false","false","",""
"passer ces caces","https://www.batamat.com/Batamat/detail_actu/19","","3","","","","","","","16","OLDER_THAN_2_MONTHS","true","false","false","false","false","false","",""
"permi caces","https://www.batamat.com/Batamat/detail_actu/19","","6","","","","","","","20","OLDER_THAN_2_MONTHS","true","false","false","false","true","false","",""
"journée du bâtiment","https://www.batamat.com/Batamat/detail_actu/45","","15","","","","","","","13","OLDER_THAN_2_MONTHS","","","","","","","",""
"location feux tricolore prix","https://www.batamat.com/Batamat/detail_produit/168","","73","","","","","","","13","OLDER_THAN_2_MONTHS","true","false","false","false","false","false","",""
"permis de caces","https://www.batamat.com/Batamat/detail_actu/19","","91","","","","","","","22","OLDER_THAN_2_MONTHS","true","false","false","false","false","false","",""
"tarière pour mini pelle rabaud","https://www.batamat.com/Batamat/detail_produit/203","","9","","","","","","","13","OLDER_THAN_2_MONTHS","","","","","","","",""
"mini pelle de reforme","https://www.batamat.com/Batamat/detail_actu/17","","9","","","","","","","14","OLDER_THAN_2_MONTHS","","","","","","","",""
"téléphone de chantier occasion","https://www.batamat.com/Batamat/occasion","","47","","","","","","","55","OLDER_THAN_2_MONTHS","","","","","","","",""
"pince à bois pour pelle hydraulique","https://www.batamat.com/Batamat/detail_produit/195","","89","","","","","","","15","OLDER_THAN_2_MONTHS","","","","","","","",""
"tva location mini pelle","https://www.batamat.com/Batamat/detail_actu/17","","68","","","","","","","1","OLDER_THAN_2_MONTHS","true","false","true","false","false","false","",""
"mini pelle en devers","https://www.batamat.com/Batamat/detail_produit/101","","81","","","","","","","1","OLDER_THAN_2_MONTHS","","","","","","","",""
"location moto béthune","https://www.batamat.com/Batamat/detail_produit/199","","36","","","","","","","5","OLDER_THAN_2_MONTHS","","","","","","","",""
"pince de manutention mini pelle","https://www.batamat.com/Batamat/detail_produit/195","","62","","","","","","","16","OLDER_THAN_2_MONTHS","","","","","","","",""
"location feu tricolore prix","https://www.batamat.com/Batamat/detail_produit/168","","63","","","","","","","12","OLDER_THAN_2_MONTHS","true","false","false","false","false","false","",""
"location moto béthune","https://www.batamat.com/Batamat/detail_produit/102","","94","","","","","","","5","OLDER_THAN_2_MONTHS","","","","","","","",""
"guide pele","https://www.batamat.com/Batamat/detail_actu/17","","44","","","","","","","25","OLDER_THAN_2_MONTHS","","","","","","","",""
"prix location grue télescopique","https://www.batamat.com/Batamat/detail_produit/111","","45","","","","","","","24","OLDER_THAN_2_MONTHS","","","","","","","",""
"location scie à béton thermique","https://www.batamat.com/Batamat/detail_produit/128","","55","","","","","","","25","OLDER_THAN_2_MONTHS","","","","","","","",""
"vérification périodique mini pelle","https://www.batamat.com/Batamat/detail_actu/17","","87","","","","","","","11","OLDER_THAN_2_MONTHS","true","false","false","false","false","false","",""
"pilonneuse électrique location","https://www.batamat.com/Batamat/detail_produit/188","","12","","","","","","","28","OLDER_THAN_2_MONTHS","","","","","","","",""
"pilonneuse électrique location","https://www.batamat.com/Batamat/detail_produit/63","","40","","","","","","","28","OLDER_THAN_2_MONTHS","","","","","","","",""
"location pelle 40 tonnes","https://www.batamat.com/Batamat/detail_produit/60","","70","","","","","","","23","OLDER_THAN_2_MONTHS","","","","","","","",""
"prix location pelle 6t","https://www.batamat.com/Batamat/detail_produit/78","","14","","","1","","","","19","OLDER_THAN_2_MONTHS","","","","","","","",""
"pilonneuse électrique prix","https://www.batamat.com/Batamat/detail_produit/188","","9","","","","","","","4","OLDER_THAN_2_MONTHS","","","","","","","",""
"pelle 14 tonnes prix","https://www.batamat.com/Batamat/detail_produit/83","","33","","","","","","","24","OLDER_THAN_2_MONTHS","","","","","","","",""
"location mini pelle sur chenille","https://www.batamat.com/Batamat/detail_produit/56","","8","","","","","","","20","OLDER_THAN_2_MONTHS","","","","","","","",""
"carotteuse hydraulique sur pelle","https://www.batamat.com/Batamat/detail_produit/208","","27","","","","","","","1","OLDER_THAN_2_MONTHS","","","","","","","",""
"jour de la pelle","https://www.batamat.com/Batamat/detail_produit/84","","20","","","","","","","29","OLDER_THAN_2_MONTHS","","","","","","","",""
"prix location télescopique","https://www.batamat.com/Batamat/detail_produit/111","","24","","","6","","","","25","OLDER_THAN_2_MONTHS","","","","","","","",""
"prix location mini pelle 7 tonnes","https://www.batamat.com/Batamat/detail_produit/60","","64","","","","","","","15","OLDER_THAN_2_MONTHS","","","","","","","",""
"prix location télescopique","https://www.batamat.com/Batamat/detail_produit/109","","81","","","6","","","","25","OLDER_THAN_2_MONTHS","","","","","","","",""
"pelle a chenille location","https://www.batamat.com/Batamat/detail_produit/56","","34","","","","","","","31","OLDER_THAN_2_MONTHS","","","","","","","",""
"micro pelle brh","https://www.batamat.com/Batamat/detail_produit/87","","62","","","","","","","26","OLDER_THAN_2_MONTHS","","","","","","","",""
"consommation mini pelle 5 tonnes","https://www.batamat.com/Batamat/detail_produit/76","","74","","","","","","","13","OLDER_THAN_2_MONTHS","","","","","","","",""
"location nacelle ciseaux electrique prix","https://www.batamat.com/Batamat/detail_produit/61","","6","","","2","","","","19","OLDER_THAN_2_MONTHS","","","","","","","",""
"location bétonnière 350l prix","https://www.batamat.com/Batamat/detail_produit/219","","11","","","","","","","16","OLDER_THAN_2_MONTHS","","","","","","","",""
"mini pelle sur chenilles location","https://www.batamat.com/Batamat/detail_produit/56","","15","","","","","","","26","OLDER_THAN_2_MONTHS","","","","","","","",""
"prix location petit manitou","https://www.batamat.com/Batamat/detail_produit/109","","57","","","","","","","22","OLDER_THAN_2_MONTHS","","","","","","","",""
"location nacelle toucan 8m prix","https://www.batamat.com/Batamat/detail_produit/61","","63","","","2","","","","25","OLDER_THAN_2_MONTHS","","","","","","","",""
"formation caces par l employeur","https://www.batamat.com/Batamat/detail_actu/19","","77","","","","","","","22","OLDER_THAN_2_MONTHS","","","","","","","",""
"prix location petit manitou","https://www.batamat.com/Batamat/detail_produit/111","","89","","","","","","","22","OLDER_THAN_2_MONTHS","","","","","","","",""
"prix location micro pelleteuse","https://www.batamat.com/Batamat/detail_produit/56","","8","","","","","","","19","OLDER_THAN_2_MONTHS","","","","","","","",""
"location fonçage","https://www.batamat.com/Batamat/detail_produit/206","","5","","","","","","","1","OLDER_THAN_2_MONTHS","","","","","","","",""
"location taloche","https://www.batamat.com/Batamat/detail_produit/196","","55","","","","","","","27","OLDER_THAN_2_MONTHS","","","","","","","",""
"location mini pelle et brh","https://www.batamat.com/Batamat/detail_produit/88","","23","","","","","","","23","OLDER_THAN_2_MONTHS","true","false","false","false","false","false","",""
"nacelle 48m","https://www.batamat.com/Batamat/sub_categorie/38","","91","","","","","","","20","OLDER_THAN_2_MONTHS","","","","","","","",""
"prix location mini pelle 35 tonnes","https://www.batamat.com/Batamat/detail_produit/60","","37","","","","","","","34","OLDER_THAN_2_MONTHS","","","","","","","",""
"location pelle 35 t","https://www.batamat.com/Batamat/detail_produit/75","","60","","","","","","","14","OLDER_THAN_2_MONTHS","true","false","false","false","false","false","",""
"location pelle 25 t","https://www.batamat.com/Batamat/detail_produit/81","","71","","","","","","","19","OLDER_THAN_2_MONTHS","","","","","","","",""
"location mini pelle 17 tonnes","https://www.batamat.com/Batamat/detail_produit/84","","9","","","","","","","11","OLDER_THAN_2_MONTHS","","","","","","","",""
"chariot télescopique 25 t","https://www.batamat.com/Batamat/detail_produit/111","","11","","","","","","","16","OLDER_THAN_2_MONTHS","","","","","","","",""
"la plus petite mini pelle location","https://www.batamat.com/Batamat/detail_produit/56","","55","","","","","","","29","OLDER_THAN_2_MONTHS","","","","","","","",""
"courte paille bethune","https://www.batamat.com/Batamat/detail_produit/54","","66","","","","","","","38","OLDER_THAN_2_MONTHS","","","","","","","",""
"location courte durée béthune","https://www.batamat.com/Batamat/detail_produit/60","","44","","","","","","","1","OLDER_THAN_2_MONTHS","true","false","true","true","true","false","",""
"location courte durée béthune","https://www.batamat.com/","","60","","","","","","","1","OLDER_THAN_2_MONTHS","true","false","true","true","true","false","",""
"prix location pelle 15t","https://www.batamat.com/Batamat/detail_produit/76","","86","","","","","","","30","OLDER_THAN_2_MONTHS","true","false","false","false","false","false","",""
"camion nacelle prix location","https://www.batamat.com/Batamat/detail_produit/104","","10","","","","","","","18","OLDER_THAN_2_MONTHS","","","","","","","",""
"location pelle avec pince enrochement","https://www.batamat.com/Batamat/detail_produit/195","","11","","","","","","","27","OLDER_THAN_2_MONTHS","","","","","","","",""
"location bungalow chantier valenciennes","https://www.batamat.com/","","29","","","","","","","1","OLDER_THAN_2_MONTHS","","","","","","","",""
"camion nacelle prix location","https://www.batamat.com/Batamat/detail_produit/106","","66","","","","","","","18","OLDER_THAN_2_MONTHS","","","","","","","",""
"prix location de bétonnière","https://www.batamat.com/Batamat/detail_produit/219","","77","","","","","","","26","OLDER_THAN_2_MONTHS","","","","","","","",""
"location mini pelle pont a mousson","https://www.batamat.com/","","78","","","","","","","1","OLDER_THAN_2_MONTHS","true","false","true","false","true","false","",""
"micro-pelle 800kg location","https://www.batamat.com/Batamat/detail_produit/56","","6","","","","","","","18","OLDER_THAN_2_MONTHS","","","","","","","",""
"prix location d'un camion nacelle","https://www.batamat.com/Batamat/detail_produit/104","","17","","","1","","","","26","OLDER_THAN_2_MONTHS","","","","","","","",""
"location mini pelle somain","https://www.batamat.com/Batamat/detail_produit/56","","22","","","","","","","15","OLDER_THAN_2_MONTHS","","","","","","","",""
"prix location groupe electrogene 6 kva","https://www.batamat.com/Batamat/detail_produit/175","","28","","","","","","","26","OLDER_THAN_2_MONTHS","","","","","","","",""
"location nacelle colmar prix","https://www.batamat.com/Batamat/detail_produit/102","","40","","","","","","","1","OLDER_THAN_2_MONTHS","","","","","","","",""
"location mini pelle somain","https://www.batamat.com/Batamat/detail_produit/60","","42","","","","","","","15","OLDER_THAN_2_MONTHS","","","","","","","",""
"location nacelle brive prix","https://www.batamat.com/Batamat/detail_produit/102","","50","","","","","","","1","OLDER_THAN_2_MONTHS","","","","","","","",""
"caces perdu comment faire","https://www.batamat.com/Batamat/detail_actu/19","","58","","","","","","","23","OLDER_THAN_2_MONTHS","","","","","","","",""
"vente mini pelle côtes d'armor","https://www.batamat.com/Batamat/sub_categorie/22","","74","","","","","","","12","OLDER_THAN_2_MONTHS","","","","","","","",""
"location mini pelle saint vit","https://www.batamat.com/","","75","","","","","","","1","OLDER_THAN_2_MONTHS","","","","","","","",""
"scie de sol thermique location","https://www.batamat.com/Batamat/detail_produit/128","","83","","","","","","","32","OLDER_THAN_2_MONTHS","","","","","","","",""
"location nacelle colmar prix","https://www.batamat.com/Batamat/detail_produit/114","","84","","","","","","","1","OLDER_THAN_2_MONTHS","","","","","","","",""
"location de matériel pour le bâtiment","https://www.batamat.com/","","94","","","","","","","26","OLDER_THAN_2_MONTHS","","","","","","","",""
"location de pilonneuse","https://www.batamat.com/Batamat/detail_produit/63","","33","","","","","","","25","OLDER_THAN_2_MONTHS","","","","","","","",""
"location mini pelle bruay-la-buissière","https://www.batamat.com/Batamat/detail_produit/76","","36","","","","","","","1","OLDER_THAN_2_MONTHS","","","","","","","",""
"location mini pelle arleux","https://www.batamat.com/","","48","","","","","","","15","OLDER_THAN_2_MONTHS","","","","","","","",""
"prix location nacelle angers","https://www.batamat.com/Batamat/detail_produit/102","","53","","","","","","","10","OLDER_THAN_2_MONTHS","","","","","","","",""
"location mini pelle bassin arcachon","https://www.batamat.com/Batamat/detail_produit/56","","66","","","","","","","1","OLDER_THAN_2_MONTHS","","","","","","","",""
"location mini pelle boulazac","https://www.batamat.com/Batamat/detail_produit/81","","67","","","","","","","1","OLDER_THAN_2_MONTHS","","","","","","","",""
"locatoumat mini pelle","https://www.batamat.com/Batamat/detail_actu/17","","76","","","","","","","32","OLDER_THAN_2_MONTHS","","","","","","","",""
"location mini pelle saulieu","https://www.batamat.com/","","87","","","","","","","1","OLDER_THAN_2_MONTHS","","","","","","","",""
"micro pelle 800kg location","https://www.batamat.com/Batamat/detail_produit/56","","6","","","6","","","","18","OLDER_THAN_2_MONTHS","","","","","","","",""
"marteau piqueur mini pelle location","https://www.batamat.com/Batamat/detail_produit/88","","15","","","","","","","23","OLDER_THAN_2_MONTHS","","","","","","","",""
"location plaque métallique","https://www.batamat.com/Batamat/detail_produit/179","","27","","","","","","","1","OLDER_THAN_2_MONTHS","","","","","","","",""
"location mini pelle dourdan","https://www.batamat.com/Batamat/detail_produit/56","","32","","","","","","","1","OLDER_THAN_2_MONTHS","","","","","","","",""
"prix location nacelle 40 m","https://www.batamat.com/Batamat/detail_produit/119","","36","","","","","","","25","OLDER_THAN_2_MONTHS","","","","","","","",""
"prix location mini pelle chatellerault","https://www.batamat.com/Batamat/detail_produit/56","","42","","","","","","","5","OLDER_THAN_2_MONTHS","","","","","","","",""
"location camion nacelle béziers","https://www.batamat.com/Batamat/detail_produit/104","","47","","","","","","","1","OLDER_THAN_2_MONTHS","","","","","","","",""
"location mini pelle valdahon","https://www.batamat.com/","","47","","","2","","","","4","OLDER_THAN_2_MONTHS","","","","","","","",""
"mini pelle etrembiere","https://www.batamat.com/Batamat/sub_categorie/22","","48","","","","","","","12","OLDER_THAN_2_MONTHS","","","","","","","",""
"sas micro pelle 01","https://www.batamat.com/Batamat/detail_produit/56","","56","","","","","","","26","OLDER_THAN_2_MONTHS","","","","","","","",""
"marteau piqueur mini pelle location","https://www.batamat.com/Batamat/detail_produit/87","","59","","","","","","","23","OLDER_THAN_2_MONTHS","","","","","","","",""
"location mini pelle lavaur tarif journee","https://www.batamat.com/Batamat/detail_produit/76","","64","","","","","","","5","OLDER_THAN_2_MONTHS","","","","","","","",""
"location nacelle saint girons","https://www.batamat.com/","","78","","","","","","","1","OLDER_THAN_2_MONTHS","","","","","","","",""
"mini pelle robert espagne","https://www.batamat.com/Batamat/sub_categorie/22","","71","","","1","","","","9","OLDER_THAN_2_MONTHS","","","","","","","",""
"bulldozer location prix","https://www.batamat.com/Batamat/detail_produit/81","","75","","","7","","","","14","OLDER_THAN_2_MONTHS","","","","","","","",""
"location d'un dumper","https://www.batamat.com/Batamat/detail_produit/52","","78","","","","","","","26","OLDER_THAN_2_MONTHS","","","","","","","",""
"location camionnette nacelle prix","https://www.batamat.com/Batamat/detail_produit/106","","18","","","","","","","26","OLDER_THAN_2_MONTHS","","","","","","","",""
"nacelle ciseaux diesel extérieur","https://www.batamat.com/Batamat/detail_produit/123","","63","","","","","","","26","OLDER_THAN_2_MONTHS","","","","","","","",""
"quand utiliser une mini pelle ?","https://www.batamat.com/Batamat/detail_actu/17","","94","","","","","","","4","OLDER_THAN_2_MONTHS","","","","","","","",""
"remorque pour mini pelle 15 t","https://www.batamat.com/Batamat/detail_produit/60","","99","","","","","","","1","OLDER_THAN_2_MONTHS","","","","","","","",""
"location mini pelle 35 t prix","https://www.batamat.com/Batamat/detail_produit/76","","23","","","","","","","35","OLDER_THAN_2_MONTHS","","","","","","","location mini pelle 35t prix",""
"comment se faire financer son cases","https://www.batamat.com/Batamat/detail_actu/19","","42","","","","","","","7","OLDER_THAN_2_MONTHS","","","","","","","","comment se faire financer son caces"
"quelle est la plus petite mini pelle ?","https://www.batamat.com/Batamat/detail_produit/56","","18","","","","","","","13","OLDER_THAN_2_MONTHS","","","","","","","",""
"Comment passer le Caces de mini pelle ?","https://www.batamat.com/Batamat/detail_actu/19","","76","","","","","","","32","OLDER_THAN_2_MONTHS","","","","","","","",""
"mini-pelle électrique filaire","https://www.batamat.com/Batamat/detail_produit/59","","44","","","","","","","32","OLDER_THAN_2_MONTHS","","","","","","","",""
"micro pelle 1t5","https://www.batamat.com/Batamat/detail_produit/57","","98","","","","","","","26","OLDER_THAN_2_MONTHS","","","","","","","",""
"mini pelle 800kg achat","https://www.batamat.com/Batamat/detail_produit/56","","38","","","","","","","23","OLDER_THAN_2_MONTHS","","","","","","","",""
"Comment choisir sa mini pelle ?","https://www.batamat.com/Batamat/detail_actu/17","","29","","","","","","","29","OLDER_THAN_2_MONTHS","","","","","","","",""
"Comment bien choisir sa mini-pelle ?","https://www.batamat.com/Batamat/detail_actu/17","","32","","","","","","","29","OLDER_THAN_2_MONTHS","","","","","","","",""
"Quelle est la plus petite micro pelle ?","https://www.batamat.com/Batamat/detail_produit/56","","27","","","","","","","26","OLDER_THAN_2_MONTHS","","","","","","","",""
"fiche technique compresseur atlas copco xas 88","https://www.batamat.com/assets/pdf/3836.pdf","","59","","","","","","","1","OLDER_THAN_2_MONTHS","true","false","false","false","false","false","",""
"mini pelle 2.6 tonnes","https://www.batamat.com/Batamat/detail_produit/60","","6","","","","","","","13","OLDER_THAN_2_MONTHS","","","","","","","",""
"faut il avoir le permis b pour passer le caces","https://www.batamat.com/Batamat/detail_actu/19","","15","","","","","","","31","OLDER_THAN_2_MONTHS","","","","","","","",""
"abaque chariot télescopique 14m","https://www.batamat.com/Batamat/detail_produit/66","","39","","","","","","","31","OLDER_THAN_2_MONTHS","","","","","","","",""
"correcteur de devers manitou","https://www.batamat.com/assets/pdf/3221.pdf","","63","","","","","","","1","OLDER_THAN_2_MONTHS","","","","","","","",""
"Quand utiliser une mini pelle ?","https://www.batamat.com/Batamat/detail_actu/17","","51","","","","","","","4","OLDER_THAN_2_MONTHS","true","false","false","false","false","false","",""
"comment se faire financer les caces","https://www.batamat.com/Batamat/detail_actu/19","","55","","","","","","","10","OLDER_THAN_2_MONTHS","true","false","false","false","false","false","",""
"comment se faire financer le caces","https://www.batamat.com/Batamat/detail_actu/19","","66","","","","","","","10","OLDER_THAN_2_MONTHS","true","false","false","false","false","false","",""
"Pourquoi utiliser une mini pelle ?","https://www.batamat.com/Batamat/detail_actu/17","","18","","","","","","","4","OLDER_THAN_2_MONTHS","true","false","false","false","false","false","",""
"comment se faire financer le permis caces","https://www.batamat.com/Batamat/detail_actu/19","","37","","","","","","","10","OLDER_THAN_2_MONTHS","true","false","false","false","false","false","",""
"conduire une mini pelle vidéo","https://www.batamat.com/Batamat/detail_actu/17","","70","","","","","","","70","OLDER_THAN_2_MONTHS","true","false","false","false","false","false","",""
"petit camion avec nacelle","https://www.batamat.com/Batamat/detail_produit/106","","97","","","","","","","30","OLDER_THAN_2_MONTHS","true","false","false","true","true","false","",""
"comment se faire financer une formation caces","https://www.batamat.com/Batamat/detail_actu/19","","82","","","","","","","10","OLDER_THAN_2_MONTHS","true","false","false","false","false","false","",""
"comment se faire payer le caces","https://www.batamat.com/Batamat/detail_actu/19","","68","","","","","","","4","OLDER_THAN_2_MONTHS","true","false","false","false","false","false","",""
"comment se faire financer son caces","https://www.batamat.com/Batamat/detail_actu/19","","57","","","","","","","4","OLDER_THAN_2_MONTHS","true","false","false","false","false","false","",""
"comment choisir sa mini","https://www.batamat.com/Batamat/detail_actu/17","","93","","","","","","","11","OLDER_THAN_2_MONTHS","true","false","false","false","false","false","",""
"option pour mini-pelle","https://www.batamat.com/Batamat/detail_actu/17","","64","","","","","","","27","OLDER_THAN_2_MONTHS","false","false","false","true","false","false","",""
"Comment utiliser sa mini-pelle ?","https://www.batamat.com/Batamat/detail_actu/17","","17","","","","","","","14","OLDER_THAN_2_MONTHS","true","false","false","false","false","false","",""
"Comment choisir sa pelleteuse ?","https://www.batamat.com/Batamat/detail_actu/17","","52","","","","","","","17","OLDER_THAN_2_MONTHS","true","false","false","false","false","false","",""
"Comment savoir le tonnage d'une pelle ?","https://www.batamat.com/Batamat/detail_actu/17","","83","","","","","","","24","OLDER_THAN_2_MONTHS","true","false","false","false","false","false","",""
"permis de conduire dumper","https://www.batamat.com/Batamat/detail_actu/19","","56","","","","","","","5","OLDER_THAN_2_MONTHS","","","","","","","",""
"location rotatif","https://www.batamat.com/Batamat/detail_produit/111","","67","","","","","","","30","OLDER_THAN_2_MONTHS","","","","","","","",""
"location rotatif","https://www.batamat.com/Batamat/detail_produit/110","","89","","","","","","","30","OLDER_THAN_2_MONTHS","","","","","","","",""
"camion 20m","https://www.batamat.com/Batamat/detail_produit/106","","86","","","","","","","33","OLDER_THAN_2_MONTHS","","","","","","","",""
"auto ecole permis caces","https://www.batamat.com/Batamat/detail_actu/19","","95","","","","","","","45","OLDER_THAN_2_MONTHS","true","false","false","false","true","false","",""
"merville 59660 facebook","https://www.batamat.com/Batamat/pages/9","","51","","","","","","","67","OLDER_THAN_2_MONTHS","false","false","false","false","false","true","",""
"location mini pelle a chenille","https://www.batamat.com/Batamat/detail_produit/56","","69","","","","","","","32","OLDER_THAN_2_MONTHS","true","false","false","false","true","false","",""
"Comment Appelle-t-on une mini-pelle ?","https://www.batamat.com/Batamat/detail_produit/56","","31","","","","","","","28","OLDER_THAN_2_MONTHS","","","","","","","",""
"Comment passer son caces mini-pelle ?","https://www.batamat.com/Batamat/detail_actu/19","","32","","","","","","","33","OLDER_THAN_2_MONTHS","","","","","","","",""
"Comment Appelle-t-on une mini-pelle ?","https://www.batamat.com/Batamat/sub_categorie/22","","74","","","","","","","28","OLDER_THAN_2_MONTHS","","","","","","","",""
"Comment déplacer une mini-pelle ?","https://www.batamat.com/Batamat/detail_produit/56","","93","","","","","","","24","OLDER_THAN_2_MONTHS","","","","","","","",""
"Quelle caces pour une mini pelle ?","https://www.batamat.com/Batamat/detail_actu/19","","68","","","","","","","33","OLDER_THAN_2_MONTHS","","","","","","","",""
"mini-pelle 3.5 t fiche technique","https://www.batamat.com/Batamat/detail_produit/75","","24","","","","","","","18","OLDER_THAN_2_MONTHS","","","","","","","",""
"Comment passer CACES mini-pelle ?","https://www.batamat.com/Batamat/detail_actu/19","","47","","","","","","","33","OLDER_THAN_2_MONTHS","","","","","","","",""
"Comment passer son caces mini pelle ?","https://www.batamat.com/Batamat/detail_actu/19","","54","","","","","","","33","OLDER_THAN_2_MONTHS","","","","","","","",""
"mini-pelle 3.5 t fiche technique","https://www.batamat.com/Batamat/detail_produit/80","","76","","","","","","","18","OLDER_THAN_2_MONTHS","","","","","","","",""
"Combien coûte une mini pelle par jour ?","https://www.batamat.com/Batamat/detail_produit/56","","84","","","","","","","21","OLDER_THAN_2_MONTHS","","","","","","","",""
"Comment déplacer une mini pelle ?","https://www.batamat.com/Batamat/detail_produit/56","","89","","","","","","","24","OLDER_THAN_2_MONTHS","","","","","","","",""
"Quel CACES passer pour mini-pelle ?","https://www.batamat.com/Batamat/detail_actu/19","","40","","","","","","","33","OLDER_THAN_2_MONTHS","","","","","","","",""
"Quel CACES obligatoire ?","https://www.batamat.com/Batamat/detail_actu/19","","88","","","","","","","33","OLDER_THAN_2_MONTHS","","","","","","","",""
"Quel caces pour une mini-pelle ?","https://www.batamat.com/Batamat/detail_actu/19","","62","","","","","","","33","OLDER_THAN_2_MONTHS","","","","","","","",""
"Quel permis pour une mini pelle ?","https://www.batamat.com/Batamat/detail_actu/19","","67","","","","","","","17","OLDER_THAN_2_MONTHS","","","","","","","",""
"pelle 8.5 t","https://www.batamat.com/Batamat/detail_produit/81","","5","","","","","","","7","OLDER_THAN_2_MONTHS","","","","","","","",""
"dimensions mini pelle 1.5 t","https://www.batamat.com/Batamat/detail_produit/57","","13","","","","","","","22","OLDER_THAN_2_MONTHS","","","","","","","",""
"pelle 8.5 t","https://www.batamat.com/Batamat/detail_produit/60","","24","","","","","","","7","OLDER_THAN_2_MONTHS","","","","","","","",""
"consommation mini pelle 2.5 t","https://www.batamat.com/Batamat/detail_produit/81","","33","","","","","","","24","OLDER_THAN_2_MONTHS","","","","","","","",""
"Quel caces passer pour mini-pelle ?","https://www.batamat.com/Batamat/detail_actu/19","","37","","","","","","","33","OLDER_THAN_2_MONTHS","","","","","","","",""
"Quel CACES passer pour mini pelle ?","https://www.batamat.com/Batamat/detail_actu/19","","38","","","","","","","33","OLDER_THAN_2_MONTHS","","","","","","","",""
"pelle 2.5t fiche technique","https://www.batamat.com/Batamat/detail_produit/84","","44","","","","","","","10","OLDER_THAN_2_MONTHS","","","","","","","",""
"pelle 2.5t fiche technique","https://www.batamat.com/Batamat/detail_produit/81","","76","","","","","","","10","OLDER_THAN_2_MONTHS","","","","","","","",""
"Quel CACES pour pelle ?","https://www.batamat.com/Batamat/detail_actu/19","","76","","","","","","","33","OLDER_THAN_2_MONTHS","","","","","","","",""
"dimensions mini pelle 1.5 t","https://www.batamat.com/Batamat/detail_produit/56","","96","","","","","","","22","OLDER_THAN_2_MONTHS","","","","","","","",""
"Quel est le caces mini pelle ?","https://www.batamat.com/Batamat/detail_actu/19","","97","","","","","","","33","OLDER_THAN_2_MONTHS","","","","","","","",""
"Comment se conduit une mini pelle ?","https://www.batamat.com/Batamat/detail_actu/19","","54","","","","","","","1","OLDER_THAN_2_MONTHS","","","","","","","",""
"Quel caces pour pelle ?","https://www.batamat.com/Batamat/detail_actu/19","","81","","","","","","","33","OLDER_THAN_2_MONTHS","","","","","","","",""
"Comment se conduit une mini pelle ?","https://www.batamat.com/Batamat/detail_actu/17","","84","","","","","","","1","OLDER_THAN_2_MONTHS","","","","","","","",""
"fiche technique mini pelle 1.5 t","https://www.batamat.com/Batamat/detail_produit/57","","10","","","","","","","16","OLDER_THAN_2_MONTHS","","","","","","","",""
"Comment Appelle-t-on une mini pelle ?","https://www.batamat.com/Batamat/sub_categorie/22","","50","","","","","","","35","OLDER_THAN_2_MONTHS","","","","","","","",""
"Comment Appelle-t-on une mini pelle ?","https://www.batamat.com/Batamat/detail_produit/56","","81","","","","","","","35","OLDER_THAN_2_MONTHS","","","","","","","",""
"Quelle CACES mini-pelle ?","https://www.batamat.com/Batamat/detail_actu/19","","83","","","","","","","33","OLDER_THAN_2_MONTHS","","","","","","","",""