mot-clé_(mc),url,trafic,position,volumeh,volume_ads,allintitle,cpc,comp.,kgr,kvi,maj_serp,si_informational,si_navigational,si_transactional,si_commercial,si_local,si_brand,sugg._ortho.,sugg._ortho._avec_redir.
"industrie","https://www.aveclindustrie.fr/decouvrez-lindustrie/les-secteurs-de-lindustrie/","296","9","16100","40500","3870","0.59","0.01","0.2404","26","2026-07-28","true","false","false","false","false","false","",""
"l'industrie recrute","https://www.aveclindustrie.fr/actualites/lindustrie-recrute-fr/","175","5","4500","5400","2330","0.21","0.07","0.5178","15","2026-07-09","true","true","false","false","false","true","",""
"secteurs industrie","https://www.aveclindustrie.fr/decouvrez-lindustrie/les-secteurs-de-lindustrie/","172","1","880","880","3580","","","4.0682","23","2026-06-28","true","false","false","false","false","false","",""
"secteur industriel","https://www.aveclindustrie.fr/decouvrez-lindustrie/les-secteurs-de-lindustrie/","91","2","880","880","14400","3","0.05","16.3636","23","2026-06-29","true","false","false","false","false","false","",""
"industriel","https://www.aveclindustrie.fr/decouvrez-lindustrie/les-secteurs-de-lindustrie/","78","5","2000","3600","2360000","1.83","0.01","1180","23","2026-07-06","true","false","false","false","false","false","",""
"industries","https://www.aveclindustrie.fr/decouvrez-lindustrie/les-secteurs-de-lindustrie/","62","2","600","9900","22500000","1.04","0","37500","7","2026-07-08","true","false","false","false","false","false","",""
"habillement","https://www.aveclindustrie.fr/branche/habillement/","56","6","1800","9900","1300000","0.87","0.02","722.2222","23","2026-07-06","true","false","false","false","false","false","",""
"casting m6","https://accueil.aveclindustrie.fr/actualites/casting-m6-fais-briller-ton-talent-dans-lindustrie/","51","5","1300","1300","2010","1.41","0.01","1.5462","1","2026-06-27","false","false","false","false","false","true","",""
"secteur industrie","https://www.aveclindustrie.fr/decouvrez-lindustrie/les-secteurs-de-lindustrie/","50","3","720","720","28300","","","39.3056","23","2026-06-17","true","false","false","false","false","false","",""
"se reconvertir","https://www.aveclindustrie.fr/changer-de-cap-se-reconvertir/","41","4","800","590","6530","2.11","0.62","8.1625","23","2026-07-08","true","false","false","false","false","false","",""
"cordonnier multiservices","https://www.aveclindustrie.fr/metier/cordonnier-multiservices/","37","4","720","720","528","0.56","0.06","0.7333","23","2026-06-27","true","false","false","false","true","false","",""
"chaudronnier","https://www.aveclindustrie.fr/metier/chaudronnier/","32","14","5800","27100","105000","1.14","0.03","18.1034","27","2026-07-03","true","false","false","false","false","false","",""
"castings m6","https://accueil.aveclindustrie.fr/actualites/casting-m6-fais-briller-ton-talent-dans-lindustrie/","28","5","720","720","","0.37","0.01","","1","2026-06-17","","","","","","","",""
"secteur de l'industrie","https://www.aveclindustrie.fr/decouvrez-lindustrie/les-secteurs-de-lindustrie/","28","2","267","320","5450","","","20.412","27","OLDER_THAN_2_MONTHS","true","false","false","false","false","false","",""
"l'industrielle","https://www.aveclindustrie.fr/decouvrez-lindustrie/","27","4","536","480","2580","","0","4.8134","10","OLDER_THAN_2_MONTHS","","","","","","","",""
"activité industrielle","https://www.aveclindustrie.fr/decouvrez-lindustrie/les-secteurs-de-lindustrie/","27","2","260","260","3990","","0","15.3462","26","OLDER_THAN_2_MONTHS","","","","","","","",""
"secteur industriel définition","https://www.aveclindustrie.fr/decouvrez-lindustrie/les-secteurs-de-lindustrie/","22","1","110","110","","","","","24","2026-06-12","true","false","false","false","false","false","",""
"domaines industriels","https://www.aveclindustrie.fr/decouvrez-lindustrie/les-secteurs-de-lindustrie/","22","1","110","110","","","","","24","2026-06-10","true","false","false","false","false","false","",""
"type d'industrie","https://www.aveclindustrie.fr/decouvrez-lindustrie/les-secteurs-de-lindustrie/","18","2","170","170","","","","","9","2026-06-15","true","false","false","false","false","false","",""
"types industries","https://www.aveclindustrie.fr/decouvrez-lindustrie/les-secteurs-de-lindustrie/","18","1","90","90","","","","","27","OLDER_THAN_2_MONTHS","","","","","","","",""
"secteur d'activité industrie","https://www.aveclindustrie.fr/decouvrez-lindustrie/les-secteurs-de-lindustrie/","18","1","90","90","","","","","34","OLDER_THAN_2_MONTHS","","","","","","","",""
"site industriel","https://www.aveclindustrie.fr/decouvrez-lindustrie/les-secteurs-de-lindustrie/","18","8","800","720","14700","3.17","0.01","18.375","22","2026-06-27","true","false","false","false","false","false","",""
"metier de l'industrie","https://www.aveclindustrie.fr/decouvrez-lindustrie/les-secteurs-de-lindustrie/","15","8","667","1000","8","0.88","0.09","0.012","33","OLDER_THAN_2_MONTHS","","","","","","","",""
"industrie exemple","https://www.aveclindustrie.fr/decouvrez-lindustrie/les-secteurs-de-lindustrie/","14","1","70","70","","","","","29","OLDER_THAN_2_MONTHS","true","false","false","false","false","false","",""
"domaine de l'industrie","https://www.aveclindustrie.fr/decouvrez-lindustrie/les-secteurs-de-lindustrie/","14","1","70","70","","","0","","23","OLDER_THAN_2_MONTHS","","","","","","","",""
"listes des industries","https://www.aveclindustrie.fr/decouvrez-lindustrie/les-secteurs-de-lindustrie/","13","1","64","70","","","0.01","","15","OLDER_THAN_2_MONTHS","true","false","false","false","false","false","",""
"pdf exemple","https://www.aveclindustrie.fr/wp-content/uploads/2024/07/exemple-pedf.pdf","13","5","320","320","167","","0","0.5219","14","2026-05-31","","","","","","","",""
"types d'industrie","https://www.aveclindustrie.fr/decouvrez-lindustrie/les-secteurs-de-lindustrie/","12","3","170","170","","","","","9","2026-06-14","true","false","false","false","false","false","",""
"filières industrielles","https://www.aveclindustrie.fr/decouvrez-lindustrie/les-secteurs-de-lindustrie/","12","2","110","110","","","0.0193","","4","OLDER_THAN_2_MONTHS","","","","","","","",""
"exemple pdf","https://www.aveclindustrie.fr/wp-content/uploads/2024/07/exemple-pedf.pdf","11","4","210","210","47300","","0","225.2381","14","2026-05-30","","","","","","","",""
"les industries","https://www.aveclindustrie.fr/decouvrez-lindustrie/les-secteurs-de-lindustrie/","11","2","100","110","","","0.01","","12","OLDER_THAN_2_MONTHS","true","false","false","false","false","false","",""
"industrie métallurgie","https://www.aveclindustrie.fr/branche/metallurgie/","10","7","390","390","2120","","","5.4359","16","2026-06-05","true","false","false","false","false","false","",""
"industrie métallurgique","https://www.aveclindustrie.fr/branche/metallurgie/","10","7","390","390","6460","","0.01","16.5641","17","OLDER_THAN_2_MONTHS","true","false","false","false","false","false","",""
"secteurs industriels","https://www.aveclindustrie.fr/decouvrez-lindustrie/les-secteurs-de-lindustrie/","10","1","50","50","1450","","0","29","23","2026-07-09","true","false","false","false","false","false","",""
"secteur industriel exemple","https://www.aveclindustrie.fr/decouvrez-lindustrie/les-secteurs-de-lindustrie/","10","1","50","50","","","0","","26","OLDER_THAN_2_MONTHS","true","false","false","false","false","false","",""
"industrie production","https://aveclindustrie.fr/decouvrez-lindustrie/les-secteurs-de-lindustrie/","10","1","50","50","","","0","","26","OLDER_THAN_2_MONTHS","","","","","","","",""
"industrie environnementale","https://www.aveclindustrie.fr/decouvrez-lindustrie/","10","1","50","50","","","0.0591","","23","OLDER_THAN_2_MONTHS","","","","","","","",""
"actualité industrielle","https://www.aveclindustrie.fr/actualites/","10","3","140","140","","2.08","0.08","","23","2026-06-15","true","false","false","false","false","false","",""
"actualités industrielles","https://admin.aveclindustrie.fr/actualites/","10","3","140","140","","","0.01","","1","OLDER_THAN_2_MONTHS","true","false","false","false","false","false","",""
"my future","https://www.aveclindustrie.fr/actualites/%F0%9D%97%A0%F0%9D%97%AC-%F0%9D%97%99%F0%9D%97%A8%F0%9D%97%A7%F0%9D%97%A8%F0%9D%97%A5%F0%9D%97%98-%F0%9D%97%94%F0%9D%98%83%F0%9D%97%B2%F0%9D%97%B0-%F0%9D%97%B9%F0%9D%97%B6%F0%9D%97%BB%F0%9D%97%B1/","10","13","1455","1600","34100","1.7","0.01","23.4364","26","2026-07-06","","","","","","","",""
"les metiers de l'industrie","https://www.aveclindustrie.fr/decouvrez-lindustrie/les-metiers-de-lindustrie/","9","4","175","260","","0.77","0.11","","23","2026-06-14","true","false","false","false","false","false","",""
"industrie definition","https://www.aveclindustrie.fr/decouvrez-lindustrie/les-secteurs-de-lindustrie/","9","12","1182","1300","","","","","40","2026-06-29","true","false","false","false","false","false","",""
"ac industrie","https://www.aveclindustrie.fr/","9","7","320","320","","2.49","0.01","","5","OLDER_THAN_2_MONTHS","true","false","false","false","false","false","",""
"domaine industrie","https://www.aveclindustrie.fr/decouvrez-lindustrie/les-secteurs-de-lindustrie/","8","1","40","40","","","0","","17","OLDER_THAN_2_MONTHS","true","false","false","false","false","false","",""
"activité industrielle exemple","https://www.aveclindustrie.fr/decouvrez-lindustrie/les-secteurs-de-lindustrie/","8","2","70","70","","","0","","17","2026-07-27","true","false","false","false","false","false","",""
"type industrie","https://www.aveclindustrie.fr/decouvrez-lindustrie/les-secteurs-de-lindustrie/","8","2","70","70","","","0.0063","","13","OLDER_THAN_2_MONTHS","","","","","","","",""
"avec l","https://www.aveclindustrie.fr/","8","2","70","70","","","0","","4","OLDER_THAN_2_MONTHS","","","","","","","",""
"conducteur d'équipements industriels","https://www.aveclindustrie.fr/metier/conducteur-equipements-industriels/","8","4","140","140","","","0.01","","14","OLDER_THAN_2_MONTHS","true","false","false","false","false","false","",""
"conducteur d'équipement industriel","https://www.aveclindustrie.fr/metier/conducteur-equipements-industriels/","7","6","210","210","","0.18","0.01","","14","OLDER_THAN_2_MONTHS","true","false","false","false","false","false","",""
"activités industrielles","https://www.aveclindustrie.fr/decouvrez-lindustrie/les-secteurs-de-lindustrie/","7","3","90","90","","","0","","26","OLDER_THAN_2_MONTHS","true","false","false","false","false","false","",""
"metier industrie","https://www.aveclindustrie.fr/decouvrez-lindustrie/les-metiers-de-lindustrie/","6","9","320","590","498","1.06","0.06","1.5562","27","OLDER_THAN_2_MONTHS","true","false","false","false","false","false","",""
"les differents types d industries","https://www.aveclindustrie.fr/decouvrez-lindustrie/les-secteurs-de-lindustrie/","6","1","30","30","65","","0","2.1667","15","OLDER_THAN_2_MONTHS","","","","","","","",""
"liste industrie","https://www.aveclindustrie.fr/decouvrez-lindustrie/les-secteurs-de-lindustrie/","6","1","30","30","","0.1465","0.0595","","13","OLDER_THAN_2_MONTHS","true","false","false","false","true","false","",""
"les différentes industries","https://www.aveclindustrie.fr/decouvrez-lindustrie/les-secteurs-de-lindustrie/","6","1","30","30","","","0","","11","OLDER_THAN_2_MONTHS","true","false","false","false","false","false","",""
"secteur d'activité industriel","https://www.aveclindustrie.fr/decouvrez-lindustrie/les-secteurs-de-lindustrie/","6","1","30","30","","","0","","26","OLDER_THAN_2_MONTHS","","","","","","","",""
"le secteur industriel","https://www.aveclindustrie.fr/decouvrez-lindustrie/les-secteurs-de-lindustrie/","6","1","30","30","","","0","","34","OLDER_THAN_2_MONTHS","","","","","","","",""
"actu industrie","https://www.aveclindustrie.fr/actualites/","6","4","110","110","","","0","","27","OLDER_THAN_2_MONTHS","true","false","false","false","false","false","",""
"secteurs de l'industrie","https://www.aveclindustrie.fr/decouvrez-lindustrie/les-secteurs-de-lindustrie/","6","1","27","320","","","","","35","OLDER_THAN_2_MONTHS","","","","","","","",""
"actualité industrie","https://www.aveclindustrie.fr/actualites/","6","4","100","110","","","0","","22","OLDER_THAN_2_MONTHS","true","false","false","false","false","false","",""
"stratifieur","https://www.aveclindustrie.fr/metier/stratifieur/","5","14","880","880","6200","0.18","","7.0455","31","2026-06-18","true","false","false","false","false","false","",""
"different secteur","https://www.aveclindustrie.fr/decouvrez-lindustrie/les-secteurs-de-lindustrie/","5","8","210","210","","","","","26","OLDER_THAN_2_MONTHS","true","false","false","false","false","false","",""
"industriel def","https://www.aveclindustrie.fr/decouvrez-lindustrie/les-secteurs-de-lindustrie/","5","11","480","480","","","","","40","OLDER_THAN_2_MONTHS","true","false","false","false","false","false","",""
"semaine de l'industrie 2025","https://www.aveclindustrie.fr/decryptage/la-semaine-de-lindustrie/","5","11","480","480","","","","","21","OLDER_THAN_2_MONTHS","","","","","","","",""
"lustreur métier","https://www.aveclindustrie.fr/metier/polisseur/","5","5","110","110","","","","","5","2026-06-09","true","false","false","false","false","false","",""
"fichier pdf exemple","https://www.aveclindustrie.fr/wp-content/uploads/2024/07/exemple-pedf.pdf","5","5","110","110","","1.38","0.01","","8","OLDER_THAN_2_MONTHS","","","","","","","",""
"industrie fr","https://aveclindustrie.fr/","5","2","40","40","","0.9826","0.0371","","21","OLDER_THAN_2_MONTHS","","","","","","","",""
"industries recrute","https://www.aveclindustrie.fr/actualites/lindustrie-recrute-fr/","4","9","218","2400","6800","0.66","0.22","31.1927","23","2026-07-05","true","false","false","false","false","false","",""
"industriales","https://www.aveclindustrie.fr/decouvrez-lindustrie/les-secteurs-de-lindustrie/","4","14","720","720","121","","0","0.1681","1","2026-06-17","true","false","false","false","false","false","",""
"different industries","https://www.aveclindustrie.fr/decouvrez-lindustrie/les-secteurs-de-lindustrie/","4","1","20","20","","","0","","24","OLDER_THAN_2_MONTHS","","","","","","","",""
"les secteurs de l'industrie","https://www.aveclindustrie.fr/decouvrez-lindustrie/les-secteurs-de-lindustrie/","4","1","20","20","","","0.0286","","34","OLDER_THAN_2_MONTHS","","","","","","","",""
"pdf example","https://www.aveclindustrie.fr/wp-content/uploads/2024/07/exemple-pedf.pdf","4","9","210","210","255000","","0","1214.2857","4","2026-06-09","","","","","","","pdf sample",""
"pdf examples","https://www.aveclindustrie.fr/wp-content/uploads/2024/07/exemple-pedf.pdf","4","9","210","210","174000","","0","828.5714","4","2026-06-04","true","false","false","false","false","false","",""
"verre mécanique","https://www.aveclindustrie.fr/branche/fabrication-mecanique-du-verre/","4","5","90","90","","","0.33","","10","2026-06-23","true","false","false","false","false","false","",""
"les industriels","https://www.aveclindustrie.fr/decouvrez-lindustrie/les-secteurs-de-lindustrie/","4","5","90","90","","","0","","5","OLDER_THAN_2_MONTHS","","","","","","","",""
"les différents secteur d'activité","https://www.aveclindustrie.fr/decouvrez-lindustrie/les-secteurs-de-lindustrie/","4","15","720","720","12300","","","17.0833","25","OLDER_THAN_2_MONTHS","true","false","false","false","false","false","",""
"entreprise industrielle","https://www.aveclindustrie.fr/decouvrez-lindustrie/les-secteurs-de-lindustrie/","4","17","900","2900","26000","1.29","0.01","28.8889","24","2026-06-30","","","","","","","",""
"salon formathèque nantes","https://admin.aveclindustrie.fr/actualites/retour-sur-le-salon-formatheque-a-nantes/","4","3","50","50","","","0","","1","OLDER_THAN_2_MONTHS","true","false","false","false","false","false","",""
"avenir industrie","https://www.aveclindustrie.fr/","4","3","50","50","","","0","","1","OLDER_THAN_2_MONTHS","","","","","","","",""
"entreprise industrielle exemple","https://www.aveclindustrie.fr/decouvrez-lindustrie/les-secteurs-de-lindustrie/","4","6","110","110","","","","","23","2026-06-15","true","false","false","false","false","false","",""
"metier dans l'industrie","https://www.aveclindustrie.fr/decouvrez-lindustrie/les-metiers-de-lindustrie/","4","6","110","110","","2","0.04","","28","OLDER_THAN_2_MONTHS","true","false","false","false","false","false","",""
"industrie définition","https://www.aveclindustrie.fr/decouvrez-lindustrie/les-secteurs-de-lindustrie/","4","4","63","880","1470","","","23.3333","23","2026-06-24","true","false","false","false","false","false","",""
"mécanicien mouliste","https://www.aveclindustrie.fr/metier/mecanicien-mouliste-ajusteur/","4","2","30","30","","","0.1286","","30","OLDER_THAN_2_MONTHS","true","false","false","false","false","false","",""
"exemple d industrie","https://www.aveclindustrie.fr/decouvrez-lindustrie/les-secteurs-de-lindustrie/","4","2","30","30","","","0","","13","OLDER_THAN_2_MONTHS","true","false","false","false","false","false","",""
"exemple d'industrie","https://www.aveclindustrie.fr/decouvrez-lindustrie/les-secteurs-de-lindustrie/","4","2","30","30","","","0","","28","OLDER_THAN_2_MONTHS","true","false","false","false","false","false","",""
"devenir cordonnier","https://www.aveclindustrie.fr/metier/cordonnier-multiservices/","4","8","140","140","","0.38","0.03","","26","OLDER_THAN_2_MONTHS","true","false","false","false","false","false","",""
"salon des metiers","https://www.aveclindustrie.fr/evenements-salons/","3","12","390","390","6730","2.2742","0.0569","17.2564","9","2026-06-10","true","false","false","false","false","false","",""
"industrie des possibles","https://accueil.aveclindustrie.fr/","3","6","90","90","","","0","","18","OLDER_THAN_2_MONTHS","true","false","false","false","false","false","",""
"ingénieur industriel","https://accueil.aveclindustrie.fr/metier/ingenieur-de-production/","3","17","720","720","15700","1.2","0.05","21.8056","31","2026-06-25","true","false","false","false","false","false","",""
"industrie metier","https://www.aveclindustrie.fr/decouvrez-lindustrie/les-secteurs-de-lindustrie/","3","5","70","70","","2","0.06","","36","OLDER_THAN_2_MONTHS","","","","","","","",""
"usine industrielle","https://www.aveclindustrie.fr/decouvrez-lindustrie/les-secteurs-de-lindustrie/","3","14","480","480","15500","3.25","0.01","32.2917","14","OLDER_THAN_2_MONTHS","true","false","false","false","false","false","",""
"salon de l industrie","https://www.aveclindustrie.fr/evenements-salons/","3","14","480","480","","0.44","0.02","","9","OLDER_THAN_2_MONTHS","true","false","false","false","false","false","",""
"metier de l industrie","https://www.aveclindustrie.fr/decouvrez-lindustrie/les-metiers-de-lindustrie/","3","5","67","1000","72","0.78","0.14","1.0746","23","2026-06-16","true","false","false","false","false","false","",""
"différent secteur d'activité","https://www.aveclindustrie.fr/decouvrez-lindustrie/les-secteurs-de-lindustrie/","3","20","880","880","2","","","0.0023","25","OLDER_THAN_2_MONTHS","true","false","false","false","false","false","",""
"opérateur métier","https://www.aveclindustrie.fr/metier/operateur-de-production/","3","8","110","110","","","0","","23","2026-06-14","true","false","false","false","false","false","",""
"les differents secteurs","https://www.aveclindustrie.fr/decouvrez-lindustrie/les-secteurs-de-lindustrie/","3","6","70","70","","","","","29","OLDER_THAN_2_MONTHS","true","false","false","false","false","false","",""
"industrie du recyclage","https://www.aveclindustrie.fr/branche/industrie-du-recyclage/","3","2","20","20","21400","","0.0357","1070","28","OLDER_THAN_2_MONTHS","","","","","","","",""
"m6 et vous casting","https://aveclindustrie.fr/actualites/casting-m6-fais-briller-ton-talent-dans-lindustrie/","3","2","20","20","","","0.0186","","21","OLDER_THAN_2_MONTHS","true","false","false","false","false","false","",""
"piqueur en maroquinerie","https://www.aveclindustrie.fr/metier/piqueur-en-maroquinerie/","3","9","110","110","","","0.03","","23","OLDER_THAN_2_MONTHS","","","","","","","",""
"définition activité industrielle","https://www.aveclindustrie.fr/decouvrez-lindustrie/les-secteurs-de-lindustrie/","3","4","40","40","","","0","","4","OLDER_THAN_2_MONTHS","true","false","false","false","false","false","",""
"nrj summer","https://www.aveclindustrie.fr/actualites/nrj-summer-tour-laventure-se-termine-a-ouistreham-le-14-aout/","3","4","40","40","","","0","","15","OLDER_THAN_2_MONTHS","true","false","true","false","false","false","",""
"def industrie","https://www.aveclindustrie.fr/decouvrez-lindustrie/les-secteurs-de-lindustrie/","2","19","629","880","383","","","0.6089","7","2026-07-02","true","false","false","false","false","false","",""
"travailler dans l'industrie","https://www.aveclindustrie.fr/trouver-sa-voie/","2","9","108","140","","1.08","0.09","","34","OLDER_THAN_2_MONTHS","","","","","","","",""
"secteur industriel en france","https://www.aveclindustrie.fr/decouvrez-lindustrie/les-secteurs-de-lindustrie/","2","5","50","50","","","0.01","","29","OLDER_THAN_2_MONTHS","","","","","","","",""
"alternance industrie","https://www.aveclindustrie.fr/decouvrez-lindustrie/decouvrez-lalternance-dans-lindustrie/","2","8","90","90","","1.14","0.55","","26","2026-07-27","true","false","false","false","false","false","",""
"formathèque","https://www.aveclindustrie.fr/actualites/retour-sur-le-salon-formatheque-a-nantes/","2","8","90","90","","","0","","14","OLDER_THAN_2_MONTHS","true","false","false","false","false","false","",""
"technicien de maintenance des systèmes énergétiques et climatiques","https://aveclindustrie.fr/metier/technicien-de-maintenance-des-systemes-energetiques/","2","8","90","90","","5.59","0.08","","16","OLDER_THAN_2_MONTHS","true","false","false","false","false","false","",""
"fiche métier opérateur de production","https://www.aveclindustrie.fr/metier/operateur-de-production/","2","12","260","260","","0.87","0.08","","27","2026-06-15","true","false","false","false","false","false","",""
"maintenance energetique","https://www.aveclindustrie.fr/metier/technicien-de-maintenance-des-systemes-energetiques/","2","11","210","210","","2.81","0.03","","16","2026-05-30","true","false","false","false","true","false","",""
"siane toulouse","https://www.aveclindustrie.fr/actualites/retour-sur-le-salon-siane-a-toulouse/","2","17","480","480","378","","0","0.7875","19","OLDER_THAN_2_MONTHS","true","false","false","false","false","false","",""
"formation dans l industrie","https://www.aveclindustrie.fr/trouver-sa-voie/","2","5","45","50","","0.89","0.44","","34","OLDER_THAN_2_MONTHS","","","","","","","",""
"carriere et materiaux","https://www.aveclindustrie.fr/branche/carrieres-et-materiaux/","2","9","92","110","171","","0","1.8587","4","2026-06-10","","","","","","","carrieres et materiaux",""
"a l'industrie","https://www.aveclindustrie.fr/qui-sommes-nous/","2","18","480","480","","0.06","0.05","","5","OLDER_THAN_2_MONTHS","true","false","false","false","false","true","",""
"industries définition","https://www.aveclindustrie.fr/decouvrez-lindustrie/les-secteurs-de-lindustrie/","2","7","63","880","1330","","","21.1111","27","OLDER_THAN_2_MONTHS","true","false","false","false","false","false","",""
"lindustrierecrute","https://www.aveclindustrie.fr/actualites/lindustrie-recrute-fr/","2","18","450","5400","4","0.58","0.22","0.0089","14","2026-06-10","","","","","","","","l'industrie recrute"
"industrie céramique","https://www.aveclindustrie.fr/branche/industries-ceramiques/","2","4","30","30","3230","","0.1154","107.6667","14","OLDER_THAN_2_MONTHS","true","false","true","false","true","false","",""
"industrie fabrication","https://www.aveclindustrie.fr/decouvrez-lindustrie/les-secteurs-de-lindustrie/","2","4","30","30","","","0.0204","","18","OLDER_THAN_2_MONTHS","","","","","","","",""
"métier de l industrie","https://www.aveclindustrie.fr/decouvrez-lindustrie/les-metiers-de-lindustrie/","2","8","67","1000","935","0.78","0.14","13.9552","23","2026-06-18","true","false","false","false","false","false","",""
"nrj jeu","https://www.aveclindustrie.fr/actualites/reglement-jeu-concours-nrj-summer-tour/","2","24","880","880","2840","","","3.2273","39","2026-06-28","true","false","false","false","false","false","",""
"type d'usine","https://aveclindustrie.fr/decouvrez-lindustrie/les-secteurs-de-lindustrie/","2","3","20","20","","","0","","1","OLDER_THAN_2_MONTHS","","","","","","","",""
"métier polisseur","https://www.aveclindustrie.fr/metier/polisseur/","2","9","70","70","","","0.01","","22","OLDER_THAN_2_MONTHS","true","false","false","false","false","false","",""
"un industriel","https://www.aveclindustrie.fr/decouvrez-lindustrie/les-secteurs-de-lindustrie/","2","9","70","70","","","0","","28","OLDER_THAN_2_MONTHS","","","","","","","",""
"m6 candidature","https://www.aveclindustrie.fr/actualites/casting-m6-fais-briller-ton-talent-dans-lindustrie/","2","7","50","50","","","0","","20","OLDER_THAN_2_MONTHS","","","","","","","",""
"produit industriel exemple","https://www.aveclindustrie.fr/decouvrez-lindustrie/les-secteurs-de-lindustrie/","2","6","40","40","","","0.0066","","1","OLDER_THAN_2_MONTHS","","","","","","","",""
"métiers industrie","https://www.aveclindustrie.fr/decouvrez-lindustrie/les-metiers-de-lindustrie/","2","5","32","320","11800","0.83","0.06","368.75","25","2026-06-07","true","false","false","false","false","false","",""
"métier industrie","https://www.aveclindustrie.fr/decouvrez-lindustrie/les-metiers-de-lindustrie/","2","5","32","320","1850","0.83","0.06","57.8125","20","2026-06-01","true","false","false","false","false","false","",""
"métier de l'industrie","https://www.aveclindustrie.fr/decouvrez-lindustrie/les-secteurs-de-lindustrie/","2","9","67","1000","858","0.88","0.09","12.806","34","OLDER_THAN_2_MONTHS","","","","","","","",""
"metiers de l'industrie","https://www.aveclindustrie.fr/decouvrez-lindustrie/les-secteurs-de-lindustrie/","2","9","67","880","884","1.09","0.06","13.194","33","OLDER_THAN_2_MONTHS","","","","","","","",""
"salon de l emploi","https://www.aveclindustrie.fr/evenements-salons/","2","12","158","1600","15700","0.42","0.09","99.3671","21","2026-06-18","true","false","false","false","false","false","",""
"liste des industries","https://www.aveclindustrie.fr/decouvrez-lindustrie/les-secteurs-de-lindustrie/","2","1","6","70","","","0.01","","13","OLDER_THAN_2_MONTHS","true","false","false","false","false","false","",""
"industrie ceramique","https://www.aveclindustrie.fr/branche/industries-ceramiques/","2","5","30","30","","","0.0913","","17","OLDER_THAN_2_MONTHS","","","","","","","",""
"industrie écologique","https://www.aveclindustrie.fr/decouvrez-lindustrie/","2","5","30","30","","","0.1029","","33","OLDER_THAN_2_MONTHS","","","","","","","",""
"lindustrie","https://www.aveclindustrie.fr/decouvrez-lindustrie/les-metiers-de-lindustrie/","2","21","590","590","40600","2.5","0.01","68.8136","18","OLDER_THAN_2_MONTHS","true","false","false","false","false","false","","l'industrie"
"polisseur industriel","https://www.aveclindustrie.fr/metier/polisseur/","2","8","50","50","","3.59","0.98","","29","OLDER_THAN_2_MONTHS","true","false","false","false","false","false","",""
"métier souffleur de verre","https://www.aveclindustrie.fr/metier/souffleur-de-verre/","2","8","50","50","","","0.01","","26","OLDER_THAN_2_MONTHS","true","false","false","false","false","false","",""
"a l'avenir","https://www.aveclindustrie.fr/","2","22","590","590","49600","","0.0002","84.0678","46","OLDER_THAN_2_MONTHS","true","false","false","false","false","false","",""
"les industrie","https://www.aveclindustrie.fr/decouvrez-lindustrie/les-secteurs-de-lindustrie/","2","2","10","10","","1.4016","0.001","","27","OLDER_THAN_2_MONTHS","true","false","false","false","true","false","",""
"nombre d'industrie en france","https://www.aveclindustrie.fr/decouvrez-lindustrie/les-secteurs-de-lindustrie/","2","4","20","20","","","0.0102","","30","OLDER_THAN_2_MONTHS","","","","","","","",""
"métiers industriels","https://www.aveclindustrie.fr/decouvrez-lindustrie/les-metiers-de-lindustrie/","1","6","32","590","1580","1.06","0.06","49.375","27","OLDER_THAN_2_MONTHS","true","false","false","false","false","false","",""
"usine de chaux","https://www.aveclindustrie.fr/branche/industrie-de-la-chaux/","1","6","30","30","","","0.0519","","10","OLDER_THAN_2_MONTHS","","","","","","","",""
"conducteur d'installation","https://www.aveclindustrie.fr/metier/conducteur-installations-automatisees/","1","13","140","140","","1.1137","0.0108","","28","2026-06-07","true","false","false","false","false","false","",""
"la base industrie","https://www.aveclindustrie.fr/","1","13","140","140","","","0","","1","2026-05-31","true","true","false","false","false","false","",""
"industrie def","https://www.aveclindustrie.fr/decouvrez-lindustrie/les-secteurs-de-lindustrie/","1","12","118","1300","490","2.71","0.01","4.1525","38","OLDER_THAN_2_MONTHS","true","false","false","false","false","false","",""
"industrie fr","https://www.aveclindustrie.fr/decouvrez-lindustrie/les-metiers-de-lindustrie/","1","8","40","40","","0.9826","0.0371","","21","OLDER_THAN_2_MONTHS","","","","","","","",""
"usine metallurgie","https://www.aveclindustrie.fr/branche/metallurgie?actus=1","1","20","291","320","","1.22","0.02","","24","2026-05-31","true","false","false","false","true","false","",""
"horloger","https://www.aveclindustrie.fr/metier/horloger-reparateur/","1","36","2400","22200","10400","0.73","0.19","4.3333","38","2026-06-24","true","false","false","false","false","false","",""
"industrie métier","https://www.aveclindustrie.fr/decouvrez-lindustrie/les-metiers-de-lindustrie/","1","7","32","590","","1.06","0.06","","27","OLDER_THAN_2_MONTHS","true","false","false","false","false","false","",""
"salon siane toulouse","https://www.aveclindustrie.fr/actualites/retour-sur-le-salon-siane-a-toulouse/","1","11","90","90","","","0","","22","2026-07-28","true","false","false","false","false","false","",""
"emploi dans l industrie","https://aveclindustrie.fr/opco2i/travailler-dans-lindustrie","1","10","50","50","","0.76","0.27","","22","OLDER_THAN_2_MONTHS","","","","","","","",""
"les différents secteurs d'activité","https://www.aveclindustrie.fr/decouvrez-lindustrie/les-secteurs-de-lindustrie/","1","27","590","590","6","","","0.0102","11","OLDER_THAN_2_MONTHS","true","false","false","false","false","false","",""
"entreprises industriel","https://www.aveclindustrie.fr/decouvrez-lindustrie/les-secteurs-de-lindustrie/","1","10","49","590","12600","0.95","0.01","257.1429","27","OLDER_THAN_2_MONTHS","","","","","","","",""
"formation en industrie","https://www.aveclindustrie.fr/trouver-sa-voie/","1","7","30","30","","1.2502","0.5667","","28","OLDER_THAN_2_MONTHS","true","false","false","false","false","false","",""
"branche métallurgie","https://www.aveclindustrie.fr/branche/metallurgie/","1","9","40","40","","","0","","17","OLDER_THAN_2_MONTHS","true","false","false","false","false","false","",""
"plasturgie composites","https://www.aveclindustrie.fr/branche/plasturgie-et-composites/","1","9","40","40","","","0.087","","20","OLDER_THAN_2_MONTHS","","","","","","","",""
"le monde de l'industrie","https://www.aveclindustrie.fr/decouvrez-lindustrie/","1","9","40","40","","","0","","18","OLDER_THAN_2_MONTHS","","","","","","","",""
"travail industrie","https://aveclindustrie.fr/opco2i/travailler-dans-lindustrie","1","9","40","40","","0.6742","0.2183","","7","OLDER_THAN_2_MONTHS","","","","","","","",""
"ingénieur en production","https://aveclindustrie.fr/metier/ingenieur-de-production/","1","29","590","590","","0.34","0.02","","22","OLDER_THAN_2_MONTHS","true","false","false","false","false","false","",""
"etape 4 tour de france 2024","https://www.aveclindustrie.fr/actualites/le-tour-de-france-de-nos-industries-etape-4-en-region-pays-de-la-loire/","1","47","5400","6600","","","","","41","OLDER_THAN_2_MONTHS","","","","","","","",""
"site industrielle","https://www.aveclindustrie.fr/decouvrez-lindustrie/les-secteurs-de-lindustrie/","1","25","480","480","3070","3.17","0.01","6.3958","25","OLDER_THAN_2_MONTHS","true","false","false","false","false","false","",""
"les métiers de l'industrie","https://www.aveclindustrie.fr/decouvrez-lindustrie/les-metiers-de-lindustrie/","1","5","18","210","","0.42","0.21","","25","2026-06-07","true","false","false","false","false","false","",""
"chaudronnier industriel","https://www.aveclindustrie.fr/metier/chaudronnier/","1","13","110","110","","0.94","0.09","","39","2026-06-12","true","false","false","false","false","false","",""
"technicien chaudronnier","https://www.aveclindustrie.fr/metier/chaudronnier/","1","13","110","110","","0.96","0.03","","28","OLDER_THAN_2_MONTHS","true","false","false","false","false","false","",""
"ingénieur productique","https://aveclindustrie.fr/metier/ingenieur-de-production/","1","30","590","590","470","0.27","0.06","0.7966","22","OLDER_THAN_2_MONTHS","true","false","false","false","false","false","",""
"industrie explorer","https://www.aveclindustrie.fr/","1","22","390","390","18900","","","48.4615","24","2026-05-29","","","","","","","",""
"produits industriels","https://www.aveclindustrie.fr/decouvrez-lindustrie/les-secteurs-de-lindustrie/","1","15","140","140","42800","","0.01","305.7143","16","2026-06-26","true","false","false","false","false","false","",""
"l'industriel","https://www.aveclindustrie.fr/","1","27","480","480","12500","","0","26.0417","14","OLDER_THAN_2_MONTHS","true","false","false","false","false","false","",""
"reconversion","https://www.aveclindustrie.fr/changer-de-cap-se-reconvertir/","1","42","4000","4400","121000","2.31","0.32","30.25","28","2026-07-04","true","false","false","false","false","false","",""
"formathèque nantes","https://www.aveclindustrie.fr/actualites/retour-sur-le-salon-formatheque-a-nantes/","1","8","29","320","","1.87","0.12","","19","OLDER_THAN_2_MONTHS","","","","","","","",""
"secteur horlogerie","https://www.aveclindustrie.fr/branche/horlogerie/","1","6","20","20","","","0","","18","OLDER_THAN_2_MONTHS","true","false","false","false","false","false","",""
"industrie en france","https://www.aveclindustrie.fr/decouvrez-lindustrie/les-secteurs-de-lindustrie/","1","25","417","1300","42600","","0.01","102.1583","32","2026-07-09","true","false","false","false","false","false","",""
"salon métiers","https://www.aveclindustrie.fr/evenements-salons/","1","14","110","110","","1.01","0.08","","22","2026-06-15","","","","","","","",""
"métiers chaudronnerie","https://www.aveclindustrie.fr/metier/chaudronnier/","1","21","320","320","508","0.75","0.05","1.5875","36","2026-06-10","true","false","false","false","false","false","",""
"industrie formation","https://www.aveclindustrie.fr/trouver-sa-voie/","1","7","23","320","","1.06","0.37","","14","OLDER_THAN_2_MONTHS","true","false","false","false","true","false","",""
"métier industriel","https://www.aveclindustrie.fr/decouvrez-lindustrie/les-metiers-de-lindustrie/","1","9","32","480","","1.01","0.16","","27","OLDER_THAN_2_MONTHS","true","false","false","false","false","false","",""
"l'usine vivante","https://www.aveclindustrie.fr/","1","15","110","110","","","0.04","","1","2026-06-15","false","false","true","false","true","false","",""
"chaudronnerie industriel","https://www.aveclindustrie.fr/metier/chaudronnier/","1","15","110","110","","0.6","0.12","","14","2026-06-06","true","false","false","false","true","false","",""
"forum metier lyon","https://www.aveclindustrie.fr/evenements-salons/","1","31","1182","1300","","0.88","0.01","","15","2026-07-07","true","false","false","false","false","false","",""
"secteurs industriels en france","https://www.aveclindustrie.fr/decouvrez-lindustrie/les-secteurs-de-lindustrie/","1","2","5","50","","","0","","31","OLDER_THAN_2_MONTHS","","","","","","","",""
"métier industriel définition","https://www.aveclindustrie.fr/decouvrez-lindustrie/les-secteurs-de-lindustrie/","1","4","10","10","","","0","","28","OLDER_THAN_2_MONTHS","","","","","","","",""
"technicien mouliste","https://aveclindustrie.fr/metier/mecanicien-mouliste-ajusteur/","1","4","10","10","","","0.1","","22","OLDER_THAN_2_MONTHS","","","","","","","",""
"compétence opérateur de production","https://www.aveclindustrie.fr/metier/operateur-de-production/","1","18","140","140","","0.68","0.03","","32","2026-06-08","true","false","false","false","false","false","",""
"entreprises industrielles","https://www.aveclindustrie.fr/decouvrez-lindustrie/les-secteurs-de-lindustrie/","1","15","100","2900","21300","1.29","0.01","213","25","2026-06-11","","","","","","","",""
"salon metier","https://www.aveclindustrie.fr/evenements-salons/","1","16","110","110","","1.01","0.08","","9","2026-06-08","true","false","false","false","false","false","",""
"entreprise industrielle definition","https://www.aveclindustrie.fr/decouvrez-lindustrie/les-secteurs-de-lindustrie/","1","17","117","140","","","","","25","2026-06-12","true","false","false","false","false","false","",""
"à fabriquer","https://www.aveclindustrie.fr/","1","11","50","50","","","0","","22","OLDER_THAN_2_MONTHS","true","false","false","false","false","false","",""
"metier de l'industrie qui recrute","https://aveclindustrie.fr/opco2i/travailler-dans-lindustrie","1","11","50","50","","0.881","0.2976","","42","OLDER_THAN_2_MONTHS","","","","","","","",""
"nouvelles industries","https://www.aveclindustrie.fr/","1","13","70","70","","","0.01","","26","OLDER_THAN_2_MONTHS","true","false","false","false","false","false","",""
"operateur de production definition","https://www.aveclindustrie.fr/metier/operateur-de-production/","1","15","92","110","","","0","","30","2026-05-29","true","false","false","false","false","false","",""
"devenir horloger","https://www.aveclindustrie.fr/metier/horloger-reparateur/","1","25","291","320","","0.52","0.11","","26","2026-06-09","true","false","false","false","false","false","",""
"exemple d'entreprise industrielle","https://www.aveclindustrie.fr/decouvrez-lindustrie/les-secteurs-de-lindustrie/","1","8","20","20","","","0","","24","OLDER_THAN_2_MONTHS","true","false","false","false","false","false","",""
"exemple entreprise industrielle","https://www.aveclindustrie.fr/decouvrez-lindustrie/les-secteurs-de-lindustrie/","1","8","20","20","","","0","","9","OLDER_THAN_2_MONTHS","","","","","","","",""
"compétences opérateur de production","https://www.aveclindustrie.fr/metier/operateur-de-production/","1","17","110","110","","","0.0199","","32","2026-06-07","true","false","false","false","false","false","",""
"salons des metiers","https://www.aveclindustrie.fr/evenements-salons/","1","38","1300","1300","100","0.85","0.07","0.0769","16","2026-06-20","true","false","false","false","false","false","",""
"kit pedagogique","https://www.aveclindustrie.fr/actualites/appel-a-projet-kit-pedagogique-mallettes-usinage/","1","30","355","390","343","6.5","0.05","0.9662","1","2026-06-09","true","false","false","false","false","false","",""
"maroquinerie métier","https://aveclindustrie.fr/metier/piqueur-en-maroquinerie/","1","28","320","320","","0.83","0.01","","31","OLDER_THAN_2_MONTHS","true","false","false","false","false","false","",""
"opérateur industriel","https://www.aveclindustrie.fr/metier/operateur-de-production/","1","7","16","210","","0.36","0.01","","25","2026-06-02","true","false","false","false","false","false","",""
"secteur d'activité exemple","https://www.aveclindustrie.fr/decouvrez-lindustrie/les-secteurs-de-lindustrie/","1","31","880","880","66","","","0.075","25","OLDER_THAN_2_MONTHS","true","false","false","false","false","false","",""
"actualités industrie","https://www.aveclindustrie.fr/actualites/","1","5","10","110","","","0","","22","OLDER_THAN_2_MONTHS","true","false","false","false","false","false","",""
"secteur industriel metier","https://www.aveclindustrie.fr/decouvrez-lindustrie/les-secteurs-de-lindustrie/","1","5","10","10","","","0.0714","","30","OLDER_THAN_2_MONTHS","true","false","false","false","false","false","",""
"métier de l'industrie définition","https://www.aveclindustrie.fr/decouvrez-lindustrie/les-secteurs-de-lindustrie/","1","5","10","10","","","","","23","OLDER_THAN_2_MONTHS","","","","","","","",""
"semaine de lindustrie","https://www.aveclindustrie.fr/decryptage/la-semaine-de-lindustrie/","1","25","260","260","","1.2257","0.0005","","22","OLDER_THAN_2_MONTHS","true","false","false","false","false","false","","semaine de l'industrie"
"reconversion professionnel","https://www.aveclindustrie.fr/changer-de-cap-se-reconvertir/","1","42","2364","33100","49900","2.46","0.69","21.1083","38","2026-07-28","true","false","false","false","false","false","",""
"industriel définition","https://www.aveclindustrie.fr/decouvrez-lindustrie/les-secteurs-de-lindustrie/","1","19","118","880","846","","","7.1695","40","OLDER_THAN_2_MONTHS","true","false","false","false","false","false","",""
"exemple fichier pdf","https://aveclindustrie.fr/wp-content/uploads/2024/07/exemple-pedf.pdf","1","12","50","50","","","0.01","","1","OLDER_THAN_2_MONTHS","","","","","","","",""
"cap reconversion","https://www.aveclindustrie.fr/changer-de-cap-se-reconvertir/","1","12","50","50","","1.0608","0.2055","","31","OLDER_THAN_2_MONTHS","true","false","false","false","true","false","",""
"plasturgie composite","https://www.aveclindustrie.fr/branche/plasturgie-et-composites/","1","11","40","40","","","0.022","","12","2026-06-02","true","false","true","false","true","false","",""
"salon industrie","https://www.aveclindustrie.fr/evenements-salons/","1","14","65","2400","107","0.56","0.97","1.6462","12","2026-07-05","true","false","false","false","false","true","",""
"art industrie","https://www.aveclindustrie.fr/","1","19","110","110","","","0","","1","2026-06-08","true","false","false","false","false","false","",""
"industrie plasturgique","https://www.aveclindustrie.fr/branche/plasturgie-et-composites/","1","19","110","110","","2.41","0.11","","7","OLDER_THAN_2_MONTHS","true","false","false","false","false","false","industrie plastique",""
"travailler dans l'industrie","https://www.aveclindustrie.fr/decouvrez-lindustrie/les-secteurs-de-lindustrie/","1","19","108","140","","1.08","0.09","","34","OLDER_THAN_2_MONTHS","","","","","","","",""
"le domaine industriel","https://www.aveclindustrie.fr/decouvrez-lindustrie/les-secteurs-de-lindustrie/","1","3","5","5400","859","0.76","0.04","171.8","15","2026-06-30","true","false","false","false","false","false","",""
"travailler dans l industrie","https://www.aveclindustrie.fr/decouvrez-lindustrie/les-metiers-de-lindustrie/","1","6","11","140","","0.69","0.16","","25","2026-06-11","true","false","false","false","false","false","",""
"liste secteur d'activité","https://www.aveclindustrie.fr/decouvrez-lindustrie/les-secteurs-de-lindustrie/","1","28","267","390","112","","0.01","0.4195","30","OLDER_THAN_2_MONTHS","true","false","false","false","false","false","",""
"dans le secteur","https://www.aveclindustrie.fr/decouvrez-lindustrie/les-secteurs-de-lindustrie/","1","15","70","70","","","0","","20","OLDER_THAN_2_MONTHS","true","false","false","false","false","false","",""
"céramique industriel","https://www.aveclindustrie.fr/branche/industries-ceramiques/","1","20","110","110","","5.61","0.15","","1","OLDER_THAN_2_MONTHS","true","false","false","false","true","false","",""
"pharma industrie","https://www.aveclindustrie.fr/branche/industrie-pharmaceutique/","1","13","50","50","","","0.03","","31","OLDER_THAN_2_MONTHS","true","false","false","false","false","false","",""
"tous secteurs","https://www.aveclindustrie.fr/decouvrez-lindustrie/les-secteurs-de-lindustrie/","1","16","70","70","","","0","","34","OLDER_THAN_2_MONTHS","true","false","false","false","false","false","",""
"nrj summer","https://www.aveclindustrie.fr/actualites/nrj-summer-tour-2025-lindustrie-sinvite-a-saint-jean-de-monts/","1","12","40","40","","","0","","15","OLDER_THAN_2_MONTHS","true","false","true","false","false","false","",""
"métier horlogerie","https://www.aveclindustrie.fr/metier/horloger-reparateur/","1","33","720","720","","0.8","0.05","","23","2026-06-18","true","false","false","false","false","false","",""
"c'est vous l'avenir","https://www.aveclindustrie.fr/","1","19","90","90","","","0","","15","OLDER_THAN_2_MONTHS","","","","","","","",""
"qu est ce qu une industrie","https://aveclindustrie.fr/decouvrez-lindustrie/les-secteurs-de-lindustrie/","1","19","90","90","","","","","32","OLDER_THAN_2_MONTHS","","","","","","","",""
"métier de l'industrie","https://www.aveclindustrie.fr/trouver-sa-voie/","1","16","67","1000","858","0.88","0.09","12.806","34","OLDER_THAN_2_MONTHS","","","","","","","",""
"industrie papier","https://www.aveclindustrie.fr/branche/industrie-papier-carton/","1","27","210","210","","","0.02","","19","OLDER_THAN_2_MONTHS","true","false","false","false","false","false","",""
"prototypiste maroquinerie","https://aveclindustrie.fr/metier/prototypiste-en-maroquinerie/","1","14","50","50","","","0.06","","1","OLDER_THAN_2_MONTHS","","","","","","","",""
"un avenir","https://www.aveclindustrie.fr/","1","28","210","210","","","0.22","","38","2026-06-09","true","false","true","false","false","false","",""
"l'industrie clermont ferrand","https://www.aveclindustrie.fr/","1","17","70","70","","","0","","37","OLDER_THAN_2_MONTHS","","","","","","","",""
"pub industrie","https://aveclindustrie.fr/","1","7","10","10","","","0.0476","","1","OLDER_THAN_2_MONTHS","","","","","","","",""
"horloger metier d'avenir","https://www.aveclindustrie.fr/metier/horloger-reparateur/","1","7","10","10","","","0.0159","","19","OLDER_THAN_2_MONTHS","","","","","","","",""
"cercle de l'industrie","https://www.aveclindustrie.fr/","1","13","40","40","","","0.0068","","36","OLDER_THAN_2_MONTHS","true","false","false","false","false","false","",""
"formation dans l'industrie","https://aveclindustrie.fr/trouver-sa-voie/","1","4","5","50","","1.5223","0.4699","","23","OLDER_THAN_2_MONTHS","true","false","false","false","true","false","",""
"industrie chimie","https://www.aveclindustrie.fr/branche/chimie/","1","43","1600","1600","27400","2.16","0.01","17.125","21","2026-07-06","true","false","false","false","false","false","",""
"www m6","https://www.aveclindustrie.fr/actualites/emission-m6/","1","18","70","70","","1.43","0.06","","1","OLDER_THAN_2_MONTHS","true","false","false","false","false","false","",""
"metiers reconversion","https://www.aveclindustrie.fr/changer-de-cap-se-reconvertir/","1","37","720","720","100","1.27","0.66","0.1389","28","2026-07-27","true","false","false","false","false","false","",""
"industries definition","https://www.aveclindustrie.fr/decouvrez-lindustrie/les-secteurs-de-lindustrie/","1","9","13","170","","","0","","25","2026-06-10","true","false","false","false","false","false","",""
"carrières et matériaux","https://www.aveclindustrie.fr/branche/carrieres-et-materiaux/","1","7","9","110","","","0","","4","2026-06-08","true","false","false","false","false","false","",""
"changer de metier comment faire","https://www.aveclindustrie.fr/changer-de-cap-se-reconvertir/","1","27","170","170","","1.75","0.49","","29","2026-06-14","true","false","false","false","false","false","",""
"les conditions de travail aujourd'hui","https://www.aveclindustrie.fr/actualites/conditions-de-travail-dans-lindustrie-stop-aux-idees-recues/","1","10","14","30","","","0.02","","24","OLDER_THAN_2_MONTHS","","","","","","","",""
"définition de industrie","https://www.aveclindustrie.fr/decouvrez-lindustrie/les-secteurs-de-lindustrie/","1","8","10","10","","","0.01","","23","2026-06-25","true","false","false","false","false","false","","définition de l'industrie"
"prototypiste","https://www.aveclindustrie.fr/metier/prototypiste-en-maroquinerie/","1","35","590","590","2370","0.05","0.02","4.0169","31","OLDER_THAN_2_MONTHS","true","false","false","false","false","false","",""
"technicien supérieur controle qualité","https://www.aveclindustrie.fr/metier/technicien-controle-qualite/","1","8","10","10","","0.06","0.07","","20","OLDER_THAN_2_MONTHS","true","false","false","false","false","false","",""
"metallurgie industrie","https://www.aveclindustrie.fr/branche/metallurgie/","1","8","10","10","","","0.03","","11","OLDER_THAN_2_MONTHS","true","false","false","false","true","false","",""
"c'est quoi l'industrie","https://www.aveclindustrie.fr/decouvrez-lindustrie/les-secteurs-de-lindustrie/","1","8","10","110","","","","","19","OLDER_THAN_2_MONTHS","true","false","false","false","false","false","",""
"logo industrie","https://www.aveclindustrie.fr/","1","31","480","480","7290","","0.01","15.1875","32","OLDER_THAN_2_MONTHS","","","","","","","",""
"opérateur industrie","https://admin.aveclindustrie.fr/metier/operateur-de-production/","1","28","162","210","","2.8874","0.01","","30","OLDER_THAN_2_MONTHS","true","false","false","false","false","false","",""
"al industrie","https://www.aveclindustrie.fr/","1","32","480","480","7470","0.06","0.05","15.5625","15","OLDER_THAN_2_MONTHS","","","","","","","",""
"liste des métiers de l'industrie","https://www.aveclindustrie.fr/decouvrez-lindustrie/les-metiers-de-lindustrie/","1","5","5","40","","1.7931","0.0549","","27","OLDER_THAN_2_MONTHS","","","","","","","",""
"elec industries","https://www.aveclindustrie.fr/branche/industries-electriques-et-gazieres/","1","22","110","110","","","0.02","","19","2026-06-14","true","true","false","false","false","false","",""
"tous les secteurs","https://www.aveclindustrie.fr/decouvrez-lindustrie/les-secteurs-de-lindustrie/","1","17","50","50","","","0","","34","OLDER_THAN_2_MONTHS","true","false","false","false","false","false","",""
"le monde de l'industrie","https://www.aveclindustrie.fr/","1","15","40","40","","","0","","18","OLDER_THAN_2_MONTHS","","","","","","","",""
"opérateur de production industrielle","https://www.aveclindustrie.fr/metier/operateur-de-production/","1","9","10","110","","1.25","0.09","","25","2026-06-09","true","false","false","false","false","false","",""
"industrie offre d'emploi","https://aveclindustrie.fr/opco2i/travailler-dans-lindustrie","1","9","10","10","","","0.36","","22","OLDER_THAN_2_MONTHS","true","false","false","false","false","false","",""
"la fabrique de l'industrie","https://www.aveclindustrie.fr/","1","32","436","390","1460","","0","3.3486","31","OLDER_THAN_2_MONTHS","","","","","","","",""
"bijouterie orfèvrerie","https://www.aveclindustrie.fr/branche/bijouterie-joaillerie-orfevrerie/","1","11","20","20","","","0.6","","1","OLDER_THAN_2_MONTHS","","","","","","","",""
"chaudronnerie metier","https://accueil.aveclindustrie.fr/metier/chaudronnier/","1","34","454","590","","0.07","0.02","","35","OLDER_THAN_2_MONTHS","true","false","false","false","false","false","",""
"recrutement m6","https://admin.aveclindustrie.fr/actualites/emission-m6/","1","29","140","140","215","","0.02","1.5357","25","2026-06-06","","","","","","","",""
"metier polisseur","https://www.aveclindustrie.fr/metier/polisseur/","1","14","30","30","","","0.0033","","35","OLDER_THAN_2_MONTHS","","","","","","","",""
"salon emploi rennes 2017","https://www.aveclindustrie.fr/evenements-salons/","1","10","10","10","","","","","12","OLDER_THAN_2_MONTHS","true","false","false","false","false","false","",""
"ajusteur mouliste fiche metier","https://aveclindustrie.fr/metier/mecanicien-mouliste-ajusteur/","1","10","10","10","","","","","4","OLDER_THAN_2_MONTHS","true","false","false","false","false","false","",""
"l&l lighting","https://www.aveclindustrie.fr/","1","10","10","10","","","0","","","OLDER_THAN_2_MONTHS","true","false","false","false","false","false","",""
"carrière industrie","https://www.aveclindustrie.fr/branche/carrieres-et-materiaux/","1","6","5","30","","1.3961","0.01","","7","OLDER_THAN_2_MONTHS","true","false","false","false","false","false","",""
"carriere industrie","https://www.aveclindustrie.fr/branche/carrieres-et-materiaux/","1","6","5","30","","","0.01","","7","OLDER_THAN_2_MONTHS","true","false","false","false","false","false","",""
"passerelle industrie","https://www.aveclindustrie.fr/","1","26","110","110","","2.26","1","","1","2026-06-05","true","false","false","false","false","false","",""
"devenir cordonnier à 40 ans","https://www.aveclindustrie.fr/metier/cordonnier-multiservices/","1","26","110","110","","0.1714","0.0765","","14","OLDER_THAN_2_MONTHS","true","false","false","false","false","false","",""
"les entreprises industrielles","https://www.aveclindustrie.fr/decouvrez-lindustrie/les-secteurs-de-lindustrie/","1","12","20","20","","","0.0075","","25","OLDER_THAN_2_MONTHS","true","false","false","false","true","false","",""
"métier chaudronnerie","https://accueil.aveclindustrie.fr/metier/chaudronnier/","1","39","480","480","161","0.72","0.1","0.3354","30","OLDER_THAN_2_MONTHS","true","false","false","false","false","false","",""
"conducteur de machine automatisée","https://www.aveclindustrie.fr/metier/conducteur-installations-automatisees/","1","26","100","110","","1.1","0.03","","36","2026-06-15","true","false","false","false","false","false","",""
"industrie marseille","https://www.aveclindustrie.fr/","1","28","110","110","","","0","","25","2026-06-08","false","false","false","false","true","false","",""
"opco industrie","https://www.aveclindustrie.fr/viens-on-accelere-avec-lindustrie/","1","24","90","90","","","0.01","","36","OLDER_THAN_2_MONTHS","true","false","false","false","false","false","",""
"je filme mon métier","https://www.aveclindustrie.fr/actualites/participez-au-concours-je-filme-le-metier-qui-me-plait/","1","24","90","90","","","0","","29","OLDER_THAN_2_MONTHS","","","","","","","",""
"commerce industrie","https://www.aveclindustrie.fr/decouvrez-lindustrie/les-secteurs-de-lindustrie/","1","25","90","90","403000","1.34","0.01","4477.7778","27","2026-06-11","true","false","false","false","true","false","",""
"industrie dieppe","https://www.aveclindustrie.fr/actualites/le-tour-de-france-de-nos-industries-etape-3-a-a-dieppe/","1","21","70","70","","","0","","1","OLDER_THAN_2_MONTHS","","","","","","","",""
"reconversion professionel","https://www.aveclindustrie.fr/changer-de-cap-se-reconvertir/","1","16","30","30","7","1.46","0.65","0.2333","36","OLDER_THAN_2_MONTHS","true","false","false","false","false","false","","reconversion professionnel"
"siane salon","https://www.aveclindustrie.fr/actualites/la-place-de-lindustrie-revient-au-salon-siane-industries-2025/","1","19","40","40","","","","","20","OLDER_THAN_2_MONTHS","true","false","false","false","false","false","",""
"industrie des possibles","https://aveclindustrie.fr/secteurs-metiers/1001-metiers-a-decouvrir","1","26","90","90","","","0","","18","OLDER_THAN_2_MONTHS","true","false","false","false","false","false","",""
"produits industriels définition","https://www.aveclindustrie.fr/decouvrez-lindustrie/les-secteurs-de-lindustrie/","1","20","40","40","","","0","","4","OLDER_THAN_2_MONTHS","true","false","false","false","false","false","",""
"industrie fr","https://www.aveclindustrie.fr/decouvrez-lindustrie/","1","20","40","40","","0.9826","0.0371","","21","OLDER_THAN_2_MONTHS","","","","","","","",""
"qu'est ce que l'industrie","https://www.aveclindustrie.fr/decouvrez-lindustrie/les-secteurs-de-lindustrie/","1","11","13","170","","","","","7","OLDER_THAN_2_MONTHS","","","","","","","",""
"l et a","https://www.aveclindustrie.fr/","1","40","390","390","","","0.03","","7","2026-06-04","true","false","false","false","true","true","",""
"fabrique de l'industrie","https://www.aveclindustrie.fr/","1","28","90","90","","","0","","31","OLDER_THAN_2_MONTHS","","","","","","","",""
"industire","https://www.aveclindustrie.fr/","1","31","260","260","","","","","33","2026-05-31","true","false","false","false","false","false","","industrie"
"ingénieurs de production","https://www.aveclindustrie.fr/metier/ingenieur-de-production/","1","38","355","390","","0.13","0.02","","21","OLDER_THAN_2_MONTHS","true","false","false","false","false","false","",""
"conducteur d installation","https://www.aveclindustrie.fr/metier/conducteur-installations-automatisees/","1","36","320","320","","0.04","0.01","","34","OLDER_THAN_2_MONTHS","true","false","false","false","false","false","",""
"industrie pharmacie","https://www.aveclindustrie.fr/branche/industrie-pharmaceutique/","1","24","70","70","","","0.0395","","29","OLDER_THAN_2_MONTHS","true","false","false","false","false","false","",""
"industrie pharmaceutique vétérinaire","https://www.aveclindustrie.fr/branche/produits-pharmaceutiques-parapharmaceutiques-et-veterinaires/","1","24","70","70","","","0.02","","5","OLDER_THAN_2_MONTHS","true","false","false","false","true","false","",""
"métiers de l'industrie","https://www.aveclindustrie.fr/decouvrez-lindustrie/les-metiers-de-lindustrie/","1","8","5","720","13900","0.96","0.26","2780","23","2026-07-08","true","false","false","false","false","false","",""
"le secteur industriel en france","https://www.aveclindustrie.fr/decouvrez-lindustrie/les-secteurs-de-lindustrie/","1","8","5","50","","","0.0068","","22","OLDER_THAN_2_MONTHS","true","false","false","false","false","false","",""
"opco 2i mon compte","https://www.aveclindustrie.fr/politique-de-confidentialite/","1","44","720","720","4","","0","0.0056","21","2026-06-17","false","true","false","false","false","true","",""
"entreprise industrielle définition","https://www.aveclindustrie.fr/decouvrez-lindustrie/les-secteurs-de-lindustrie/","1","11","12","140","","","","","21","OLDER_THAN_2_MONTHS","true","false","false","false","false","false","",""
"industrie verre","https://www.aveclindustrie.fr/branche/fabrication-mecanique-du-verre/","1","18","30","30","","","0.0179","","9","OLDER_THAN_2_MONTHS","","","","","","","",""
"fete de la musique ouistreham","https://aveclindustrie.fr/actualites/nrj-summer-tour-laventure-se-termine-a-ouistreham-le-14-aout/","1","25","70","70","","","0","","1","OLDER_THAN_2_MONTHS","true","false","false","false","false","false","",""
"reconversion industrielle","https://www.aveclindustrie.fr/changer-de-cap-se-reconvertir/","1","25","70","70","","2.1","0.05","","1","OLDER_THAN_2_MONTHS","","","","","","","",""
"carrie x darwin","https://www.aveclindustrie.fr/","1","25","70","70","","","","","22","OLDER_THAN_2_MONTHS","","","","","","","",""
"secteur de l'industrie","https://aveclindustrie.fr/decouvrez-lindustrie/","1","35","267","320","5450","","","20.412","27","OLDER_THAN_2_MONTHS","true","false","false","false","false","false","",""
"industriel metier","https://www.aveclindustrie.fr/decouvrez-lindustrie/les-secteurs-de-lindustrie/","1","19","30","30","","","0","","31","OLDER_THAN_2_MONTHS","","","","","","","industrie metier",""
"avenir project","https://aveclindustrie.fr/","1","27","70","70","","","0","","24","OLDER_THAN_2_MONTHS","","","","","","","",""
"avenir publicitaire","https://aveclindustrie.fr/","1","21","50","50","","2.48","0.03","","1","OLDER_THAN_2_MONTHS","true","false","false","false","false","false","",""
"industriel definition","https://www.aveclindustrie.fr/decouvrez-lindustrie/les-secteurs-de-lindustrie/","1","21","50","50","115","","","2.3","36","OLDER_THAN_2_MONTHS","true","false","false","false","false","false","",""
"secteur d'activité : définition","https://www.aveclindustrie.fr/decouvrez-lindustrie/les-secteurs-de-lindustrie/","1","57","1727","1900","88","","","0.051","22","OLDER_THAN_2_MONTHS","","","","","","","",""
"formation industrie alternance","https://www.aveclindustrie.fr/decouvrez-lindustrie/decouvrez-lalternance-dans-lindustrie/","1","11","10","10","","1.64","0.86","","19","2026-07-27","true","false","false","false","false","false","",""
"conducteur de machine industrielle","https://www.aveclindustrie.fr/metier/conducteur-equipements-industriels/","1","20","30","30","","","0.03","","30","OLDER_THAN_2_MONTHS","true","false","false","false","false","false","",""
"industrie de la chaussure","https://www.aveclindustrie.fr/branche/industrie-de-la-chaussure-et-articles-chaussants/","1","20","30","30","","","0.0286","","19","OLDER_THAN_2_MONTHS","true","false","false","false","false","false","",""
"secteur chimie","https://www.aveclindustrie.fr/branche/chimie/","1","22","50","50","","","0","","5","2026-07-27","true","false","false","false","false","false","",""
"avenir mecanique","https://www.aveclindustrie.fr/","1","29","70","70","","","0.01","","1","OLDER_THAN_2_MONTHS","true","false","false","false","false","false","",""
"trouver sa reconversion","https://www.aveclindustrie.fr/changer-de-cap-se-reconvertir/","1","29","70","70","","2.04","0.52","","43","OLDER_THAN_2_MONTHS","true","false","false","false","false","false","",""
"l industrielle","https://www.aveclindustrie.fr/","1","24","54","590","176000","","0.01","3259.2593","5","OLDER_THAN_2_MONTHS","true","false","false","false","false","false","",""
"metier de l'industrie","https://www.aveclindustrie.fr/decouvrez-lindustrie/les-metiers-de-lindustrie/","1","49","667","1000","8","0.88","0.09","0.012","33","OLDER_THAN_2_MONTHS","","","","","","","",""
"l industrie","https://www.aveclindustrie.fr/decouvrez-lindustrie/","1","33","200","6600","5850000","0.97","0.05","29250","12","2026-07-04","true","false","false","false","false","false","",""
"ingénierie de production","https://aveclindustrie.fr/metier/ingenieur-de-production/","1","41","480","480","2640","0.21","0.02","5.5","16","OLDER_THAN_2_MONTHS","true","false","false","false","false","false","",""
"recyclage industriel","https://www.aveclindustrie.fr/branche/industrie-du-recyclage/","1","10","5","70","","2.99","0.07","","11","OLDER_THAN_2_MONTHS","true","false","false","false","false","false","",""
"opérateur de production fiche métier","https://www.aveclindustrie.fr/metier/operateur-de-production/","1","15","16","140","","0.5","0.02","","32","2026-06-13","true","false","false","false","false","false","",""
"usine industriel","https://www.aveclindustrie.fr/decouvrez-lindustrie/les-secteurs-de-lindustrie/","1","43","480","480","12400","3.25","0.01","25.8333","14","OLDER_THAN_2_MONTHS","true","false","false","false","true","false","",""
"quels sont les secteurs d'activité","https://www.aveclindustrie.fr/decouvrez-lindustrie/les-secteurs-de-lindustrie/","1","36","210","210","","","","","25","OLDER_THAN_2_MONTHS","true","false","false","false","false","false","",""
"horloger métier","https://www.aveclindustrie.fr/metier/horloger-reparateur/","1","21","37","480","","0.5","0.01","","28","OLDER_THAN_2_MONTHS","true","false","false","false","false","false","",""
"french fab tour","https://admin.aveclindustrie.fr/actualites/avec-lindustrie-et-la-french-fab-relancent-le-tour-de-france-de-nos-industries/","1","45","480","480","","","0","","8","OLDER_THAN_2_MONTHS","true","false","false","false","false","false","",""
"évènement emploi","https://www.aveclindustrie.fr/evenements-salons/","1","39","218","2400","","0.82","0.02","","28","2026-07-05","true","false","false","false","false","false","",""
"usine metier","https://www.aveclindustrie.fr/decouvrez-lindustrie/les-metiers-de-lindustrie/","1","19","20","20","","","0.0212","","1","OLDER_THAN_2_MONTHS","true","false","false","false","false","false","",""
"forum elan chalon","https://www.aveclindustrie.fr/evenements-salons/","1","35","173","1900","4","","","0.0231","28","2026-07-06","true","false","false","false","true","false","",""
"salon jeunes d'avenir marseille","https://www.aveclindustrie.fr/actualites/clap-de-fin-au-salon-jeunes-davenirs-marseille/","1","13","10","10","","","0","","20","OLDER_THAN_2_MONTHS","","","","","","","",""
"metier d'avenir a la campagne","https://www.aveclindustrie.fr/","1","13","10","10","","0.2586","0.1724","","31","OLDER_THAN_2_MONTHS","","","","","","","",""
"changer de métier comment faire","https://www.aveclindustrie.fr/changer-de-cap-se-reconvertir/","1","35","170","170","","1.96","0.49","","29","2026-06-15","true","false","false","false","false","false","",""
"ambassadeurs synonyme","https://www.aveclindustrie.fr/qui-sommes-nous/","1","43","390","390","","","0","","47","2026-05-30","true","false","false","false","false","false","",""
"mode industriel","https://www.aveclindustrie.fr/decouvrez-lindustrie/les-secteurs-de-lindustrie/","1","25","40","40","","0.6776","1","","41","OLDER_THAN_2_MONTHS","","","","","","","",""
"gp auto onnaing","https://www.aveclindustrie.fr/wp-content/uploads/2025/11/EAT25-Dossier_de_Presentation_DEF.pdf","1","20","20","20","","","0.2143","","32","OLDER_THAN_2_MONTHS","","","","","","","",""
"concours je filme ma formation","https://www.aveclindustrie.fr/actualites/participez-au-concours-je-filme-ma-formation/","1","30","50","50","759","","0.01","15.18","29","OLDER_THAN_2_MONTHS","","","","","","","",""
"metier de reconversion","https://www.aveclindustrie.fr/changer-de-cap-se-reconvertir/","1","37","170","170","","1.03","0.48","","30","2026-06-08","true","false","false","false","false","false","",""
"industrie du verre","https://www.aveclindustrie.fr/branche/fabrication-mecanique-du-verre/","1","33","140","140","","8.11","0.03","","19","2026-06-19","true","false","false","false","true","false","",""
"liste entreprise industrie","https://www.aveclindustrie.fr/decouvrez-lindustrie/les-secteurs-de-lindustrie/","1","21","30","30","","","0.0816","","11","OLDER_THAN_2_MONTHS","true","false","false","false","false","false","",""
"m6 publicité recrutement","https://admin.aveclindustrie.fr/actualites/emission-m6/","1","27","40","40","","0.488","0.0238","","25","OLDER_THAN_2_MONTHS","","","","","","","",""
"metier usine","https://www.aveclindustrie.fr/decouvrez-lindustrie/les-metiers-de-lindustrie/","1","15","11","140","","0.66","0.02","","1","2026-06-13","true","false","false","false","false","false","",""
"avenue de l industrie perpignan","https://www.aveclindustrie.fr/","1","30","45","50","","","0.01","","36","OLDER_THAN_2_MONTHS","true","false","false","false","false","false","",""
"cordonnier sens","https://www.aveclindustrie.fr/metier/cordonnier-multiservices/","1","44","320","320","","1.69","0.01","","7","OLDER_THAN_2_MONTHS","false","false","false","false","true","false","",""
"céramiste industriel","https://www.aveclindustrie.fr/branche/industries-ceramiques/","1","15","10","10","","2.13","0.35","","20","OLDER_THAN_2_MONTHS","","","","","","","",""
"bien industriel","https://www.aveclindustrie.fr/decouvrez-lindustrie/les-secteurs-de-lindustrie/","1","30","40","40","","","0","","11","OLDER_THAN_2_MONTHS","true","false","false","false","false","false","",""
"comment changer de metiers","https://www.aveclindustrie.fr/changer-de-cap-se-reconvertir/","1","41","267","320","","1.93","0.79","","29","2026-06-15","true","false","false","false","false","false","",""
"usirea","https://www.aveclindustrie.fr/changer-de-cap-se-reconvertir/","1","33","110","110","","","0","","14","2026-06-02","true","false","false","false","false","false","",""
"faire une reconversion professionnelle","https://www.aveclindustrie.fr/changer-de-cap-se-reconvertir/","1","39","141","2400","228","2.54","0.84","1.617","34","2026-07-05","true","false","false","false","false","false","",""
"avenir à venir","https://www.aveclindustrie.fr/","1","47","320","320","","","","","35","2026-05-30","true","false","false","false","false","false","",""
"presse professionnelle industrie","https://www.aveclindustrie.fr/actualites/","1","16","10","10","","0.9412","0.2143","","1","OLDER_THAN_2_MONTHS","true","false","false","false","false","false","",""
"matériaux industriels","https://www.aveclindustrie.fr/decouvrez-lindustrie/les-secteurs-de-lindustrie/","1","30","36","40","","","0.04","","7","OLDER_THAN_2_MONTHS","true","false","false","false","false","false","",""
"industries marseille","https://www.aveclindustrie.fr/","1","40","140","140","","","0.0143","","24","2026-06-09","true","false","false","false","true","false","",""
"avenir entreprises","https://www.aveclindustrie.fr/","1","35","110","110","","","0.01","","19","OLDER_THAN_2_MONTHS","true","false","false","false","false","false","",""
"industrie du jouet","https://www.aveclindustrie.fr/branche/jeux-jouets-et-puericulture/","1","27","30","30","","","0","","7","OLDER_THAN_2_MONTHS","true","false","false","false","false","false","",""
"usine beziers","https://www.aveclindustrie.fr/actualites/le-tour-de-france-de-nos-industries-a-beziers/","1","36","110","110","","","0.01","","24","OLDER_THAN_2_MONTHS","true","false","false","false","false","false","",""
"concert nrj 2024","https://www.aveclindustrie.fr/actualites/nrj-summer-tour-laventure-se-termine-a-ouistreham-le-14-aout/","1","36","110","110","1540","","","14","14","OLDER_THAN_2_MONTHS","","","","","","","",""
"le métier de cordonnier","https://www.aveclindustrie.fr/metier/cordonnier-multiservices/","1","17","10","10","","","0","","39","OLDER_THAN_2_MONTHS","true","false","false","false","false","false","",""
"forum emploi lyon 2017","https://www.aveclindustrie.fr/evenements-salons/","1","17","10","10","","","","","1","OLDER_THAN_2_MONTHS","true","false","false","false","false","false","",""
"entreprise de fabrication industrielle","https://www.aveclindustrie.fr/decouvrez-lindustrie/les-secteurs-de-lindustrie/","1","45","260","260","","2.27","0.13","","27","2026-06-08","true","false","false","false","true","false","",""
"l'industrie définition","https://www.aveclindustrie.fr/decouvrez-lindustrie/les-secteurs-de-lindustrie/","1","12","5","50","","","0","","26","OLDER_THAN_2_MONTHS","true","false","false","false","false","false","",""
"herbelin dieppe","https://www.aveclindustrie.fr/actualites/le-tour-de-france-de-nos-industries-etape-1/","1","37","110","110","","","0.12","","1","OLDER_THAN_2_MONTHS","true","false","false","false","true","false","",""
"marseille industrie","https://www.aveclindustrie.fr/","1","41","210","210","","","0.02","","21","2026-06-07","true","false","false","false","false","false","",""
"operateur de production def","https://admin.aveclindustrie.fr/metier/operateur-de-production/","1","38","110","110","","","0","","19","OLDER_THAN_2_MONTHS","true","false","false","false","false","false","",""
"automobil industrie","https://www.aveclindustrie.fr/branche/automobile/","1","22","20","20","","","0","","20","OLDER_THAN_2_MONTHS","true","false","false","false","false","false","automobile industrie",""
"les métiers de la production","https://www.aveclindustrie.fr/decouvrez-lindustrie/les-metiers-de-lindustrie/","1","22","20","20","","1.0719","0.0779","","34","OLDER_THAN_2_MONTHS","true","false","false","false","false","false","",""
"operator production","https://aveclindustrie.fr/metier/operateur-de-production/","1","22","20","20","","","0","","27","OLDER_THAN_2_MONTHS","","","","","","","",""
"l industrie restaurant clermont ferrand","https://www.aveclindustrie.fr/","1","18","10","10","","","0","","30","OLDER_THAN_2_MONTHS","","","","","","","",""
"dans l avenir","https://www.aveclindustrie.fr/","1","39","110","110","","","0","","31","OLDER_THAN_2_MONTHS","true","false","false","false","false","false","",""
"industry types","https://www.aveclindustrie.fr/decouvrez-lindustrie/les-secteurs-de-lindustrie/","1","35","90","90","","","","","1","OLDER_THAN_2_MONTHS","true","false","false","false","false","false","",""
"plasturgie def","https://www.aveclindustrie.fr/decouvrez-lindustrie/les-secteurs-de-lindustrie/","1","56","590","590","","","","","13","OLDER_THAN_2_MONTHS","true","false","false","false","false","false","",""
"nuit de l orientation orleans","https://www.aveclindustrie.fr/evenements-salons/","1","38","100","110","","","0","","27","2026-06-07","true","false","false","false","false","false","",""
"lindustrie","https://www.aveclindustrie.fr/","1","57","590","590","40600","2.5","0.01","68.8136","18","OLDER_THAN_2_MONTHS","true","false","false","false","false","false","","l'industrie"
"l'industrielle","https://aveclindustrie.fr/","1","54","536","480","2580","","0","4.8134","10","OLDER_THAN_2_MONTHS","","","","","","","",""
"rue de l'industrie annecy","https://www.aveclindustrie.fr/","1","36","90","90","","","0.01","","42","OLDER_THAN_2_MONTHS","","","","","","","",""
"céramique industrielle","https://www.aveclindustrie.fr/branche/industries-ceramiques/","1","36","90","90","","1.66","0.1","","5","OLDER_THAN_2_MONTHS","","","","","","","",""
"oi beziers","https://www.aveclindustrie.fr/actualites/le-tour-de-france-de-nos-industries-a-beziers/","1","44","210","210","","","","","29","2026-06-09","true","false","false","false","false","false","",""
"l industrie","https://www.aveclindustrie.fr/","1","44","200","6600","5850000","0.97","0.05","29250","12","2026-07-04","true","false","false","false","false","false","",""
"marché plasturgie","https://www.aveclindustrie.fr/branche/plasturgie-et-composites/","1","20","10","10","","","0","","17","OLDER_THAN_2_MONTHS","","","","","","","",""
"ingenieur production","https://www.aveclindustrie.fr/metier/ingenieur-de-production/","1","57","536","590","5780","0.97","0.03","10.7836","20","OLDER_THAN_2_MONTHS","","","","","","","",""
"trouver sa reconversion professionnelle","https://www.aveclindustrie.fr/changer-de-cap-se-reconvertir/","1","26","20","20","","2.5","0.55","","37","OLDER_THAN_2_MONTHS","true","false","false","false","false","false","",""
"activité industrielle définition","https://www.aveclindustrie.fr/decouvrez-lindustrie/les-secteurs-de-lindustrie/","1","37","82","90","","","","","13","OLDER_THAN_2_MONTHS","","","","","","","",""
"industrie de l'habillement","https://www.aveclindustrie.fr/branche/habillement/","1","37","82","90","","1.02","0.0229","","29","OLDER_THAN_2_MONTHS","","","","","","","",""
"secteur métallurgie","https://www.aveclindustrie.fr/branche/metallurgie/","1","14","5","50","","","","","22","OLDER_THAN_2_MONTHS","true","false","false","false","false","false","",""
"nouvelle industrie","https://www.aveclindustrie.fr/actualites/","1","35","70","70","","","0.01","","14","2026-07-19","true","false","false","false","false","false","",""
"définition entreprise industrielle","https://www.aveclindustrie.fr/decouvrez-lindustrie/les-secteurs-de-lindustrie/","1","35","70","70","","","0","","21","OLDER_THAN_2_MONTHS","","","","","","","",""
"avenir google font","https://aveclindustrie.fr/","1","35","70","70","","","0","","1","OLDER_THAN_2_MONTHS","true","false","false","false","false","false","",""
"a l'industrie","https://www.aveclindustrie.fr/","1","58","480","480","","0.06","0.05","","5","OLDER_THAN_2_MONTHS","true","false","false","false","false","true","",""
"nombre de sites industriels en france","https://www.aveclindustrie.fr/decouvrez-lindustrie/les-secteurs-de-lindustrie/","1","29","20","20","","","0","","44","2026-06-20","true","false","false","false","false","false","",""
"les secteurs de l'industrie","https://www.aveclindustrie.fr/trouver-sa-voie/","1","29","20","20","","","0.0286","","34","OLDER_THAN_2_MONTHS","","","","","","","",""
"info industrie","https://www.aveclindustrie.fr/","1","38","70","70","","","0.0132","","1","OLDER_THAN_2_MONTHS","true","false","false","false","true","true","",""
"polisseur métier","https://www.aveclindustrie.fr/metier/polisseur/","1","31","50","50","","","0.03","","35","OLDER_THAN_2_MONTHS","true","false","false","false","false","false","",""
"formation reconversion professionnel","https://www.aveclindustrie.fr/changer-de-cap-se-reconvertir/","1","47","161","3600","3220","1.78","0.74","20","35","2026-07-01","true","false","false","false","false","false","",""
"reconversion emploi","https://www.aveclindustrie.fr/changer-de-cap-se-reconvertir/","1","48","170","170","","1.37","0.33","","44","OLDER_THAN_2_MONTHS","true","false","false","false","false","false","",""
"usines en france","https://www.aveclindustrie.fr/decouvrez-lindustrie/les-secteurs-de-lindustrie/","1","48","170","170","","","0.01","","17","OLDER_THAN_2_MONTHS","true","true","false","false","false","false","",""
"comment trouver sa reconversion professionnelle","https://www.aveclindustrie.fr/changer-de-cap-se-reconvertir/","1","32","50","50","","2.72","0.85","","36","OLDER_THAN_2_MONTHS","true","false","false","false","false","false","",""
"metier du verre","https://aveclindustrie.fr/metier/souffleur-de-verre/","1","32","50","50","","","0.01","","15","OLDER_THAN_2_MONTHS","","","","","","","",""
"métier de lindustrie sans diplôme","https://www.aveclindustrie.fr/trouver-sa-voie/","1","16","5","30","","0.21","0.12","","18","OLDER_THAN_2_MONTHS","","","","","","","","métier de l'industrie sans diplôme"
"evenement ouistreham","https://www.aveclindustrie.fr/actualites/nrj-summer-tour-laventure-se-termine-a-ouistreham-le-14-aout/","1","39","64","70","","","0.12","","25","OLDER_THAN_2_MONTHS","true","false","false","false","false","false","",""
"une industrie","https://www.aveclindustrie.fr/decouvrez-lindustrie/","1","35","54","70","","","0","","56","OLDER_THAN_2_MONTHS","","","","","","","",""
"reconversion commerce","https://www.aveclindustrie.fr/changer-de-cap-se-reconvertir/","1","46","140","140","","2.98","0.4","","30","2026-06-14","true","false","false","false","false","false","",""
"définition industriel","https://www.aveclindustrie.fr/decouvrez-lindustrie/les-secteurs-de-lindustrie/","1","40","63","880","999","","","15.8571","36","OLDER_THAN_2_MONTHS","true","false","false","false","false","false","",""
"la fabrique de l industrie","https://www.aveclindustrie.fr/","1","32","44","480","1290","","0.0004","29.3182","30","OLDER_THAN_2_MONTHS","true","false","false","false","false","false","",""
"cap avenir montpellier","https://aveclindustrie.fr/","1","21","10","10","","","0","","1","OLDER_THAN_2_MONTHS","","","","","","","",""
"salon de l'étudiant rennes 2017","https://www.aveclindustrie.fr/evenements-salons/","1","21","10","10","","","","","9","OLDER_THAN_2_MONTHS","","","","","","","",""
"coupeur metier","https://www.aveclindustrie.fr/metier/coupeur-lecture-et-analyse-de-la-matiere-en-maroquinerie/","1","21","10","10","","","0","","20","OLDER_THAN_2_MONTHS","","","","","","","",""
"métier reconversion","https://www.aveclindustrie.fr/changer-de-cap-se-reconvertir/","1","36","51","720","3900","1.27","0.66","76.4706","28","2026-07-09","true","false","false","false","false","false","",""
"reconversion professionnel formation","https://www.aveclindustrie.fr/changer-de-cap-se-reconvertir/","1","18","5","3600","108","1.78","0.74","21.6","35","2026-07-04","true","false","false","false","false","false","",""
"agent de fabrication d'ensemble métallique","https://www.aveclindustrie.fr/metier/chaudronnier/","1","22","10","10","","","","","1","OLDER_THAN_2_MONTHS","true","false","false","false","false","false","",""
"devenir chaudronnier","https://www.aveclindustrie.fr/metier/chaudronnier/","1","31","40","40","","0.975","0.1107","","37","OLDER_THAN_2_MONTHS","true","false","false","false","false","false","",""
"travailler dans l industrie","https://www.aveclindustrie.fr/trouver-sa-voie/","1","24","11","140","","0.69","0.16","","25","2026-06-11","true","false","false","false","false","false","",""
"salon des métiers lyon","https://www.aveclindustrie.fr/evenements-salons/","1","65","733","880","","1.67","0.03","","13","OLDER_THAN_2_MONTHS","","","","","","","",""
"technicien de controle","https://www.aveclindustrie.fr/metier/technicien-controle-qualite/","1","34","45","50","","0.43","0.02","","41","OLDER_THAN_2_MONTHS","","","","","","","",""
"grande industrie","https://www.aveclindustrie.fr/decouvrez-lindustrie/les-secteurs-de-lindustrie/","1","32","40","40","","","0.0082","","22","OLDER_THAN_2_MONTHS","","","","","","","",""
"technicien laboratoire beton","https://admin.aveclindustrie.fr/metier/technicien-de-laboratoire/","1","23","10","10","","","0.08","","16","OLDER_THAN_2_MONTHS","true","false","false","false","false","false","",""
"qu est ce que l industrie","https://www.aveclindustrie.fr/","1","49","131","170","","","","","10","2026-05-30","true","false","false","false","false","false","",""
"technicien controle","https://www.aveclindustrie.fr/metier/technicien-controle-qualite/","1","33","40","40","","0.2","0.02","","40","OLDER_THAN_2_MONTHS","true","false","false","false","false","false","",""
"metier reconversion","https://www.aveclindustrie.fr/changer-de-cap-se-reconvertir/","1","40","51","720","620","1.27","0.66","12.1569","33","2026-06-28","true","false","false","false","false","false","",""
"métiers reconversion","https://www.aveclindustrie.fr/changer-de-cap-se-reconvertir/","1","40","51","720","1120","1.27","0.66","21.9608","29","2026-06-16","true","false","false","false","false","false","",""
"mouleur métier","https://www.aveclindustrie.fr/metier/mecanicien-mouliste-ajusteur/","1","30","13","140","","","0","","12","2026-06-04","true","false","false","false","false","false","",""
"forum des métiers perpignan","https://www.aveclindustrie.fr/evenements-salons/","1","25","10","110","","","0.01","","25","2026-05-30","true","false","false","false","false","false","",""
"ouvrir une cordonnerie","https://www.aveclindustrie.fr/metier/cordonnier-multiservices/","1","25","10","10","","","0.0286","","22","OLDER_THAN_2_MONTHS","true","false","false","false","false","false","",""
"les industrie","https://aveclindustrie.fr/","1","25","10","10","","1.4016","0.001","","27","OLDER_THAN_2_MONTHS","true","false","false","false","true","false","",""
"année 80 jeu de paume blois","https://www.aveclindustrie.fr/","1","34","40","40","","","","","23","OLDER_THAN_2_MONTHS","","","","","","","",""
"cordonnier formation","https://www.aveclindustrie.fr/metier/cordonnier-multiservices/","1","61","536","590","","0.78","0.09","","18","OLDER_THAN_2_MONTHS","true","false","false","false","false","false","",""
"fédération française de la maroquinerie","https://www.aveclindustrie.fr/actualites/communique-de-presse-lancement-de-la-campagne-nationale-avec-lindustrie-maroquinerie/","1","36","40","40","","","0.0179","","12","OLDER_THAN_2_MONTHS","true","false","false","false","false","false","",""
"salon formatech","https://www.aveclindustrie.fr/actualites/retour-sur-le-salon-formatheque-a-nantes/","1","26","10","10","","","","","1","OLDER_THAN_2_MONTHS","","","","","","","",""
"je me suis reconverti","https://www.aveclindustrie.fr/changer-de-cap-se-reconvertir/","1","22","8","90","","","","","17","OLDER_THAN_2_MONTHS","true","false","false","false","false","false","",""
"sommes nous responsables de l'avenir","https://www.aveclindustrie.fr/","1","59","267","320","127","","","0.4757","4","OLDER_THAN_2_MONTHS","","","","","","","",""
"baie industrie","https://www.aveclindustrie.fr/","1","50","110","110","","3.88","0.04","","16","2026-06-27","true","false","false","false","false","false","",""
"salon de l'alternance marcq en baroeul","https://www.aveclindustrie.fr/evenements-salons/","1","28","10","10","","","","","57","OLDER_THAN_2_MONTHS","false","true","false","false","false","false","",""
"grands secteurs d'activité","https://www.aveclindustrie.fr/decouvrez-lindustrie/les-secteurs-de-lindustrie/","1","38","40","40","","","0","","27","OLDER_THAN_2_MONTHS","true","false","false","false","false","false","",""
"je me suis reconvertie","https://www.aveclindustrie.fr/changer-de-cap-se-reconvertir/","1","42","82","90","","","0","","48","OLDER_THAN_2_MONTHS","","","","","","","",""
"metier industriel","https://www.aveclindustrie.fr/decouvrez-lindustrie/les-secteurs-de-lindustrie/","1","45","90","90","","1.73","0.04","","1","OLDER_THAN_2_MONTHS","","","","","","","",""
"l'industrie en france","https://www.aveclindustrie.fr/decouvrez-lindustrie/","1","46","90","90","","","0.03","","29","OLDER_THAN_2_MONTHS","","","","","","","",""
"métiers reconversion professionnelle","https://www.aveclindustrie.fr/changer-de-cap-se-reconvertir/","1","31","27","320","","1.13","0.71","","29","2026-06-14","true","false","false","false","false","false","",""
"secteur professionnel exemple","https://www.aveclindustrie.fr/decouvrez-lindustrie/les-secteurs-de-lindustrie/","1","40","40","40","","","0","","41","OLDER_THAN_2_MONTHS","true","false","false","false","false","false","",""
"ambition auto mondeville","https://www.aveclindustrie.fr/wp-content/uploads/2025/11/EAT25-Dossier_de_Presentation_DEF.pdf","1","29","10","10","","0.1818","0.0182","","33","OLDER_THAN_2_MONTHS","true","false","false","false","false","false","",""
"psa auto saint-priest","https://www.aveclindustrie.fr/wp-content/uploads/2025/11/EAT25-Dossier_de_Presentation_DEF.pdf","1","29","10","10","","1.31","0.04","","15","OLDER_THAN_2_MONTHS","","","","","","","",""
"piqueuse metier","https://www.aveclindustrie.fr/metier/piqueur-en-maroquinerie/","1","29","10","10","","","0","","32","OLDER_THAN_2_MONTHS","true","false","false","false","false","false","",""
"secteur de l'industrie pharmaceutique","https://www.aveclindustrie.fr/branche/industrie-pharmaceutique/","1","29","10","10","","","","","24","OLDER_THAN_2_MONTHS","","","","","","","",""
"actif industrie","https://www.aveclindustrie.fr/","1","41","70","70","","","0","","20","OLDER_THAN_2_MONTHS","true","false","false","false","false","false","",""
"formation adulte industrie","https://www.aveclindustrie.fr/trouver-sa-voie/","1","30","10","10","","","0","","28","OLDER_THAN_2_MONTHS","true","false","false","false","false","false","",""
"conducteur d'installation automatisée","https://aveclindustrie.fr/metier/conducteur-installations-automatisees/","1","30","10","10","","","0","","30","OLDER_THAN_2_MONTHS","true","false","false","false","false","false","",""
"différent domaine d'activité","https://www.aveclindustrie.fr/decouvrez-lindustrie/les-secteurs-de-lindustrie/","1","48","90","90","","","0","","24","OLDER_THAN_2_MONTHS","true","false","false","false","false","false","",""
"filière industrielle","https://www.aveclindustrie.fr/decouvrez-lindustrie/les-secteurs-de-lindustrie/","1","48","90","90","","","0.17","","4","OLDER_THAN_2_MONTHS","true","false","false","false","false","false","",""
"groupe industriel","https://www.aveclindustrie.fr/decouvrez-lindustrie/les-secteurs-de-lindustrie/","1","57","210","210","19500","","0.01","92.8571","19","OLDER_THAN_2_MONTHS","true","false","false","false","true","false","",""
"m6 et vous formulaire de contact","https://www.aveclindustrie.fr/actualites/casting-m6-fais-briller-ton-talent-dans-lindustrie/","1","49","90","90","","","","","28","OLDER_THAN_2_MONTHS","","","","","","","",""
"metiers de l'industrie","https://www.aveclindustrie.fr/decouvrez-lindustrie/les-metiers-de-lindustrie/","1","41","67","880","884","1.09","0.06","13.194","33","OLDER_THAN_2_MONTHS","","","","","","","",""
"secteurs de l'industrie","https://www.aveclindustrie.fr/decouvrez-lindustrie/","1","33","27","320","","","","","35","OLDER_THAN_2_MONTHS","","","","","","","",""
"technicien qualité","https://www.aveclindustrie.fr/metier/technicien-controle-qualite/","1","47","80","880","50600","0.52","0.04","632.5","31","OLDER_THAN_2_MONTHS","true","false","false","false","false","false","",""
"chrono industriel","https://www.aveclindustrie.fr/","1","36","30","30","","0.7042","1","","1","OLDER_THAN_2_MONTHS","","","","","","","",""
"liste entreprise industrielle","https://www.aveclindustrie.fr/decouvrez-lindustrie/les-secteurs-de-lindustrie/","1","36","30","30","","","0.0816","","24","OLDER_THAN_2_MONTHS","","","","","","","",""
"wave motor cars","https://www.aveclindustrie.fr/wp-content/uploads/2025/11/EAT25-Dossier_de_Presentation_DEF.pdf","1","36","30","30","","","0","","19","OLDER_THAN_2_MONTHS","","","","","","","",""
"espace industriel en reconversion","https://www.aveclindustrie.fr/changer-de-cap-se-reconvertir/","1","37","30","30","","","0.0153","","1","OLDER_THAN_2_MONTHS","true","false","false","false","false","false","",""
"salon studyrama nantes","https://www.aveclindustrie.fr/actualites/retour-sur-le-salon-formatheque-a-nantes/","1","45","70","70","","","0.02","","33","OLDER_THAN_2_MONTHS","true","false","false","false","false","false","",""
"régleur métier","https://www.aveclindustrie.fr/metier/monteur-regleur/","1","45","70","70","","","","","40","OLDER_THAN_2_MONTHS","true","false","false","false","false","false","",""
"liste des métiers de l industrie","https://www.aveclindustrie.fr/decouvrez-lindustrie/les-metiers-de-lindustrie/","1","21","5","50","","3.22","0.14","","1","2026-07-26","true","false","false","false","false","false","",""
"semaine industrie","https://www.aveclindustrie.fr/decryptage/la-semaine-de-lindustrie/","1","47","70","70","","","0","","20","OLDER_THAN_2_MONTHS","true","false","false","false","true","false","",""
"eti industrie","https://aveclindustrie.fr/","1","48","70","70","","","0.01","","1","OLDER_THAN_2_MONTHS","true","false","false","false","true","false","",""
"secteur de l industrie","https://www.aveclindustrie.fr/decouvrez-lindustrie/","1","38","27","320","7850","","","290.7407","23","2026-05-29","true","false","false","false","false","false","",""
"reconversion industrielle définition","https://www.aveclindustrie.fr/changer-de-cap-se-reconvertir/","1","32","20","20","","","0","","1","OLDER_THAN_2_MONTHS","true","false","false","false","false","false","",""
"metier de l industrie sans diplome","https://www.aveclindustrie.fr/trouver-sa-voie/","1","22","5","30","","0.21","0.12","","32","OLDER_THAN_2_MONTHS","true","false","false","false","false","false","",""
"operateur industrie","https://aveclindustrie.fr/metier/operateur-de-production/","1","22","5","50","","0.15","0.05","","36","OLDER_THAN_2_MONTHS","true","false","false","false","false","false","",""
"industrie brest","https://aveclindustrie.fr/","1","49","70","70","","","0.04","","10","OLDER_THAN_2_MONTHS","true","false","true","true","true","false","",""
"reconversion cordonnier","https://www.aveclindustrie.fr/metier/cordonnier-multiservices/","1","42","50","50","","0.97","0.24","","19","2026-07-19","true","false","false","false","false","false","",""
"matériaux industriel","https://www.aveclindustrie.fr/decouvrez-lindustrie/les-secteurs-de-lindustrie/","1","23","5","50","","","0.05","","16","2026-06-27","","","","","","","",""
"salon industrie nantes","https://www.aveclindustrie.fr/actualites/retour-sur-le-salon-formatheque-a-nantes/","1","55","140","140","","","0.01","","25","2026-06-13","false","true","false","false","false","true","",""
"dn made horlogerie","https://www.aveclindustrie.fr/metier/horloger-reparateur/","1","52","127","140","","2.28","0.08","","5","2026-06-04","true","false","false","false","false","false","",""
"secteurs d'activité d'une entreprise","https://www.aveclindustrie.fr/decouvrez-lindustrie/les-secteurs-de-lindustrie/","1","65","355","390","","","","","25","OLDER_THAN_2_MONTHS","true","false","false","false","false","false","",""
"commerce d avenir","https://www.aveclindustrie.fr/","1","35","20","20","","0.24","0.17","","36","OLDER_THAN_2_MONTHS","","","","","","","",""
"industrie et services","https://www.aveclindustrie.fr/decouvrez-lindustrie/","1","35","20","20","","","0.0248","","1","OLDER_THAN_2_MONTHS","","","","","","","",""
"salon de l'étudiant tours","https://aveclindustrie.fr/evenements-salons/","1","33","19","260","","","","","9","OLDER_THAN_2_MONTHS","true","false","false","false","false","false","",""
"l industrie automobile","https://www.aveclindustrie.fr/branche/automobile/","1","28","6","70","","","0.01","","24","OLDER_THAN_2_MONTHS","","","","","","","",""
"secteur metallurgie","https://www.aveclindustrie.fr/branche/metallurgie/","1","41","45","50","","","","","33","OLDER_THAN_2_MONTHS","","","","","","","",""
"metier dans l'industrie","https://www.aveclindustrie.fr/trouver-sa-voie/","1","52","110","110","","2","0.04","","28","OLDER_THAN_2_MONTHS","true","false","false","false","false","false","",""
"salon industriel","https://www.aveclindustrie.fr/evenements-salons/","1","27","5","1000","20800","1.25","0.3","4160","12","2026-06-07","","","","","","","",""
"les différents domaines d'activité","https://www.aveclindustrie.fr/decouvrez-lindustrie/les-secteurs-de-lindustrie/","1","48","50","50","","","0","","25","OLDER_THAN_2_MONTHS","true","false","false","false","false","false","",""
"production de verre","https://www.aveclindustrie.fr/branche/fabrication-mecanique-du-verre/","1","47","50","50","","1.71","0.04","","23","OLDER_THAN_2_MONTHS","","","","","","","",""
"https l","https://www.aveclindustrie.fr/","1","47","50","50","452000","","0","9040","44","OLDER_THAN_2_MONTHS","","","","","","","",""
"la fabrique fr","https://www.aveclindustrie.fr/","1","50","50","50","","","0.023","","25","OLDER_THAN_2_MONTHS","true","false","false","false","false","true","",""
"nrj alternance","https://aveclindustrie.fr/actualites/nrj-summer-tour-2025-lindustrie-sinvite-a-saint-jean-de-monts/","1","40","20","20","","1.1357","0.0857","","16","OLDER_THAN_2_MONTHS","","","","","","","",""
"entreprise industrielle liste","https://www.aveclindustrie.fr/decouvrez-lindustrie/les-secteurs-de-lindustrie/","1","44","40","40","","1.477","0.1012","","25","OLDER_THAN_2_MONTHS","true","false","false","false","false","false","",""
"je filme ma formation concours","https://www.aveclindustrie.fr/actualites/je-filme-ma-formation-9eme-edition-lindustrie-sous-les-projecteurs/","1","49","50","50","412","","0","8.24","31","OLDER_THAN_2_MONTHS","","","","","","","",""
"ingénieur en industrie","https://www.aveclindustrie.fr/metier/ingenieur-de-production/","1","50","50","50","","0.8634","0.0226","","31","OLDER_THAN_2_MONTHS","","","","","","","",""
"cqp horloger","https://www.aveclindustrie.fr/metier/horloger-reparateur/","1","44","40","40","","","0.0152","","4","OLDER_THAN_2_MONTHS","true","false","false","false","false","false","",""
"l'industrie pharmaceutique","https://www.aveclindustrie.fr/branche/industrie-pharmaceutique/","1","54","100","140","","1.09","0.06","","28","OLDER_THAN_2_MONTHS","true","false","false","false","false","false","",""
"eurexpo mondial des métiers","https://www.aveclindustrie.fr/actualites/decouvrez-lindustrie-au-mondial-des-metiers/","1","49","50","50","","","","","16","OLDER_THAN_2_MONTHS","","","","","","","",""
"fabrique 21","https://www.aveclindustrie.fr/","1","54","90","90","","","0.02","","1","OLDER_THAN_2_MONTHS","true","false","false","false","false","false","",""
"auto école avenir mulhouse","https://www.aveclindustrie.fr/","1","40","19","140","","1.0546","0.0175","","4","OLDER_THAN_2_MONTHS","true","false","false","false","false","false","",""
"actia automotive chartres","https://www.aveclindustrie.fr/wp-content/uploads/2025/11/EAT25-Dossier_de_Presentation_DEF.pdf","1","52","90","90","","","0","","22","OLDER_THAN_2_MONTHS","","","","","","","",""
"metier en usine","https://aveclindustrie.fr/trouver-sa-voie/","1","44","38","40","","","0.039","","35","OLDER_THAN_2_MONTHS","","","","","","","",""
"salon recrutement paris","https://www.aveclindustrie.fr/evenements-salons/","1","45","40","40","","0.8522","0.2024","","20","OLDER_THAN_2_MONTHS","true","false","false","false","false","false","",""
"industrie entreprise","https://www.aveclindustrie.fr/decouvrez-lindustrie/les-secteurs-de-lindustrie/","1","52","90","90","","","0.02","","30","OLDER_THAN_2_MONTHS","true","false","true","true","true","false","",""
"secteur de la chimie","https://www.aveclindustrie.fr/branche/chimie/","1","47","40","40","","","0","","12","OLDER_THAN_2_MONTHS","","","","","","","",""
"site industrielle","https://www.aveclindustrie.fr/","1","72","480","480","3070","3.17","0.01","6.3958","25","OLDER_THAN_2_MONTHS","true","false","false","false","false","false","",""
"c est quoi un operateur de production","https://admin.aveclindustrie.fr/metier/operateur-de-production/","1","42","30","30","","0.4352","0.0153","","29","OLDER_THAN_2_MONTHS","true","false","false","false","false","false","",""
"industries et technologies","https://www.aveclindustrie.fr/","1","41","30","30","1410","","0.01","47","24","OLDER_THAN_2_MONTHS","true","false","false","false","false","false","",""
"cap nrj","https://www.aveclindustrie.fr/actualites/avec-lindustrie-partenaire-du-nrj-summer-tour-2025/","1","50","40","40","","","0","","1","OLDER_THAN_2_MONTHS","true","false","false","false","false","false","",""
"qu'est ce que l'industrie","https://www.aveclindustrie.fr/","1","34","13","170","","","","","7","OLDER_THAN_2_MONTHS","","","","","","","",""
"métier industrie","https://www.aveclindustrie.fr/trouver-sa-voie/","1","46","32","320","1850","0.83","0.06","57.8125","20","2026-06-01","true","false","false","false","false","false","",""
"forum des métiers paris","https://www.aveclindustrie.fr/evenements-salons/","1","43","29","320","","0.51","0.12","","22","2026-05-29","true","false","false","false","false","false","",""
"opco industrie","https://www.aveclindustrie.fr/politique-de-confidentialite/","1","59","90","90","","","0.01","","36","OLDER_THAN_2_MONTHS","true","false","false","false","false","false","",""
"technicien laboratoire","https://admin.aveclindustrie.fr/metier/technicien-de-laboratoire/","1","76","500","1300","101000","0.38","0.05","202","31","OLDER_THAN_2_MONTHS","true","false","false","false","false","false","",""
"reconversions professionnelles","https://www.aveclindustrie.fr/changer-de-cap-se-reconvertir/","1","52","70","70","766","1.82","0.64","10.9429","36","OLDER_THAN_2_MONTHS","true","false","false","false","false","false","",""
"circuit michelin salon de provence","https://www.aveclindustrie.fr/wp-content/uploads/2025/11/EAT25-Dossier_de_Presentation_DEF.pdf","1","45","30","30","","0.82","0.09","","18","OLDER_THAN_2_MONTHS","","","","","","","",""
"web industries","https://aveclindustrie.fr/","1","43","30","30","","","0","","1","OLDER_THAN_2_MONTHS","true","false","false","false","false","false","",""
"salon industrie paris","https://www.aveclindustrie.fr/evenements-salons/","1","58","90","90","","","0.06","","26","OLDER_THAN_2_MONTHS","","","","","","","",""
"forum des métiers saint-etienne","https://www.aveclindustrie.fr/evenements-salons/","1","60","90","90","","","0.02","","4","OLDER_THAN_2_MONTHS","","","","","","","",""
"nuit de l'orientation mulhouse","https://www.aveclindustrie.fr/evenements-salons/","1","31","10","10","","","0","","16","OLDER_THAN_2_MONTHS","true","false","false","false","false","false","",""
"forum de l emploi laval 2019","https://www.aveclindustrie.fr/evenements-salons/","1","31","10","10","","","","","12","OLDER_THAN_2_MONTHS","","","","","","","",""
"production industry","https://www.aveclindustrie.fr/decouvrez-lindustrie/les-secteurs-de-lindustrie/","1","53","70","70","","","0","","23","OLDER_THAN_2_MONTHS","","","","","","","",""
"i métier","https://aveclindustrie.fr/secteurs-metiers/1001-metiers-a-decouvrir","1","59","90","90","","0.74","0.09","","30","OLDER_THAN_2_MONTHS","true","false","false","false","false","false","",""
"site web industrie","https://www.aveclindustrie.fr/","1","33","10","10","","","0.32","","8","2026-06-29","true","false","false","false","false","false","",""
"c'est quoi un operateur de production","https://www.aveclindustrie.fr/metier/operateur-de-production/","1","48","30","30","","0.4352","0.0153","","24","OLDER_THAN_2_MONTHS","true","false","false","false","false","false","",""
"salon recrutement grenoble","https://www.aveclindustrie.fr/evenements-salons/","1","34","10","10","","","0.01","","1","OLDER_THAN_2_MONTHS","true","false","false","false","false","false","",""
"place de l'industrie française dans le monde","https://www.aveclindustrie.fr/","1","33","10","10","","","0","","10","OLDER_THAN_2_MONTHS","","","","","","","",""
"stratifieur métier","https://www.aveclindustrie.fr/metier/stratifieur/","1","47","30","30","","","","","20","OLDER_THAN_2_MONTHS","","","","","","","",""
"forum de l'orientation 2024 bourges","https://www.aveclindustrie.fr/evenements-salons/","1","33","10","10","","","","","13","OLDER_THAN_2_MONTHS","false","false","true","false","true","true","",""
"avenir diffusion","https://www.aveclindustrie.fr/","1","47","30","30","","","","","45","OLDER_THAN_2_MONTHS","","","","","","","",""
"carrieres industrie","https://www.aveclindustrie.fr/branche/carrieres-et-materiaux/","1","44","23","30","","1.3961","0.01","","11","OLDER_THAN_2_MONTHS","true","false","false","false","true","false","",""
"formation de l'avenir","https://www.aveclindustrie.fr/","1","36","10","10","","0.71","0.45","","36","OLDER_THAN_2_MONTHS","true","false","false","false","false","false","",""
"opérateur usine","https://aveclindustrie.fr/metier/operateur-de-production/","1","31","8","90","","0.4","0.07","","22","OLDER_THAN_2_MONTHS","","","","","","","",""
"industrie salon","https://www.aveclindustrie.fr/evenements-salons/","1","37","10","10","","","0","","21","OLDER_THAN_2_MONTHS","","","","","","","",""
"definition de industrie","https://www.aveclindustrie.fr/decouvrez-lindustrie/les-secteurs-de-lindustrie/","1","35","10","10","","","0.01","","26","OLDER_THAN_2_MONTHS","true","false","false","false","false","false","",""
"groupe avenir nantes","https://aveclindustrie.fr/","1","36","10","10","","","","","1","OLDER_THAN_2_MONTHS","","","","","","","",""
"compétences technicien de laboratoire","https://www.aveclindustrie.fr/metier/technicien-de-laboratoire/","1","58","64","70","","1.95","0.06","","33","OLDER_THAN_2_MONTHS","","","","","","","",""
"fichier pdf fr","https://www.aveclindustrie.fr/wp-content/uploads/2024/07/exemple-pedf.pdf","1","52","50","50","","","0","","32","OLDER_THAN_2_MONTHS","","","","","","","",""
"formation technicien contrôle qualité","https://www.aveclindustrie.fr/metier/technicien-controle-qualite/","1","43","20","20","","0.7467","0.3889","","22","OLDER_THAN_2_MONTHS","true","false","false","false","false","false","",""
"métiers du verre","https://www.aveclindustrie.fr/metier/souffleur-de-verre/","1","66","140","140","","1.6634","0.0161","","15","OLDER_THAN_2_MONTHS","","","","","","","",""
"usine bic montévrain","https://www.aveclindustrie.fr/wp-content/uploads/2025/11/CP-OPCO-2i-Semaine-de-lindustrie-17-novembre-2025_compressed.pdf","1","54","50","50","","","0.0082","","29","OLDER_THAN_2_MONTHS","true","false","false","false","true","false","",""
"qu'est ce qu'un operateur de production","https://admin.aveclindustrie.fr/metier/operateur-de-production/","1","52","50","50","","","0.01","","21","OLDER_THAN_2_MONTHS","true","false","false","false","false","false","",""
"salon de la maintenance industrielle","https://www.aveclindustrie.fr/evenements-salons/","1","45","20","20","","","0.04","","1","OLDER_THAN_2_MONTHS","true","false","false","false","false","false","",""
"ar industries","https://aveclindustrie.fr/","1","52","50","50","","","0.0207","","18","OLDER_THAN_2_MONTHS","","","","","","","",""
"salon orientation orleans","https://www.aveclindustrie.fr/evenements-salons/","1","55","50","50","","","0","","1","OLDER_THAN_2_MONTHS","true","false","false","false","false","false","",""
"entreprises de production industrielle","https://www.aveclindustrie.fr/decouvrez-lindustrie/les-secteurs-de-lindustrie/","1","40","10","10","63","1.23","0.18","6.3","25","OLDER_THAN_2_MONTHS","","","","","","","",""
"secteur activités entreprise","https://www.aveclindustrie.fr/decouvrez-lindustrie/les-secteurs-de-lindustrie/","1","54","50","50","","","0.01","","44","OLDER_THAN_2_MONTHS","true","false","false","false","false","false","",""
"nrj auvergne","https://aveclindustrie.fr/actualites/lindustrie-debarque-a-leucate-pour-le-nrj-summer-tour-ce-mardi-5-aout/","1","42","20","20","","","0","","30","OLDER_THAN_2_MONTHS","","","","","","","",""
"liste des industries en france","https://www.aveclindustrie.fr/decouvrez-lindustrie/les-secteurs-de-lindustrie/","1","39","10","10","","","0","","24","OLDER_THAN_2_MONTHS","","","","","","","",""
"divers secteurs d'activité","https://www.aveclindustrie.fr/decouvrez-lindustrie/les-secteurs-de-lindustrie/","1","52","50","50","","","","","20","OLDER_THAN_2_MONTHS","","","","","","","",""
"transdev beziers","https://aveclindustrie.fr/actualites/le-tour-de-france-de-nos-industries-a-beziers/","1","44","20","20","","","0","","11","OLDER_THAN_2_MONTHS","true","false","false","false","false","false","",""
"salon etudiant oyonnax","https://www.aveclindustrie.fr/evenements-salons/","1","38","10","10","","","","","27","OLDER_THAN_2_MONTHS","","","","","","","",""
"ingenieur procedes","https://www.aveclindustrie.fr/metier/ingenieur-des-procedes/","1","52","50","50","","0.3522","0.04","","28","OLDER_THAN_2_MONTHS","true","false","false","false","false","false","",""
"l&t infotech share price","https://www.aveclindustrie.fr/","1","45","20","20","","","0","","44","OLDER_THAN_2_MONTHS","","","","","","","",""
"technicien de maintenance des systèmes énergétiques et climatiques salaire","https://www.aveclindustrie.fr/metier/technicien-de-maintenance-des-systemes-energetiques/","1","59","50","50","","","0.05","","27","OLDER_THAN_2_MONTHS","true","false","false","false","false","false","",""
"metier horloger","https://www.aveclindustrie.fr/metier/horloger-reparateur/","1","52","37","480","126","0.76","0.05","3.4054","23","OLDER_THAN_2_MONTHS","true","false","false","false","false","false","",""
"la semaine de l industrie","https://www.aveclindustrie.fr/actualites/semaine-de-lindustrie-2025/","1","48","20","20","","","0","","14","OLDER_THAN_2_MONTHS","true","false","false","false","false","false","",""
"avenir bois vif","https://aveclindustrie.fr/","1","52","40","40","","","0.028","","15","OLDER_THAN_2_MONTHS","","","","","","","",""
"opco 2i paris","https://www.aveclindustrie.fr/mentions-legales/","1","58","50","50","7","","0.01","0.14","31","OLDER_THAN_2_MONTHS","true","false","false","false","false","false","",""
"energetique services","https://www.aveclindustrie.fr/branche/services-defficacite-energetique/","1","60","50","50","","5.42","0.04","","1","OLDER_THAN_2_MONTHS","","","","","","","",""
"technicien horloger","https://www.aveclindustrie.fr/metier/horloger-reparateur/","1","47","20","20","","","0.07","","24","OLDER_THAN_2_MONTHS","","","","","","","",""
"entreprises par secteur d activité","https://www.aveclindustrie.fr/decouvrez-lindustrie/les-secteurs-de-lindustrie/","1","60","50","50","","1.0595","0.0544","","32","OLDER_THAN_2_MONTHS","true","false","false","false","false","false","",""
"ingenieur industrie","https://www.aveclindustrie.fr/metier/ingenieur-de-production/","1","59","50","50","","1.2308","0.0433","","32","OLDER_THAN_2_MONTHS","","","","","","","",""
"qu est ce qu'une entreprise industrielle","https://aveclindustrie.fr/","1","51","40","40","","","0","","15","OLDER_THAN_2_MONTHS","","","","","","","",""
"avenir couture","https://www.aveclindustrie.fr/","1","47","20","20","","","0.0119","","1","OLDER_THAN_2_MONTHS","","","","","","","",""
"la-co industries","https://aveclindustrie.fr/","1","49","20","20","","","0.04","","25","OLDER_THAN_2_MONTHS","","","","","","","",""
"travailler à l'apec","https://aveclindustrie.fr/viens-on-accelere-avec-lindustrie/","1","58","50","50","","3","0.1","","32","OLDER_THAN_2_MONTHS","","","","","","","",""
"chaux ressource","https://www.aveclindustrie.fr/","1","52","40","40","","","0.0842","","46","OLDER_THAN_2_MONTHS","false","false","false","false","false","true","",""
"maison de la culture bourges recrutement","https://www.aveclindustrie.fr/","1","46","20","20","","","0.05","","37","OLDER_THAN_2_MONTHS","","","","","","","",""
"opco 2i taxe apprentissage","https://www.aveclindustrie.fr/politique-de-confidentialite/","1","52","40","40","","60.4428","0.1481","","41","OLDER_THAN_2_MONTHS","true","false","false","false","false","true","",""
"salon industriel nantes","https://www.aveclindustrie.fr/actualites/retour-sur-le-salon-formatheque-a-nantes/","1","54","40","40","","","0.01","","17","OLDER_THAN_2_MONTHS","","","","","","","",""
"formation piqueur en maroquinerie","https://aveclindustrie.fr/metier/piqueur-en-maroquinerie","1","46","20","20","","0.3972","0.2143","","17","OLDER_THAN_2_MONTHS","true","false","false","false","false","false","",""
"reparateur metier","https://www.aveclindustrie.fr/metier/horloger-reparateur/","1","52","30","30","","","0.0182","","30","2026-07-02","true","false","false","false","false","false","",""
"métier avec i","https://www.aveclindustrie.fr/decouvrez-lindustrie/les-metiers-de-lindustrie/","1","45","13","140","","0.52","0.07","","34","2026-06-13","true","false","false","false","false","false","",""
"formation pour changer de métier","https://www.aveclindustrie.fr/changer-de-cap-se-reconvertir/","1","39","7","110","","1.58","0.76","","34","2026-06-06","true","false","false","false","false","false","",""
"cordonnier formation adulte","https://www.aveclindustrie.fr/metier/cordonnier-multiservices/","1","69","110","110","","0.34","0.05","","26","OLDER_THAN_2_MONTHS","true","false","false","false","false","false","",""
"métier industriel","https://www.aveclindustrie.fr/decouvrez-lindustrie/les-secteurs-de-lindustrie/","1","53","32","480","","1.01","0.16","","27","OLDER_THAN_2_MONTHS","true","false","false","false","false","false","",""
"travail industriel","https://www.aveclindustrie.fr/decouvrez-lindustrie/les-metiers-de-lindustrie/","1","57","40","40","","0.54","0.08","","24","OLDER_THAN_2_MONTHS","true","false","false","false","false","false","",""
"sites industriels","https://www.aveclindustrie.fr/decouvrez-lindustrie/les-secteurs-de-lindustrie/","1","81","480","480","12000","3.17","0.01","25","21","OLDER_THAN_2_MONTHS","","","","","","","",""
"réorientation professionnel","https://www.aveclindustrie.fr/changer-de-cap-se-reconvertir/","1","31","5","50","","1.9","0.66","","35","OLDER_THAN_2_MONTHS","true","false","false","false","false","false","",""
"formation pour reconversion professionnelle","https://www.aveclindustrie.fr/changer-de-cap-se-reconvertir/","1","63","90","90","","2.15","0.72","","35","OLDER_THAN_2_MONTHS","true","false","false","false","false","false","",""
"faire une reconversion","https://www.aveclindustrie.fr/changer-de-cap-se-reconvertir/","1","70","90","90","","2.3","0.45","","36","OLDER_THAN_2_MONTHS","true","false","false","false","false","false","",""
"entreprise avenir","https://aveclindustrie.fr/","1","60","40","40","","","0.01","","1","OLDER_THAN_2_MONTHS","","","","","","","",""
"industrie bourges","https://www.aveclindustrie.fr/actualites/retour-en-images-avec-lindustrie-au-printemps-de-bourges/","1","66","90","90","","","0.01","","1","OLDER_THAN_2_MONTHS","","","","","","","",""
"cadre pharmaceutique","https://www.aveclindustrie.fr/branche/industrie-pharmaceutique/","1","60","40","40","","1.7396","0.3796","","22","OLDER_THAN_2_MONTHS","true","false","false","false","false","false","",""
"quel secteur d'activité","https://www.aveclindustrie.fr/decouvrez-lindustrie/les-secteurs-de-lindustrie/","1","66","90","90","","","","","34","OLDER_THAN_2_MONTHS","true","false","false","false","false","false","",""
"metier conception","https://aveclindustrie.fr/metier/concepteur-modeleur/","1","59","40","40","","","0.02","","29","OLDER_THAN_2_MONTHS","","","","","","","",""
"mouleur noyauteur","https://aveclindustrie.fr/metier/mecanicien-mouliste-ajusteur/","1","56","36","40","640","","","17.7778","26","OLDER_THAN_2_MONTHS","","","","","","","",""
"qu'est ce qu'une industrie","https://www.aveclindustrie.fr/decouvrez-lindustrie/les-secteurs-de-lindustrie/","1","33","5","70","","","0","","34","OLDER_THAN_2_MONTHS","true","false","false","false","false","false","",""
"industrie fabrication","https://www.aveclindustrie.fr/branche/fabrication-de-lameublement/","1","52","30","30","","","0.0204","","18","OLDER_THAN_2_MONTHS","","","","","","","",""
"industrie du médicament","https://www.aveclindustrie.fr/branche/industrie-pharmaceutique/","1","54","30","30","","","0.02","","25","OLDER_THAN_2_MONTHS","","","","","","","",""
"secteur d'activité industrie","https://www.aveclindustrie.fr/","1","63","90","90","","","","","34","OLDER_THAN_2_MONTHS","","","","","","","",""
"technicien de contrôle","https://www.aveclindustrie.fr/metier/technicien-controle-qualite/","1","35","5","50","","0.43","0.02","","41","OLDER_THAN_2_MONTHS","","","","","","","",""
"type of industry","https://www.aveclindustrie.fr/decouvrez-lindustrie/les-secteurs-de-lindustrie/","1","68","90","90","","","","","1","OLDER_THAN_2_MONTHS","true","false","false","false","false","false","",""
"technicien laboratoire travaux publics","https://www.aveclindustrie.fr/metier/technicien-de-laboratoire/","1","43","10","10","","","0.07","","24","2026-06-02","true","false","false","false","false","false","",""
"profil technicien de laboratoire","https://www.aveclindustrie.fr/metier/technicien-de-laboratoire/","1","46","10","10","","","","","33","OLDER_THAN_2_MONTHS","true","false","false","false","false","false","",""
"salon de la formation et de l emploi","https://admin.aveclindustrie.fr/evenements-salons/","1","42","10","10","","","","","78","OLDER_THAN_2_MONTHS","false","true","false","false","false","false","",""
"salon industrie paris novembre 2018","https://www.aveclindustrie.fr/evenements-salons/","1","41","10","10","","","","","14","OLDER_THAN_2_MONTHS","","","","","","","",""
"contrôle qualité chimie","https://www.aveclindustrie.fr/metier/technicien-controle-qualite/","1","60","30","30","","0.8429","0.0476","","17","OLDER_THAN_2_MONTHS","","","","","","","",""
"life industries","https://lives.aveclindustrie.fr/","1","48","10","10","","","0","","1","OLDER_THAN_2_MONTHS","true","false","false","false","false","false","",""
"ingénieur production industrielle","https://aveclindustrie.fr/metier/ingenieur-de-production/","1","51","20","20","","0.2973","0.0794","","33","OLDER_THAN_2_MONTHS","","","","","","","",""
"classement des secteurs d'activité en france","https://www.aveclindustrie.fr/decouvrez-lindustrie/les-secteurs-de-lindustrie/","1","66","70","70","","","0","","29","OLDER_THAN_2_MONTHS","true","false","false","false","false","false","",""
"ate sa","https://aveclindustrie.fr/","1","41","10","10","","","0","","18","OLDER_THAN_2_MONTHS","true","false","false","false","false","false","",""
"alternance industrie pharmaceutique","https://www.aveclindustrie.fr/branche/industrie-pharmaceutique/","1","63","70","70","","0.88","0.27","","10","OLDER_THAN_2_MONTHS","","","","","","","",""
"salon du recrutement lyon","https://www.aveclindustrie.fr/evenements-salons/","1","48","10","10","","","0","","4","OLDER_THAN_2_MONTHS","true","false","false","false","false","false","",""
"salon des carrières","https://www.aveclindustrie.fr/evenements-salons/","1","44","10","10","","","0","","5","OLDER_THAN_2_MONTHS","","","","","","","",""
"pub bpifrance","https://www.aveclindustrie.fr/actualites/emission-m6/","1","44","10","10","","","0","","35","OLDER_THAN_2_MONTHS","","","","","","","",""
"forum auto-entrepreneur couture","https://aveclindustrie.fr/","1","43","10","10","","1.219","0.02","","17","OLDER_THAN_2_MONTHS","","","","","","","",""
"salon des métiers grenoble","https://www.aveclindustrie.fr/evenements-salons/","1","62","50","50","","","0","","11","OLDER_THAN_2_MONTHS","","","","","","","",""
"a2mac1 emploi","https://www.aveclindustrie.fr/wp-content/uploads/2025/11/EAT25-Dossier_de_Presentation_DEF.pdf","1","43","10","10","","","0.1633","","1","OLDER_THAN_2_MONTHS","true","false","false","false","false","false","",""
"metier de l industrie qui recrute","https://www.aveclindustrie.fr/decouvrez-lindustrie/les-secteurs-de-lindustrie/","1","62","50","50","","2.1504","0.244","","21","OLDER_THAN_2_MONTHS","","","","","","","",""
"nos secteurs d'activités","https://www.aveclindustrie.fr/decouvrez-lindustrie/les-secteurs-de-lindustrie/","1","58","30","30","","","0","","10","OLDER_THAN_2_MONTHS","","","","","","","",""
"nuit de l'orientation brest","https://aveclindustrie.fr/evenements-salons/","1","42","10","10","","","0","","11","OLDER_THAN_2_MONTHS","","","","","","","",""
"salon de l'emploi valence","https://aveclindustrie.fr/evenements-salons/","1","43","10","10","","","0","","7","OLDER_THAN_2_MONTHS","true","false","false","false","false","false","",""
"filière entreprise exemple","https://www.aveclindustrie.fr/decouvrez-lindustrie/les-secteurs-de-lindustrie/","1","52","20","20","","","0","","1","OLDER_THAN_2_MONTHS","true","false","false","false","false","false","",""
"cap vitrailliste alternance","https://www.aveclindustrie.fr/","1","56","30","30","","0.5","0.18","","22","OLDER_THAN_2_MONTHS","","","","","","","",""
"formation couture clermont-ferrand","https://www.aveclindustrie.fr/","1","60","30","30","","2.93","0.46","","14","OLDER_THAN_2_MONTHS","","","","","","","",""
"coiffeur sens 89100","https://www.aveclindustrie.fr/","1","57","30","30","","0.6726","0.0238","","20","OLDER_THAN_2_MONTHS","","","","","","","",""
"course d'orientation vendée 2024","https://www.aveclindustrie.fr/","1","68","70","70","","","","","1","OLDER_THAN_2_MONTHS","","","","","","","",""
"conducteur d'installations et de machines automatisées","https://www.aveclindustrie.fr/metier/conducteur-installations-automatisees/","1","74","142","170","","1.5724","0.0605","","32","OLDER_THAN_2_MONTHS","","","","","","","",""
"métier opérateur","https://www.aveclindustrie.fr/metier/operateur-de-production/","1","41","8","90","","","0.01","","44","OLDER_THAN_2_MONTHS","","","","","","","",""
"l&t emerging business fund direct growth","https://www.aveclindustrie.fr/","1","45","10","10","","","0","","44","OLDER_THAN_2_MONTHS","","","","","","","",""
"l&t chennai careers","https://www.aveclindustrie.fr/","1","47","10","10","","","","","44","OLDER_THAN_2_MONTHS","","","","","","","",""
"l&b pizza new york","https://www.aveclindustrie.fr/","1","48","10","10","","","0","","44","OLDER_THAN_2_MONTHS","","","","","","","",""
"l&t infotech wiki","https://www.aveclindustrie.fr/","1","48","10","10","","","","","44","OLDER_THAN_2_MONTHS","","","","","","","",""
"l&q login","https://www.aveclindustrie.fr/","1","48","10","10","","","0","","44","OLDER_THAN_2_MONTHS","","","","","","","",""
"cqpi conducteur d'équipement industriel","https://www.aveclindustrie.fr/metier/conducteur-equipements-industriels/","1","62","50","50","","","0.0149","","","OLDER_THAN_2_MONTHS","true","false","true","false","false","false","",""
"papier conducteur","https://www.aveclindustrie.fr/metier/conducteur-de-machine-a-papier/","1","56","20","20","","","0.102","","8","OLDER_THAN_2_MONTHS","true","false","false","false","false","false","",""
"transdev icm","https://www.aveclindustrie.fr/wp-content/uploads/2025/11/EAT25-Dossier_de_Presentation_DEF.pdf","1","50","10","10","","","0","","36","OLDER_THAN_2_MONTHS","true","false","false","false","false","false","",""
"metier horlogerie","https://www.aveclindustrie.fr/metier/horloger-reparateur/","1","68","45","720","","0.8","0.05","","20","OLDER_THAN_2_MONTHS","","","","","","","",""
"métier qui bouge","https://www.aveclindustrie.fr/","1","67","44","480","166","0.62","0.23","3.7727","29","OLDER_THAN_2_MONTHS","true","false","false","false","false","false","",""
"formation pour travailler","https://www.aveclindustrie.fr/trouver-sa-voie/","1","62","40","40","","1.56","0.46","","42","OLDER_THAN_2_MONTHS","true","false","false","false","false","false","",""
"entreprise industriel","https://www.aveclindustrie.fr/decouvrez-lindustrie/les-secteurs-de-lindustrie/","1","69","49","590","13600","0.95","0.01","277.551","29","OLDER_THAN_2_MONTHS","","","","","","","entreprise industrie",""
"ingénieur gestion de production","https://aveclindustrie.fr/metier/ingenieur-de-production/","1","66","40","40","","","0","","8","OLDER_THAN_2_MONTHS","","","","","","","",""
"trouver sa voie à 30 ans","https://www.aveclindustrie.fr/changer-de-cap-se-reconvertir/","1","58","20","20","","3.7397","0.1659","","19","OLDER_THAN_2_MONTHS","true","false","false","false","false","false","",""
"industrie perpignan","https://www.aveclindustrie.fr/","1","76","90","90","","","0.01","","8","OLDER_THAN_2_MONTHS","true","false","true","true","true","false","",""
"reorientation professionel","https://www.aveclindustrie.fr/changer-de-cap-se-reconvertir/","1","49","10","10","","","","","33","OLDER_THAN_2_MONTHS","true","false","false","false","false","false","","reorientation professionnel"
"salon aef 2024","https://www.aveclindustrie.fr/","1","70","50","50","6","","0.02","0.12","30","OLDER_THAN_2_MONTHS","true","false","false","false","false","false","",""
"emploi reconversion professionnelle","https://www.aveclindustrie.fr/changer-de-cap-se-reconvertir/","1","78","90","90","","1.37","0.55","","37","OLDER_THAN_2_MONTHS","true","false","false","false","false","false","",""
"bts industries céramiques","https://www.aveclindustrie.fr/metier/concepteur-modeleur/","1","68","40","40","","","0.01","","11","OLDER_THAN_2_MONTHS","","","","","","","",""
"liste de secteurs d'activité","https://www.aveclindustrie.fr/decouvrez-lindustrie/les-secteurs-de-lindustrie/","1","63","50","50","38","","0.01","0.76","44","OLDER_THAN_2_MONTHS","true","false","false","false","false","false","",""
"liste des secteurs d activité en france","https://www.aveclindustrie.fr/decouvrez-lindustrie/les-secteurs-de-lindustrie/","1","46","8","50","","0.41","0.02","","29","OLDER_THAN_2_MONTHS","true","false","false","false","false","false","",""
"salon de letudiant tours","https://www.aveclindustrie.fr/evenements-salons/","1","66","50","50","","","0.0119","","1","OLDER_THAN_2_MONTHS","true","false","false","false","false","false","",""
"métiers de l industrie pharmaceutique","https://www.aveclindustrie.fr/branche/industrie-pharmaceutique/","1","68","58","70","","1.78","0.09","","22","OLDER_THAN_2_MONTHS","true","false","false","false","false","false","",""
"salon des metiers orleans","https://www.aveclindustrie.fr/evenements-salons/","1","49","10","10","","","","","1","OLDER_THAN_2_MONTHS","true","false","false","false","false","false","",""
"forum de l orientation orleans","https://www.aveclindustrie.fr/evenements-salons/","1","49","10","10","","","0","","1","OLDER_THAN_2_MONTHS","true","false","false","false","false","false","",""
"liste entreprise par secteur","https://www.aveclindustrie.fr/decouvrez-lindustrie/les-secteurs-de-lindustrie/","1","59","20","20","","2.7925","0.2381","","30","OLDER_THAN_2_MONTHS","true","false","false","false","false","false","",""
"chaudronnier etude","https://www.aveclindustrie.fr/metier/chaudronnier/","1","54","20","20","","0.5491","0.0857","","33","OLDER_THAN_2_MONTHS","","","","","","","",""
"lille grand palais recrutement","https://www.aveclindustrie.fr/evenements-salons/","1","68","50","50","","0.39","0.11","","36","OLDER_THAN_2_MONTHS","false","false","true","true","false","false","",""
"secteur d'activité france","https://www.aveclindustrie.fr/decouvrez-lindustrie/les-secteurs-de-lindustrie/","1","66","45","50","","","","","34","OLDER_THAN_2_MONTHS","","","","","","","",""
"secteur habillement","https://aveclindustrie.fr/branche/habillement/","1","67","50","50","","","0","","20","OLDER_THAN_2_MONTHS","","","","","","","",""
"reconversion cap","https://www.aveclindustrie.fr/changer-de-cap-se-reconvertir/","1","62","30","30","","","0.2238","","18","OLDER_THAN_2_MONTHS","true","false","false","false","false","false","",""
"liste des métiers de l'industrie","https://aveclindustrie.fr/trouver-sa-voie/","1","42","5","40","","1.7931","0.0549","","27","OLDER_THAN_2_MONTHS","","","","","","","",""
"aunis production industrie","https://aveclindustrie.fr/","1","74","90","90","","","0.01","","33","OLDER_THAN_2_MONTHS","true","false","false","false","false","false","",""
"operateur de production c est quoi","https://aveclindustrie.fr/metier/operateur-de-production/","1","68","50","70","","","0.02","","14","OLDER_THAN_2_MONTHS","","","","","","","",""
"fiche métier industrie","https://www.aveclindustrie.fr/decouvrez-lindustrie/les-secteurs-de-lindustrie/","1","53","20","20","","","0.0451","","32","OLDER_THAN_2_MONTHS","","","","","","","",""
"différents domaines d'activités","https://www.aveclindustrie.fr/decouvrez-lindustrie/les-secteurs-de-lindustrie/","1","78","90","90","","","0","","34","OLDER_THAN_2_MONTHS","","","","","","","",""
"bijouterie delachaux","https://www.aveclindustrie.fr/","1","67","50","50","","","0.04","","1","OLDER_THAN_2_MONTHS","true","true","false","false","true","false","",""
"adresse opco","https://aveclindustrie.fr/viens-on-accelere-avec-lindustrie/","1","66","40","40","","","","","36","OLDER_THAN_2_MONTHS","","","","","","","",""
"metier de l'art qui recrutent","https://www.aveclindustrie.fr/","1","75","82","90","","0.82","0.2","","43","OLDER_THAN_2_MONTHS","","","","","","","",""
"type of industries","https://www.aveclindustrie.fr/decouvrez-lindustrie/les-secteurs-de-lindustrie/","1","47","8","90","","","","","1","OLDER_THAN_2_MONTHS","","","","","","","",""
"qu'est ce qu'un secteur professionnel","https://www.aveclindustrie.fr/decouvrez-lindustrie/les-secteurs-de-lindustrie/","1","70","50","50","","","0","","22","OLDER_THAN_2_MONTHS","","","","","","","",""
"industrie industrialisante","https://www.aveclindustrie.fr/decouvrez-lindustrie/","1","63","50","50","","","","","1","OLDER_THAN_2_MONTHS","","","","","","","",""
"société industrielles","https://www.aveclindustrie.fr/decouvrez-lindustrie/les-secteurs-de-lindustrie/","1","57","20","20","","","","","23","OLDER_THAN_2_MONTHS","","","","","","","",""
"metier de l'industrie qui recrute","https://www.aveclindustrie.fr/decouvrez-lindustrie/les-secteurs-de-lindustrie/","1","63","50","50","","0.881","0.2976","","42","OLDER_THAN_2_MONTHS","","","","","","","",""
"l&t share price target","https://www.aveclindustrie.fr/","1","49","10","10","","","","","44","OLDER_THAN_2_MONTHS","","","","","","","",""
"l&t construction new projects 2020","https://www.aveclindustrie.fr/","1","49","10","10","","","","","44","OLDER_THAN_2_MONTHS","","","","","","","",""
"opco 2i fne 2024","https://www.aveclindustrie.fr/viens-on-accelere-avec-lindustrie/","1","62","10","10","","","","","39","OLDER_THAN_2_MONTHS","false","false","false","false","false","true","",""
"métier avec un l","https://www.aveclindustrie.fr/decouvrez-lindustrie/les-metiers-de-lindustrie/","1","64","24","260","","","","","31","OLDER_THAN_2_MONTHS","true","false","false","false","false","false","",""
"groupe avenir recrutement","https://www.aveclindustrie.fr/","1","66","30","30","","0.3102","0.0952","","1","OLDER_THAN_2_MONTHS","true","false","false","false","false","false","",""
"métiers de la production industrielle","https://www.aveclindustrie.fr/decouvrez-lindustrie/les-metiers-de-lindustrie/","1","62","10","10","","","0.07","","10","OLDER_THAN_2_MONTHS","true","false","false","false","false","false","",""
"entreprises plasturgie","https://www.aveclindustrie.fr/branche/plasturgie-et-composites/","1","69","34","480","2070","1.89","0.22","60.8824","28","OLDER_THAN_2_MONTHS","true","false","false","false","false","false","",""
"construction industrie","https://www.aveclindustrie.fr/","1","64","20","20","","","0.0769","","24","OLDER_THAN_2_MONTHS","true","false","false","false","true","false","",""
"salon de l emploi vesoul","https://admin.aveclindustrie.fr/evenements-salons/","1","53","10","10","","","","","10","OLDER_THAN_2_MONTHS","true","false","false","false","false","false","",""
"technicien de laboratoire role","https://admin.aveclindustrie.fr/metier/technicien-de-laboratoire/","1","59","10","10","","","0","","26","OLDER_THAN_2_MONTHS","true","false","false","false","false","false","",""
"industries au luxembourg","https://www.aveclindustrie.fr/decouvrez-lindustrie/les-secteurs-de-lindustrie/","1","68","30","30","","","0.1071","","4","OLDER_THAN_2_MONTHS","true","false","false","false","false","false","",""
"formation industrielle","https://www.aveclindustrie.fr/trouver-sa-voie/","1","52","8","90","","3.44","0.42","","27","OLDER_THAN_2_MONTHS","true","false","false","false","false","false","",""
"trouver une reconversion professionnelle","https://www.aveclindustrie.fr/changer-de-cap-se-reconvertir/","1","57","10","10","","4.5613","1","","30","OLDER_THAN_2_MONTHS","true","false","false","false","false","false","",""
"dut textile","https://www.aveclindustrie.fr/branche/textile/","1","51","10","10","","","0.1905","","24","OLDER_THAN_2_MONTHS","true","false","false","false","false","false","",""
"casting missions","https://www.aveclindustrie.fr/actualites/casting-m6-fais-briller-ton-talent-dans-lindustrie/","1","64","20","20","","","0.0451","","42","OLDER_THAN_2_MONTHS","true","false","false","false","false","false","",""
"industrie emploi","https://www.aveclindustrie.fr/decouvrez-lindustrie/les-metiers-de-lindustrie/","1","52","5","30","159000","0.6207","0.094","31800","26","OLDER_THAN_2_MONTHS","true","false","false","false","false","false","",""
"jeux industrie","https://www.aveclindustrie.fr/branche/jeux-jouets-et-puericulture/","1","62","20","20","","","0.0268","","7","OLDER_THAN_2_MONTHS","","","","","","","",""
"industrie papetière francaise","https://www.aveclindustrie.fr/","1","63","30","30","","","0.0667","","14","OLDER_THAN_2_MONTHS","true","false","false","false","false","false","",""
"produit industriel définition","https://www.aveclindustrie.fr/decouvrez-lindustrie/les-secteurs-de-lindustrie/","1","72","40","40","","","0","","1","OLDER_THAN_2_MONTHS","true","false","false","false","false","false","",""
"salons formation professionnelle","https://www.aveclindustrie.fr/evenements-salons/","1","74","40","40","","1.32","0.19","","23","OLDER_THAN_2_MONTHS","true","false","false","false","false","false","",""
"c'est quoi l'industrie","https://www.aveclindustrie.fr/","1","55","10","110","","","","","19","OLDER_THAN_2_MONTHS","true","false","false","false","false","false","",""
"composite industries","https://www.aveclindustrie.fr/branche/plasturgie-et-composites/","1","63","20","20","6180","1.43","0.08","309","1","OLDER_THAN_2_MONTHS","","","","","","","",""
"créer ou fabriquer","https://www.aveclindustrie.fr/","1","66","30","30","","","0","","22","OLDER_THAN_2_MONTHS","","","","","","","",""
"salon de l etudiant annecy","https://www.aveclindustrie.fr/evenements-salons/","1","76","50","50","","","0","","1","OLDER_THAN_2_MONTHS","","","","","","","",""
"salons jobs","https://www.aveclindustrie.fr/evenements-salons/","1","78","30","30","","","0.0952","","28","OLDER_THAN_2_MONTHS","true","false","false","false","false","false","",""
"cap conducteur d'installations de production","https://aveclindustrie.fr/metier/conducteur-installations-automatisees/","1","88","90","90","","","0.01","","26","OLDER_THAN_2_MONTHS","","","","","","","",""
"comment faire pour se reconvertir","https://www.aveclindustrie.fr/changer-de-cap-se-reconvertir/","1","79","40","40","","0.96","0.23","","36","OLDER_THAN_2_MONTHS","true","false","false","false","false","false","",""
"secteurs d'activité liste","https://www.aveclindustrie.fr/decouvrez-lindustrie/les-secteurs-de-lindustrie/","1","64","27","320","153","","","5.6667","44","OLDER_THAN_2_MONTHS","true","false","false","false","false","false","",""
"les différents postes dans une usine","https://www.aveclindustrie.fr/decouvrez-lindustrie/les-secteurs-de-lindustrie/","1","56","5","40","","0.1971","0.0146","","20","OLDER_THAN_2_MONTHS","","","","","","","",""
"metier en usine","https://www.aveclindustrie.fr/decouvrez-lindustrie/les-secteurs-de-lindustrie/","1","75","38","40","","","0.039","","35","OLDER_THAN_2_MONTHS","","","","","","","",""
"salon de lemploi lille","https://www.aveclindustrie.fr/evenements-salons/","1","58","5","50","","2","0.01","","12","OLDER_THAN_2_MONTHS","true","false","false","false","false","false","",""
"entreprise usine","https://www.aveclindustrie.fr/decouvrez-lindustrie/les-secteurs-de-lindustrie/","1","76","70","70","543","","0.01","7.7571","25","OLDER_THAN_2_MONTHS","true","false","false","false","true","false","",""
"avenir paysage marseille","https://aveclindustrie.fr/","1","45","5","30","","14.33","0.23","","8","OLDER_THAN_2_MONTHS","true","false","false","false","false","false","",""
"salon études","https://www.aveclindustrie.fr/evenements-salons/","1","79","30","30","","1.52","0.06","","26","OLDER_THAN_2_MONTHS","true","false","false","false","false","false","",""
"forum des métiers rennes","https://www.aveclindustrie.fr/evenements-salons/","1","86","70","70","","","0.03","","4","OLDER_THAN_2_MONTHS","","","","","","","",""
"forum des metiers chartres","https://www.aveclindustrie.fr/evenements-salons/","1","54","10","10","","","0","","1","OLDER_THAN_2_MONTHS","true","false","false","false","false","false","",""
"trouver entreprise alternance chimie","https://www.aveclindustrie.fr/decryptage/lalternance-dans-lindustrie-de-la-chimie-une-opportunite-a-saisir/","1","77","40","40","","0.795","0.4815","","13","OLDER_THAN_2_MONTHS","","","","","","","",""
"salon orientation tours","https://www.aveclindustrie.fr/evenements-salons/","1","59","10","10","","","0","","1","OLDER_THAN_2_MONTHS","","","","","","","",""
"salon de l etudiant toulouse 23 novembre","https://www.aveclindustrie.fr/actualites/retour-sur-le-salon-siane-a-toulouse/","1","62","10","10","","","","","10","OLDER_THAN_2_MONTHS","","","","","","","",""
"synonyme de industrie","https://aveclindustrie.fr/qui-sommes-nous/","1","72","30","30","","","0","","48","OLDER_THAN_2_MONTHS","true","false","false","false","false","false","",""
"4 industries","https://aveclindustrie.fr/actualites/le-tour-de-france-de-nos-industries-etape-4-en-region-pays-de-la-loire","1","68","20","20","","4.86","0.25","","5","OLDER_THAN_2_MONTHS","","","","","","","",""
"qu est ce qu un agent de production","https://aveclindustrie.fr/metier/operateur-de-production/","1","71","64","70","","","0","","27","OLDER_THAN_2_MONTHS","","","","","","","",""
"salon 31","https://www.aveclindustrie.fr/actualites/salon-en-ligne-edition-2025-les-journees-de-lindustrie-en-ile-de-france-les-entreprises-recrutent-du-31-mars-au-11-avril-2025/","1","85","70","70","","","0","","38","OLDER_THAN_2_MONTHS","","","","","","","",""
"les differents domaines","https://www.aveclindustrie.fr/decouvrez-lindustrie/les-secteurs-de-lindustrie/","1","64","27","30","","","0","","15","OLDER_THAN_2_MONTHS","","","","","","","",""
"cap plasturgie","https://www.aveclindustrie.fr/branche/plasturgie-et-composites/","1","79","50","50","","7.74","0.05","","18","OLDER_THAN_2_MONTHS","","","","","","","",""
"secteur industriel metier","https://aveclindustrie.fr/trouver-sa-voie/","1","51","10","10","","","0.0714","","30","OLDER_THAN_2_MONTHS","true","false","false","false","false","false","",""
"dans l'avenir","https://aveclindustrie.fr/","1","82","170","170","","","0","","29","OLDER_THAN_2_MONTHS","","","","","","","",""
"les grands secteurs d'activité","https://www.aveclindustrie.fr/decouvrez-lindustrie/les-secteurs-de-lindustrie/","1","65","30","30","","","0","","10","OLDER_THAN_2_MONTHS","","","","","","","",""
"nantes equip'auto facebook","https://aveclindustrie.fr/actualites/retour-sur-le-salon-formatheque-a-nantes/","1","75","50","50","","","0","","25","OLDER_THAN_2_MONTHS","","","","","","","",""
"site industriel france","https://www.aveclindustrie.fr/","1","67","20","20","","","0","","27","OLDER_THAN_2_MONTHS","","","","","","","",""
"salon job étudiant lille","https://aveclindustrie.fr/evenements-salons/","1","62","10","10","","","","","13","OLDER_THAN_2_MONTHS","","","","","","","",""
"industrie médical","https://www.aveclindustrie.fr/branche/industrie-pharmaceutique/","1","72","40","40","","","0.0779","","27","OLDER_THAN_2_MONTHS","","","","","","","",""
"nuit de l'orientation angers","https://aveclindustrie.fr/evenements-salons/","1","54","10","10","","","0","","17","OLDER_THAN_2_MONTHS","","","","","","","",""
"metier d usine","https://www.aveclindustrie.fr/decouvrez-lindustrie/les-secteurs-de-lindustrie/","1","63","27","30","","0.3","0.07","","34","OLDER_THAN_2_MONTHS","","","","","","","",""
"secteurs d emploi","https://www.aveclindustrie.fr/decouvrez-lindustrie/les-secteurs-de-lindustrie/","1","81","90","90","","","0.02","","27","OLDER_THAN_2_MONTHS","","","","","","","",""
"secteur de la métallurgie","https://www.aveclindustrie.fr/branche/metallurgie/","1","66","20","20","","0.1478","0.0204","","22","OLDER_THAN_2_MONTHS","true","false","false","false","false","false","",""
"schneider electric linkedin","https://aveclindustrie.fr/viens-on-accelere-avec-lindustrie/","1","68","30","30","","","0.0159","","47","OLDER_THAN_2_MONTHS","","","","","","","",""
"schneider electric offre d'emploi","https://aveclindustrie.fr/viens-on-accelere-avec-lindustrie/","1","81","90","90","","2.57","0.21","","38","OLDER_THAN_2_MONTHS","","","","","","","",""
"schneider electric emploi","https://aveclindustrie.fr/viens-on-accelere-avec-lindustrie/","1","89","90","90","","2.49","0.16","","38","OLDER_THAN_2_MONTHS","true","false","true","true","false","false","",""
"caractéristiques d'une entreprise industrielle","https://www.aveclindustrie.fr/decouvrez-lindustrie/les-secteurs-de-lindustrie/","1","55","10","10","","","0","","22","OLDER_THAN_2_MONTHS","true","false","false","false","false","false","",""
"transdev dieppe","https://aveclindustrie.fr/actualites/le-tour-de-france-de-nos-industries-etape-3-a-a-dieppe/","1","73","50","50","","","0","","7","OLDER_THAN_2_MONTHS","true","false","false","false","false","false","",""
"domaine d'activité entreprise","https://www.aveclindustrie.fr/decouvrez-lindustrie/les-secteurs-de-lindustrie/","1","79","70","70","","","0.01","","19","OLDER_THAN_2_MONTHS","true","false","false","false","false","false","",""
"secteur d'activité de l'entreprise","https://www.aveclindustrie.fr/decouvrez-lindustrie/les-secteurs-de-lindustrie/","1","88","90","90","","","","","19","OLDER_THAN_2_MONTHS","true","false","false","false","false","false","",""
"horlogiste metier","https://www.aveclindustrie.fr/metier/horloger-reparateur/","1","68","20","20","","","0.01","","26","OLDER_THAN_2_MONTHS","","","","","","","",""
"secteur secondaire exemple métier","https://www.aveclindustrie.fr/decouvrez-lindustrie/les-secteurs-de-lindustrie/","1","61","10","10","","","","","4","OLDER_THAN_2_MONTHS","true","false","false","false","false","false","",""
"entreprises industrielles ile-de-france","https://www.aveclindustrie.fr/actualites/salon-en-ligne-edition-2025-les-journees-de-lindustrie-en-ile-de-france-les-entreprises-recrutent-du-31-mars-au-11-avril-2025/","1","57","8","90","","1.23","0.03","","32","OLDER_THAN_2_MONTHS","","","","","","","",""
"salon orientation bordeaux 2024","https://www.aveclindustrie.fr/","1","76","70","70","","","","","11","OLDER_THAN_2_MONTHS","","","","","","","",""
"salon des metiers rouen","https://www.aveclindustrie.fr/actualites/salon-regional-de-lorientation-et-des-metiers/","1","56","10","10","","","0.0476","","1","OLDER_THAN_2_MONTHS","","","","","","","",""
"les metiers de l'industrie pharmaceutique","https://www.aveclindustrie.fr/branche/industrie-pharmaceutique/","1","72","42","50","","1.18","0.23","","17","OLDER_THAN_2_MONTHS","","","","","","","",""
"les différents domaines","https://www.aveclindustrie.fr/decouvrez-lindustrie/les-secteurs-de-lindustrie/","1","45","5","30","","","0","","19","OLDER_THAN_2_MONTHS","","","","","","","",""
"une industrie","https://www.aveclindustrie.fr/decouvrez-lindustrie/les-secteurs-de-lindustrie/","1","72","54","70","","","0","","56","OLDER_THAN_2_MONTHS","","","","","","","",""
"métier de l'industrie pharmaceutique","https://www.aveclindustrie.fr/branche/industrie-pharmaceutique/","1","58","6","90","","0.84","0.07","","20","OLDER_THAN_2_MONTHS","","","","","","","",""
"les différents secteurs d'activité des entreprises","https://www.aveclindustrie.fr/decouvrez-lindustrie/les-secteurs-de-lindustrie/","1","72","30","30","","","0","","40","OLDER_THAN_2_MONTHS","","","","","","","",""
"industrial reconversion","https://www.aveclindustrie.fr/changer-de-cap-se-reconvertir/","1","55","10","10","","","0","","21","OLDER_THAN_2_MONTHS","true","false","false","false","false","false","",""
"a&r internship","https://www.aveclindustrie.fr/","1","58","10","10","","","0","","45","OLDER_THAN_2_MONTHS","","","","","","","",""
"a&r internships","https://www.aveclindustrie.fr/","1","59","10","10","","","0","","45","OLDER_THAN_2_MONTHS","","","","","","","",""
"a&p summary","https://www.aveclindustrie.fr/","1","60","10","10","","","","","45","OLDER_THAN_2_MONTHS","","","","","","","",""
"types of industry","https://www.aveclindustrie.fr/decouvrez-lindustrie/les-secteurs-de-lindustrie/","1","86","90","90","","","","","1","OLDER_THAN_2_MONTHS","","","","","","","",""
"l&t construction chennai","https://www.aveclindustrie.fr/","1","51","10","10","","","","","44","OLDER_THAN_2_MONTHS","","","","","","","",""
"l&t share price target 2021","https://www.aveclindustrie.fr/","1","51","10","10","","","","","44","OLDER_THAN_2_MONTHS","","","","","","","",""
"l&d nurse salary","https://www.aveclindustrie.fr/","1","52","10","10","","","","","44","OLDER_THAN_2_MONTHS","","","","","","","",""
"l&t finance news","https://www.aveclindustrie.fr/","1","54","10","10","","","0","","44","OLDER_THAN_2_MONTHS","","","","","","","",""
"l&t chennai","https://www.aveclindustrie.fr/","1","55","10","10","","","0","","44","OLDER_THAN_2_MONTHS","","","","","","","",""
"carrefour recrutement dijon","https://www.aveclindustrie.fr/","1","76","50","50","","0.6131","0.0566","","46","OLDER_THAN_2_MONTHS","","","","","","","",""
"cqpm conducteur d'équipements industriels","https://www.aveclindustrie.fr/metier/conducteur-equipements-industriels/","1","78","50","50","","","0.0149","","22","OLDER_THAN_2_MONTHS","","","","","","","",""
"cqpi conducteur d'équipements industriels","https://www.aveclindustrie.fr/metier/conducteur-equipements-industriels/","1","79","50","50","","","0.0149","","1","OLDER_THAN_2_MONTHS","","","","","","","",""
"industrie offre d'emploi","https://aveclindustrie.fr/jobboards","1","57","10","10","","","0.36","","22","OLDER_THAN_2_MONTHS","true","false","false","false","false","false","",""
"opérateur de ligne de production","https://aveclindustrie.fr/metier/operateur-de-production","1","52","5","70","","4.06","0.11","","18","OLDER_THAN_2_MONTHS","true","false","false","false","false","false","",""
"usine béziers","https://www.aveclindustrie.fr/actualites/le-tour-de-france-de-nos-industries-a-beziers/","1","63","10","10","","","0","","25","OLDER_THAN_2_MONTHS","true","false","false","false","false","false","",""
"technicien qualité automobile","https://www.aveclindustrie.fr/metier/technicien-controle-qualite/","1","71","10","10","","","0.0408","","30","OLDER_THAN_2_MONTHS","true","false","false","false","false","false","",""
"formation adulte industrie","https://www.aveclindustrie.fr/changer-de-cap-se-reconvertir/","1","75","10","10","","","0","","28","OLDER_THAN_2_MONTHS","true","false","false","false","false","false","",""
"technicien supérieur laboratoire","https://admin.aveclindustrie.fr/metier/technicien-de-laboratoire/","1","81","30","30","","","0.0238","","39","OLDER_THAN_2_MONTHS","true","false","false","false","false","false","",""
"rôle du technicien de laboratoire","https://admin.aveclindustrie.fr/metier/technicien-de-laboratoire/","1","74","20","20","","0.1635","0.0588","","24","OLDER_THAN_2_MONTHS","true","false","false","false","false","false","",""
"salon de l'apprentissage paris","https://www.aveclindustrie.fr/evenements-salons/","1","88","10","10","","","0","","19","OLDER_THAN_2_MONTHS","true","false","false","false","false","false","",""
"salon alternance marseille","https://www.aveclindustrie.fr/evenements-salons/","1","83","10","10","","","0.119","","1","OLDER_THAN_2_MONTHS","true","false","false","false","false","false","",""
"salon studyrama clermont ferrand","https://www.aveclindustrie.fr/evenements-salons/","1","91","5","50","","0.32","0.14","","8","OLDER_THAN_2_MONTHS","true","false","false","false","false","false","",""
"salon emploi environnement","https://www.aveclindustrie.fr/evenements-salons/","1","68","10","10","","1.39","0.03","","21","OLDER_THAN_2_MONTHS","","","","","","","",""
"reorientation metier","https://www.aveclindustrie.fr/changer-de-cap-se-reconvertir/","1","72","20","20","2","1.37","0.8","0.1","37","OLDER_THAN_2_MONTHS","true","false","false","false","false","false","",""
"emploi secteur industriel","https://www.aveclindustrie.fr/decouvrez-lindustrie/les-metiers-de-lindustrie/","1","79","10","10","","","0","","15","OLDER_THAN_2_MONTHS","true","false","false","false","false","false","",""
"actualité maintenance industrielle","https://www.aveclindustrie.fr/actualites/","1","79","10","10","","","0.57","","1","OLDER_THAN_2_MONTHS","","","","","","","",""
"requalification professionnelle","https://www.aveclindustrie.fr/changer-de-cap-se-reconvertir/","1","80","20","20","","2.43","0.58","","35","OLDER_THAN_2_MONTHS","true","false","false","false","false","false","",""
"site reconversion professionnelle","https://www.aveclindustrie.fr/changer-de-cap-se-reconvertir/","1","87","30","30","","2.13","0.44","","27","OLDER_THAN_2_MONTHS","true","false","false","false","false","false","",""
"exemples de reconversion professionnelle","https://www.aveclindustrie.fr/changer-de-cap-se-reconvertir/","1","90","36","40","","0.51","0.6","","37","OLDER_THAN_2_MONTHS","true","false","false","false","false","false","",""
"créer une entreprise industrielle","https://www.aveclindustrie.fr/","1","91","20","20","","","0.18","","20","OLDER_THAN_2_MONTHS","true","false","false","false","false","false","",""
"professional reconversion","https://www.aveclindustrie.fr/changer-de-cap-se-reconvertir/","1","96","30","30","","1.8123","0.2286","","28","OLDER_THAN_2_MONTHS","true","false","false","false","false","false","",""
"reconversion que faire","https://www.aveclindustrie.fr/changer-de-cap-se-reconvertir/","1","97","5","90","","1.68","0.64","","33","OLDER_THAN_2_MONTHS","true","false","false","false","false","false","",""
"je suis en reconversion professionnelle","https://www.aveclindustrie.fr/changer-de-cap-se-reconvertir/","1","98","70","70","","2.81","0.1","","30","OLDER_THAN_2_MONTHS","true","false","false","false","false","false","",""
"reconversion professionnelle trouver sa voie","https://www.aveclindustrie.fr/changer-de-cap-se-reconvertir/","1","98","50","50","","1.96","0.9","","27","OLDER_THAN_2_MONTHS","true","false","false","false","false","false","",""
"societe aic","https://www.aveclindustrie.fr/","1","84","10","10","595","0.5482","0.0158","59.5","12","OLDER_THAN_2_MONTHS","true","false","false","false","false","false","",""
"l espace industriel français","https://www.aveclindustrie.fr/","1","80","5","30","","","0","","21","OLDER_THAN_2_MONTHS","true","false","false","false","false","false","",""
"plasturgie et composite","https://www.aveclindustrie.fr/branche/plasturgie-et-composites/","1","90","20","20","","","0","","30","OLDER_THAN_2_MONTHS","true","false","false","false","false","false","",""
"objectif 10 ans de moins m6","https://www.aveclindustrie.fr/actualites/emission-m6/","1","66","10","10","","","0","","30","OLDER_THAN_2_MONTHS","","","","","","","",""
"la nuit de l'orientation rennes","https://www.aveclindustrie.fr/evenements-salons/","1","89","20","20","","","0","","12","OLDER_THAN_2_MONTHS","","","","","","","",""
"composite industry","https://www.aveclindustrie.fr/branche/plasturgie-et-composites/","1","76","20","20","","1.43","0.08","","1","OLDER_THAN_2_MONTHS","","","","","","","",""
"salon emploi jeune","https://www.aveclindustrie.fr/evenements-salons/","1","88","20","20","","","0.0554","","1","OLDER_THAN_2_MONTHS","","","","","","","",""
"salon de l apprentissage lyon","https://www.aveclindustrie.fr/evenements-salons/","1","76","20","20","","","0.0238","","9","OLDER_THAN_2_MONTHS","","","","","","","",""
"reconversion dessinateur industriel","https://www.aveclindustrie.fr/changer-de-cap-se-reconvertir/","1","87","20","20","2","1.84","0.23","0.1","21","OLDER_THAN_2_MONTHS","true","false","false","false","false","false","",""
"industrie pharmaceutique entreprise","https://www.aveclindustrie.fr/branche/industrie-pharmaceutique/","1","87","20","20","","","0.2527","","25","OLDER_THAN_2_MONTHS","true","false","false","false","false","false","",""
"formation caoutchouc","https://www.aveclindustrie.fr/metier/operateur-de-fabrication-caoutchouc/","1","76","10","10","","","0.2571","","1","OLDER_THAN_2_MONTHS","","","","","","","",""
"salon des entrepreneurs lyon 2017","https://www.aveclindustrie.fr/evenements-salons/","1","87","10","10","","","","","25","OLDER_THAN_2_MONTHS","","","","","","","",""
"salon emploi rennes","https://www.aveclindustrie.fr/evenements-salons/","1","98","30","30","","","0.0612","","15","OLDER_THAN_2_MONTHS","","","","","","","",""
"salon industrie dijon","https://www.aveclindustrie.fr/evenements-salons/","1","86","30","30","10","","","0.3333","1","OLDER_THAN_2_MONTHS","","","","","","","",""
"salon etudiant lille 3 octobre","https://www.aveclindustrie.fr/evenements-salons/","1","79","0","0","","","0","","16","OLDER_THAN_2_MONTHS","","","","","","","",""
"classement des secteurs d activité en france","https://www.aveclindustrie.fr/decouvrez-lindustrie/les-secteurs-de-lindustrie/","1","84","10","10","","0.0606","0.0087","","28","OLDER_THAN_2_MONTHS","","","","","","","classement des secteurs d'activité en france",""
"pilote industriel","https://aveclindustrie.fr/metier/conducteur-installations-automatisees/","1","88","30","30","","","0","","7","OLDER_THAN_2_MONTHS","","","","","","","",""
"fabriqué en france logo officiel","https://aveclindustrie.fr/","1","92","40","40","","","0.3864","","30","OLDER_THAN_2_MONTHS","","","","","","","",""
"nrj alternance","https://www.aveclindustrie.fr/actualites/avec-lindustrie-partenaire-du-nrj-summer-tour-2025/","1","92","20","20","","1.1357","0.0857","","16","OLDER_THAN_2_MONTHS","","","","","","","",""
"avenir entreprise nantes","https://aveclindustrie.fr/","1","87","10","10","","1.5952","0.0381","","18","OLDER_THAN_2_MONTHS","true","false","false","true","false","false","",""
"salon étudiant orléans","https://www.aveclindustrie.fr/evenements-salons/","1","87","20","20","","0.82","0.01","","23","OLDER_THAN_2_MONTHS","true","false","false","false","false","false","",""
"gagnant jeu tour de france","https://www.aveclindustrie.fr/wp-content/uploads/2025/07/Reglement-nrj-summer-tour-Futuroscope_v.pdf","1","68","10","10","","","","","20","OLDER_THAN_2_MONTHS","","","","","","","",""
"lae in","https://aveclindustrie.fr/","1","76","10","10","46600","","0.05","4660","39","OLDER_THAN_2_MONTHS","","","","","","","",""
"salon industrie lyon","https://www.aveclindustrie.fr/evenements-salons/","1","87","36","40","","","0","","22","OLDER_THAN_2_MONTHS","","","","","","","",""
"avenir pharma","https://www.aveclindustrie.fr/branche/industrie-pharmaceutique/","1","89","70","70","","","0","","16","OLDER_THAN_2_MONTHS","","","","","","","",""
"salon apprentissage alternance et métiers rennes","https://www.aveclindustrie.fr/evenements-salons/","1","67","10","10","","","","","16","OLDER_THAN_2_MONTHS","","","","","","","",""
"forum emploi lille grand palais","https://www.aveclindustrie.fr/evenements-salons/","1","70","10","10","","","0","","11","OLDER_THAN_2_MONTHS","","","","","","","",""
"bourges industrie","https://www.aveclindustrie.fr/actualites/retour-en-images-avec-lindustrie-au-printemps-de-bourges/","1","82","40","40","","","0","","1","OLDER_THAN_2_MONTHS","","","","","","","",""
"industrie cimentière","https://aveclindustrie.fr/branche/ciments/","1","83","20","20","","","0.0293","","8","OLDER_THAN_2_MONTHS","true","false","false","false","false","false","",""
"salon etudiant brest","https://www.aveclindustrie.fr/evenements-salons/","1","83","50","50","","","0","","23","OLDER_THAN_2_MONTHS","true","false","false","false","false","false","",""
"salon etudiant 8 septembre","https://www.aveclindustrie.fr/evenements-salons/","1","83","10","10","","","","","1","OLDER_THAN_2_MONTHS","true","false","false","false","false","false","",""
"trouver un métier qui me passionne","https://aveclindustrie.fr/actualites/je-filme-le-metier-qui-me-plait-quand-les-jeunes-filment-lindustrie-avec-passion/","1","85","10","10","","","0","","30","OLDER_THAN_2_MONTHS","true","false","false","false","false","false","",""
"alternance plasturgie","https://www.aveclindustrie.fr/branche/plasturgie-et-composites/","1","89","30","30","","0.8221","0.2342","","23","OLDER_THAN_2_MONTHS","true","false","true","true","false","false","",""
"salon de l emploi marseille 2017","https://www.aveclindustrie.fr/evenements-salons/","1","42","0","0","","","","","1","OLDER_THAN_2_MONTHS","true","false","false","false","false","false","salon de l'emploi marseille 2017",""
"tissu industriel français","https://www.aveclindustrie.fr/decouvrez-lindustrie/les-secteurs-de-lindustrie/","1","71","5","30","","","0.022","","28","OLDER_THAN_2_MONTHS","true","false","false","false","false","false","",""
"salon emploi normandie","https://www.aveclindustrie.fr/evenements-salons/","1","80","10","10","","","0.0286","","22","OLDER_THAN_2_MONTHS","","","","","","","",""
"industrie ceramique","https://aveclindustrie.fr/","1","83","30","30","","","0.0913","","17","OLDER_THAN_2_MONTHS","","","","","","","",""
"bts maintenance des systeme energetique et climatique","https://www.aveclindustrie.fr/metier/technicien-de-maintenance-des-systemes-energetiques/","1","87","10","10","","0.6575","0.1111","","15","OLDER_THAN_2_MONTHS","true","false","false","false","false","false","",""
"salon des entreprises","https://www.aveclindustrie.fr/evenements-salons/","1","95","50","50","","1.93","0.1","","1","OLDER_THAN_2_MONTHS","","","","","","","",""
"plus grand site industriel de france","https://aveclindustrie.fr/","1","79","20","20","","","0","","4","OLDER_THAN_2_MONTHS","true","false","false","false","false","false","",""
"salon etudiant lyon 17 novembre","https://www.aveclindustrie.fr/evenements-salons/","1","80","0","0","","","","","1","OLDER_THAN_2_MONTHS","","","","","","","",""
"salon de l alternance lyon","https://www.aveclindustrie.fr/evenements-salons/","1","82","40","40","","3.1063","0.1429","","4","OLDER_THAN_2_MONTHS","","","","","","","",""
"groupe facebook marque","https://aveclindustrie.fr/","1","89","10","10","","","0","","29","OLDER_THAN_2_MONTHS","true","false","false","false","false","false","",""
"secteur de l ameublement","https://www.aveclindustrie.fr/branche/fabrication-de-lameublement/","1","92","30","30","","","0","","1","OLDER_THAN_2_MONTHS","true","false","false","false","false","false","",""
"salon de recrutement rennes","https://www.aveclindustrie.fr/evenements-salons/","1","77","10","10","","1.0662","0.2143","","16","OLDER_THAN_2_MONTHS","true","false","false","false","false","false","",""
"entreprise industrielle connu","https://www.aveclindustrie.fr/decouvrez-lindustrie/les-secteurs-de-lindustrie/","1","79","10","10","","","","","26","OLDER_THAN_2_MONTHS","","","","","","","",""
"forum de l alternance lyon","https://www.aveclindustrie.fr/evenements-salons/","1","83","20","20","","","0.1905","","4","OLDER_THAN_2_MONTHS","true","false","false","false","false","false","",""
"formation régleur","https://aveclindustrie.fr/metier/monteur-regleur/","1","87","5","50","","0.53","0.21","","27","OLDER_THAN_2_MONTHS","true","false","false","false","false","false","",""
"salon étudiant annecy","https://www.aveclindustrie.fr/evenements-salons/","1","96","6","70","","1.36","0.03","","1","OLDER_THAN_2_MONTHS","true","false","false","false","false","false","",""
"salon profession l nantes","https://www.aveclindustrie.fr/evenements-salons/","1","97","10","10","","","","","11","OLDER_THAN_2_MONTHS","true","false","false","false","false","false","",""
"4 industries","https://www.aveclindustrie.fr/actualites/le-tour-de-france-de-nos-industries-etape-4-en-region-pays-de-la-loire/","1","73","20","20","","4.86","0.25","","5","OLDER_THAN_2_MONTHS","","","","","","","",""
"forum métier paris","https://www.aveclindustrie.fr/evenements-salons/","1","89","10","10","","","0","","10","OLDER_THAN_2_MONTHS","true","false","false","false","false","false","",""
"annonce industrie pharmaceutique","https://www.aveclindustrie.fr/branche/industrie-pharmaceutique/","1","92","10","10","","","0.24","","22","OLDER_THAN_2_MONTHS","true","false","false","false","false","false","",""
"secteur et branche d'activité exemple","https://www.aveclindustrie.fr/decouvrez-lindustrie/les-secteurs-de-lindustrie/","1","94","30","30","","","0","","29","OLDER_THAN_2_MONTHS","true","false","false","false","false","false","",""
"secteur d'activité service","https://www.aveclindustrie.fr/decouvrez-lindustrie/les-secteurs-de-lindustrie/","1","93","5","40","","","0","","33","OLDER_THAN_2_MONTHS","true","false","false","false","false","false","",""
"compétence d'un technicien de laboratoire","https://www.aveclindustrie.fr/metier/technicien-de-laboratoire/","1","95","82","90","","","0.01","","33","OLDER_THAN_2_MONTHS","true","false","false","false","false","false","",""
"salon étudiant nantes 18 novembre 2017","https://www.aveclindustrie.fr/evenements-salons/","1","34","0","0","","","","","11","OLDER_THAN_2_MONTHS","","","","","","","",""
"bus tour de france","https://www.aveclindustrie.fr/actualites/derniere-etape-du-tour-de-france-de-nos-industries-chez-barcodis/","1","84","50","50","","0.27","0.01","","44","OLDER_THAN_2_MONTHS","","","","","","","",""
"métier conception","https://aveclindustrie.fr/metier/concepteur-modeleur/","1","89","10","10","","","0","","30","OLDER_THAN_2_MONTHS","true","false","false","false","false","false","",""
"du avenir","https://www.aveclindustrie.fr/","1","74","10","10","","","","","4","OLDER_THAN_2_MONTHS","true","false","false","false","false","false","",""
"métier production industrielle","https://www.aveclindustrie.fr/decouvrez-lindustrie/les-secteurs-de-lindustrie/","1","68","10","10","","2.1271","0.0816","","23","OLDER_THAN_2_MONTHS","true","false","false","false","false","false","",""
"secteur d'activité industriel","https://www.aveclindustrie.fr/","1","81","30","30","","","0","","26","OLDER_THAN_2_MONTHS","","","","","","","",""
"apprendre métier cordonnier","https://www.aveclindustrie.fr/metier/cordonnier-multiservices/","1","77","10","10","","","0","","29","OLDER_THAN_2_MONTHS","true","false","false","false","false","false","",""
"jouets puericulture","https://www.aveclindustrie.fr/branche/jeux-jouets-et-puericulture/","1","92","5","70","","0.27","1","","34","OLDER_THAN_2_MONTHS","true","false","true","false","true","false","",""
"nuit de l orientation bourges","https://aveclindustrie.fr/evenements-salons/","1","85","10","10","","","0","","1","OLDER_THAN_2_MONTHS","","","","","","","",""
"métier de la production industrielle","https://www.aveclindustrie.fr/metier/ingenieur-de-production/","1","74","10","10","","","0.07","","5","OLDER_THAN_2_MONTHS","true","false","false","false","false","false","",""
"fiche de poste technicien qualité","https://www.aveclindustrie.fr/metier/technicien-controle-qualite/","1","83","30","30","1","","0","0.0333","27","OLDER_THAN_2_MONTHS","","","","","","","",""
"salon de l'étudiant lyon 2017","https://aveclindustrie.fr/evenements-salons/","1","43","0","0","","","0","","23","OLDER_THAN_2_MONTHS","","","","","","","",""
"en fait avec","https://www.aveclindustrie.fr/","1","75","10","10","63500","","0","6350","44","OLDER_THAN_2_MONTHS","","","","","","","",""
"role du technicien de laboratoire","https://www.aveclindustrie.fr/metier/technicien-de-laboratoire/","1","78","20","20","","","0.0238","","1","OLDER_THAN_2_MONTHS","","","","","","","",""
"salon de l'étudiant 22 septembre","https://aveclindustrie.fr/evenements-salons/","1","52","0","0","","","","","1","OLDER_THAN_2_MONTHS","","","","","","","",""
"salon de l'étudiant 2017 lyon","https://aveclindustrie.fr/evenements-salons/","1","37","0","0","","","","","23","OLDER_THAN_2_MONTHS","","","","","","","",""
"qualités technicien de laboratoire","https://www.aveclindustrie.fr/metier/technicien-de-laboratoire/","1","69","5","40","","","0.03","","1","OLDER_THAN_2_MONTHS","","","","","","","",""
"m6 contact presse","https://aveclindustrie.fr/actualites/casting-m6-fais-briller-ton-talent-dans-lindustrie/","1","96","50","50","","","0.03","","11","OLDER_THAN_2_MONTHS","","","","","","","",""
"secteur d activité chimie","https://www.aveclindustrie.fr/decouvrez-lindustrie/les-secteurs-de-lindustrie/","1","86","20","20","","","0","","4","OLDER_THAN_2_MONTHS","","","","","","","",""
"à l avenir ou dans l avenir","https://aveclindustrie.fr/","1","73","5","90","","","0","","28","OLDER_THAN_2_MONTHS","true","false","false","false","false","false","",""
"observatoire de la plasturgie","https://www.aveclindustrie.fr/branche/plasturgie-et-composites/","1","96","20","20","","","0","","10","OLDER_THAN_2_MONTHS","","","","","","","",""
"contrôle qualité métier","https://www.aveclindustrie.fr/metier/technicien-controle-qualite/","1","93","70","70","","1.09","0.16","","26","OLDER_THAN_2_MONTHS","","","","","","","",""
"qu'est ce qu'une industrie","https://aveclindustrie.fr/","1","64","5","70","","","0","","34","OLDER_THAN_2_MONTHS","true","false","false","false","false","false","",""
"salon des métiers rennes","https://www.aveclindustrie.fr/evenements-salons/","1","68","10","10","","","0.0429","","12","OLDER_THAN_2_MONTHS","","","","","","","",""
"la fabrica marseille","https://www.aveclindustrie.fr/actualites/au-coeur-de-lindustrie-avec-viva-fabrica/","1","95","30","30","","","0","","1","OLDER_THAN_2_MONTHS","","","","","","","",""
"viens la viens la","https://aveclindustrie.fr/viens-on-accelere-avec-lindustrie/","1","80","30","30","","","0","","1","OLDER_THAN_2_MONTHS","","","","","","","",""
"avenue de l'industrie perpignan","https://aveclindustrie.fr/","1","92","5","50","","","0.01","","15","OLDER_THAN_2_MONTHS","","","","","","","",""
"alliance industries","https://www.aveclindustrie.fr/","1","83","10","10","","","","","1","OLDER_THAN_2_MONTHS","","","","","","","",""
"association de formation professionnelle de l'industrie","https://aveclindustrie.fr/","1","68","10","10","","","0.1857","","23","OLDER_THAN_2_MONTHS","","","","","","","",""
"c'est l'avenir","https://www.aveclindustrie.fr/","1","77","20","20","","","0","","29","OLDER_THAN_2_MONTHS","","","","","","","",""
"secteur secondaire exemple d'entreprise","https://www.aveclindustrie.fr/decouvrez-lindustrie/les-secteurs-de-lindustrie/","1","98","58","70","","","","","22","OLDER_THAN_2_MONTHS","","","","","","","",""
"salon apprentissage rouen","https://www.aveclindustrie.fr/actualites/salon-regional-de-lorientation-et-des-metiers/","1","65","10","10","","","","","1","OLDER_THAN_2_MONTHS","false","false","false","false","true","false","",""
"conducteur d équipement industriel salaire","https://www.aveclindustrie.fr/metier/conducteur-equipements-industriels/","1","95","5","40","","","0.0226","","20","OLDER_THAN_2_MONTHS","","","","","","","conducteur d'équipement industriel salaire",""
"ingénieur industriel debouché","https://www.aveclindustrie.fr/metier/ingenieur-de-production/","1","68","10","10","","","0.0714","","17","OLDER_THAN_2_MONTHS","","","","","","","","ingénieur industriel débouchés"
"parc des expositions clermont ferrand","https://www.aveclindustrie.fr/","1","85","45","50","","","0.04","","26","OLDER_THAN_2_MONTHS","true","false","false","true","true","false","",""
"les différents types de production","https://www.aveclindustrie.fr/decouvrez-lindustrie/les-secteurs-de-lindustrie/","1","86","30","30","","","0","","14","OLDER_THAN_2_MONTHS","","","","","","","",""
"trouva site","https://www.aveclindustrie.fr/trouver-sa-voie/","1","86","20","20","","0.0651","0.1429","","35","OLDER_THAN_2_MONTHS","","","","","","","",""
"place de l'industrie française dans le monde","https://www.aveclindustrie.fr/decouvrez-lindustrie/","1","95","10","10","","","0","","10","OLDER_THAN_2_MONTHS","","","","","","","",""
"mon metier a venir","https://www.aveclindustrie.fr/","1","97","10","10","","","","","19","OLDER_THAN_2_MONTHS","","","","","","","",""
"industries technologiques","https://www.aveclindustrie.fr/decouvrez-lindustrie/les-secteurs-de-lindustrie/","1","96","40","40","","","0.0095","","25","OLDER_THAN_2_MONTHS","true","false","false","false","false","false","",""
"site trouva","https://www.aveclindustrie.fr/trouver-sa-voie/","1","90","20","20","","0.779","0.1429","","37","OLDER_THAN_2_MONTHS","true","false","false","false","false","false","",""
"métier et formation tri","https://www.aveclindustrie.fr/metier/operateur-de-tri-mecanise/","1","64","10","10","","","","","21","OLDER_THAN_2_MONTHS","","","","","","","",""
"opérateur fabrication","https://www.aveclindustrie.fr/metier/operateur-de-production/","1","85","5","50","","","0.07","","42","OLDER_THAN_2_MONTHS","","","","","","","",""
"l'industrie française","https://www.aveclindustrie.fr/decouvrez-lindustrie/","1","64","5","50","","","0.01","","33","OLDER_THAN_2_MONTHS","","","","","","","",""
"convention collective de l'industrie de la chaussure","https://www.aveclindustrie.fr/branche/industrie-de-la-chaussure-et-articles-chaussants/","1","94","20","20","","","0.0394","","26","OLDER_THAN_2_MONTHS","","","","","","","",""
"definition de l'industrie","https://www.aveclindustrie.fr/decouvrez-lindustrie/les-secteurs-de-lindustrie/","1","65","5","90","","","","","56","OLDER_THAN_2_MONTHS","","","","","","","",""
"qualité technicien de laboratoire","https://www.aveclindustrie.fr/metier/technicien-de-laboratoire/","1","93","36","40","","","0.03","","24","OLDER_THAN_2_MONTHS","","","","","","","",""
"technicien de laboratoire : fiche métier","https://www.aveclindustrie.fr/metier/technicien-de-laboratoire/","1","98","117","140","","0.74","0.05","","51","OLDER_THAN_2_MONTHS","","","","","","","",""
"magazine avenir industrie","https://www.aveclindustrie.fr/","1","2","0","0","","","","","17","OLDER_THAN_2_MONTHS","","","","","","","",""
"les espaces de l industrie en france","https://www.aveclindustrie.fr/decouvrez-lindustrie/les-secteurs-de-lindustrie/","1","79","27","30","","","0","","17","OLDER_THAN_2_MONTHS","","","","","","","",""
"industrie metier","https://www.aveclindustrie.fr/decouvrez-lindustrie/les-metiers-de-lindustrie/","1","92","70","70","","2","0.06","","36","OLDER_THAN_2_MONTHS","","","","","","","",""
"les espaces de l'industrie en france","https://www.aveclindustrie.fr/","1","67","5","30","","","0","","16","OLDER_THAN_2_MONTHS","true","false","false","false","false","false","",""
"les espaces de l'industrie en france","https://www.aveclindustrie.fr/decouvrez-lindustrie/les-secteurs-de-lindustrie/","1","90","5","30","","","0","","16","OLDER_THAN_2_MONTHS","true","false","false","false","false","false","",""
"exemple d'industrie","https://www.aveclindustrie.fr/decouvrez-lindustrie/","1","94","30","30","","","0","","28","OLDER_THAN_2_MONTHS","true","false","false","false","false","false","",""
"studyrama metz 2024","https://www.aveclindustrie.fr/","1","84","20","20","10","","","0.5","38","OLDER_THAN_2_MONTHS","true","false","false","false","false","false","",""
"comment savoir mon avenir","https://www.aveclindustrie.fr/","1","84","20","20","","1.95","0.49","","7","OLDER_THAN_2_MONTHS","false","false","false","true","false","false","",""
"formation soudeur brest","https://www.aveclindustrie.fr/","1","90","50","50","","1.3845","0.2857","","17","OLDER_THAN_2_MONTHS","","","","","","","",""
"secteurs industriels en france","https://aveclindustrie.fr/opco2i/travailler-dans-lindustrie","1","99","5","50","","","0","","31","OLDER_THAN_2_MONTHS","","","","","","","",""
"cap art et techniques de la bijouterie-joaillerie paris","https://www.aveclindustrie.fr/","1","85","10","10","","2.5472","0.4481","","7","OLDER_THAN_2_MONTHS","","","","","","","",""
"l&t construction job openings","https://www.aveclindustrie.fr/","1","48","0","0","","","","","44","OLDER_THAN_2_MONTHS","","","","","","","",""
"l&t construction new projects 2021 vacancy","https://www.aveclindustrie.fr/","1","49","0","0","","","","","44","OLDER_THAN_2_MONTHS","","","","","","","",""
"l&t infotech work from home","https://www.aveclindustrie.fr/","1","51","0","0","","","","","44","OLDER_THAN_2_MONTHS","","","","","","","",""
"métiers de l'industrie pharmaceutique","https://aveclindustrie.fr/secteur/industrie-pharmaceutique","1","70","6","90","","0.86","0.04","","20","OLDER_THAN_2_MONTHS","","","","","","","",""
"vendredi ou la vie sauvage quiz","https://www.aveclindustrie.fr/","1","99","50","50","","","0","","31","OLDER_THAN_2_MONTHS","","","","","","","",""
"bob lave vaisselle sortie","https://aveclindustrie.fr/article/1579","1","65","10","10","","","1","","43","OLDER_THAN_2_MONTHS","","","","","","","",""
"bourse aux jouets allier","https://www.aveclindustrie.fr/","1","76","10","10","","","0.0714","","39","OLDER_THAN_2_MONTHS","","","","","","","",""
"bourse aux jouets rochefort","https://www.aveclindustrie.fr/","1","91","20","20","","","","","13","OLDER_THAN_2_MONTHS","","","","","","","",""
"emploi dans l industrie","https://www.aveclindustrie.fr/decouvrez-lindustrie/","1","86","50","50","","0.76","0.27","","22","OLDER_THAN_2_MONTHS","","","","","","","",""
"la transition ecologique c est quoi","https://aveclindustrie.fr/industrie/lindustrie-et-la-transition-ecologique","1","61","5","30","","2.983","0.23","","22","OLDER_THAN_2_MONTHS","true","false","false","false","false","false","",""
"pourquoi travailler dans l'industrie pharmaceutique","https://aveclindustrie.fr/industrie/entamer-sa-reconversion","1","76","20","20","","","0.0107","","19","OLDER_THAN_2_MONTHS","true","false","false","false","false","false","",""
"fiche métier ajusteur mouliste","https://www.aveclindustrie.fr/metier/mecanicien-mouliste-ajusteur/","","5","","","","","","","9","2026-07-21","","","","","","","",""
"métier d avenir industrie","https://www.aveclindustrie.fr/","","38","","","","","","","26","2026-07-21","true","false","false","false","false","false","",""
"salon maintenance lyon","https://www.aveclindustrie.fr/evenements-salons/","","34","","","","","","","1","2026-07-07","true","false","false","false","false","false","",""
"cordinnier","https://www.aveclindustrie.fr/metier/cordonnier-multiservices/","","43","","","1","","","","15","2026-06-26","true","false","false","false","false","false","","cordonnier"
"accélère accélère film","https://www.aveclindustrie.fr/viens-on-accelere-avec-lindustrie/","","28","","","","","","","1","2026-06-16","true","false","false","false","false","false","",""
"nrj rencontre","https://www.aveclindustrie.fr/actualites/avec-lindustrie-partenaire-du-nrj-summer-tour-2025/","","42","","","","","","","21","2026-06-15","true","false","false","false","false","false","",""
"docteur michelin carquefou","https://www.aveclindustrie.fr/wp-content/uploads/2025/11/EAT25-Dossier_de_Presentation_DEF.pdf","","36","","","","","","","34","2026-06-10","true","false","false","false","false","false","",""
"tannerie du puy emploi","https://www.aveclindustrie.fr/","","41","","","","","","","17","2026-06-01","true","false","false","false","false","false","",""
"replay c'est votre avenir","https://www.aveclindustrie.fr/","","19","","","","","","","29","OLDER_THAN_2_MONTHS","true","false","false","false","false","false","",""
"branche industries","https://www.aveclindustrie.fr/decouvrez-lindustrie/les-secteurs-de-lindustrie/","","5","","","","","","","24","OLDER_THAN_2_MONTHS","true","false","false","false","false","false","",""
"formation gratuite industriel","https://www.aveclindustrie.fr/","","17","","","","","","","24","OLDER_THAN_2_MONTHS","true","false","false","false","false","false","",""
"vétérinaire industrie","https://www.aveclindustrie.fr/branche/produits-pharmaceutiques-parapharmaceutiques-et-veterinaires/","","7","","","","","","","16","OLDER_THAN_2_MONTHS","true","false","false","false","false","false","",""
"alliance industrie craywick","https://www.aveclindustrie.fr/","","49","","","","","","","1","OLDER_THAN_2_MONTHS","","","","","","","",""
"auto-école bellignat","https://www.aveclindustrie.fr/wp-content/uploads/2025/11/EAT25-Dossier_de_Presentation_DEF.pdf","","39","","","","","","","14","OLDER_THAN_2_MONTHS","true","false","false","false","false","false","",""
"association myfuture","https://www.aveclindustrie.fr/actualites/%F0%9D%97%A0%F0%9D%97%AC-%F0%9D%97%99%F0%9D%97%A8%F0%9D%97%A7%F0%9D%97%A8%F0%9D%97%A5%F0%9D%97%98-%F0%9D%97%94%F0%9D%98%83%F0%9D%97%B2%F0%9D%97%B0-%F0%9D%97%B9%F0%9D%97%B6%F0%9D%97%BB%F0%9D%97%B1/","","25","","","","","","","26","OLDER_THAN_2_MONTHS","true","false","false","false","false","false","",""
"cordonnier débouchés","https://www.aveclindustrie.fr/metier/cordonnier-multiservices/","","10","","","","","","","27","OLDER_THAN_2_MONTHS","true","false","false","false","false","false","",""
"technicien de laboratoire génie civil","https://www.aveclindustrie.fr/metier/technicien-de-laboratoire/","","19","","","","","","","21","OLDER_THAN_2_MONTHS","true","false","false","false","false","false","",""
"ia pour l’industrie","https://www.aveclindustrie.fr/","","40","","","","","","","20","OLDER_THAN_2_MONTHS","true","true","false","false","false","false","",""
"salon emploi et entrepreneuriat","https://www.aveclindustrie.fr/evenements-salons/","","20","","","","","","","1","OLDER_THAN_2_MONTHS","true","false","false","false","false","false","",""
"salon de l'industrie france","https://www.aveclindustrie.fr/","","31","","","","","","","25","OLDER_THAN_2_MONTHS","true","false","false","false","false","false","",""
"salon de l apprentissage 29 juin","https://www.aveclindustrie.fr/evenements-salons/","","28","","","","","","","1","OLDER_THAN_2_MONTHS","true","false","false","false","false","false","",""
"technicien outilleur mouliste","https://www.aveclindustrie.fr/metier/mecanicien-mouliste-ajusteur/","","46","","","","","","","10","OLDER_THAN_2_MONTHS","true","false","false","false","false","false","",""
"prototypiste maroquinerie formation","https://www.aveclindustrie.fr/metier/prototypiste-en-maroquinerie/","","8","","","","","","","16","OLDER_THAN_2_MONTHS","true","false","false","false","false","false","",""
"technicien des industries du verre","https://www.aveclindustrie.fr/branche/fabrication-mecanique-du-verre/","","69","","","","","","","30","OLDER_THAN_2_MONTHS","true","false","false","false","false","false","",""
"technicien de laboratoire tache","https://admin.aveclindustrie.fr/metier/technicien-de-laboratoire/","","58","","","","","","","31","OLDER_THAN_2_MONTHS","true","false","false","false","false","false","",""
"événement formation professionnelle","https://admin.aveclindustrie.fr/evenements-salons/","","70","","","","","","","27","OLDER_THAN_2_MONTHS","true","false","false","false","false","false","",""
"savoir-faire industrie","https://www.aveclindustrie.fr/","","14","","","","","","","12","OLDER_THAN_2_MONTHS","true","false","false","false","false","false","",""
"savoir-faire industrie","https://www.aveclindustrie.fr/trouver-sa-voie/","","44","","","","","","","12","OLDER_THAN_2_MONTHS","true","false","false","false","false","false","",""
"dut technicien qualité","https://www.aveclindustrie.fr/metier/technicien-controle-qualite/","","69","","","","","","","22","OLDER_THAN_2_MONTHS","true","false","false","false","false","false","",""
"camion cordonnerie","https://www.aveclindustrie.fr/metier/cordonnier-multiservices/","","23","","","","","","","25","OLDER_THAN_2_MONTHS","true","false","false","false","false","false","",""
"conducteur d'installation de production definition","https://www.aveclindustrie.fr/metier/conducteur-installations-automatisees/","","88","","","","","","","1","OLDER_THAN_2_MONTHS","true","false","false","false","false","false","",""
"casting m6 2024","https://www.aveclindustrie.fr/actualites/casting-m6-fais-briller-ton-talent-dans-lindustrie/","","8","","","","","","","30","OLDER_THAN_2_MONTHS","true","false","false","false","false","false","",""
"reconvertion","https://www.aveclindustrie.fr/changer-de-cap-se-reconvertir/","","34","","","","","","","29","OLDER_THAN_2_MONTHS","true","false","false","false","false","false","","reconversion"
"tour de france beziers","https://www.aveclindustrie.fr/actualites/le-tour-de-france-de-nos-industries-a-beziers/","","17","","","","","","","27","OLDER_THAN_2_MONTHS","true","false","false","false","false","false","",""
"industrie et fabrication","https://www.aveclindustrie.fr/decouvrez-lindustrie/les-secteurs-de-lindustrie/","","1","","","","","","","27","OLDER_THAN_2_MONTHS","true","false","false","false","false","false","",""
"industrie et secteurs clés","https://www.aveclindustrie.fr/decouvrez-lindustrie/les-secteurs-de-lindustrie/","","1","","","","","","","29","OLDER_THAN_2_MONTHS","true","false","false","false","false","false","",""
"actualités innovation industrielle","https://www.aveclindustrie.fr/actualites/","","6","","","","","","","17","OLDER_THAN_2_MONTHS","","","","","","","",""
"salons et forums de recrutement","https://www.aveclindustrie.fr/evenements-salons/","","20","","","","","","","27","OLDER_THAN_2_MONTHS","true","false","false","false","false","false","",""
"industrie et fabrication","https://www.aveclindustrie.fr/","","36","","","","","","","27","OLDER_THAN_2_MONTHS","true","false","false","false","false","false","",""
"forum des métiers nantes 2024 la beaujoire","https://admin.aveclindustrie.fr/actualites/retour-sur-le-salon-formatheque-a-nantes/","","43","","","","","","","16","OLDER_THAN_2_MONTHS","","","","","","","",""
"les avenirs","https://www.aveclindustrie.fr/","","58","","","","","","","1","OLDER_THAN_2_MONTHS","true","false","true","false","false","false","",""
"contrôle qualité industriel","https://www.aveclindustrie.fr/metier/technicien-controle-qualite/","","61","","","","","","","13","OLDER_THAN_2_MONTHS","true","false","false","false","false","false","",""
"salon des metier lyon","https://www.aveclindustrie.fr/evenements-salons/","","75","","","","","","","29","OLDER_THAN_2_MONTHS","","","","","","","",""
"forum des métiers nantes 2025","https://www.aveclindustrie.fr/evenements-salons/","","77","","","","","","","23","OLDER_THAN_2_MONTHS","","","","","","","",""
"forum des métiers lyon 2025","https://www.aveclindustrie.fr/evenements-salons/","","77","","","","","","","31","OLDER_THAN_2_MONTHS","","","","","","","",""
"salon métiers lyon","https://www.aveclindustrie.fr/evenements-salons/","","77","","","","","","","29","OLDER_THAN_2_MONTHS","true","false","false","false","false","false","",""
"salon des métiers nantes 2024","https://admin.aveclindustrie.fr/actualites/retour-sur-le-salon-formatheque-a-nantes/","","83","","","","","","","22","OLDER_THAN_2_MONTHS","","","","","","","",""
"salon taf montpellier 2025","https://www.aveclindustrie.fr/evenements-salons/","","84","","","","","","","16","OLDER_THAN_2_MONTHS","true","false","false","false","false","false","",""
"m6 alternance 2025","https://admin.aveclindustrie.fr/actualites/casting-m6-fais-briller-ton-talent-dans-lindustrie/","","3","","","","","","","1","OLDER_THAN_2_MONTHS","true","false","false","false","false","false","",""
"forum job reims 2025","https://www.aveclindustrie.fr/evenements-salons/","","73","","","","","","","10","OLDER_THAN_2_MONTHS","true","false","false","false","false","false","",""
"composite plasturgie","https://www.aveclindustrie.fr/branche/plasturgie-et-composites/","","77","","","","","","","24","OLDER_THAN_2_MONTHS","true","false","false","false","false","false","",""
"aura industrie troyes","https://www.aveclindustrie.fr/","","27","","","","","","","1","OLDER_THAN_2_MONTHS","","","","","","","",""
"que est ce changement professionnel","https://www.aveclindustrie.fr/changer-de-cap-se-reconvertir/","","63","","","","","","","36","OLDER_THAN_2_MONTHS","true","false","false","false","false","false","qu'est ce changement professionnel",""
"forum chomage 2026","https://www.aveclindustrie.fr/evenements-salons/","","66","","","","","","","23","OLDER_THAN_2_MONTHS","true","false","false","false","false","false","",""
"industrie web","https://www.aveclindustrie.fr/","","14","","","","","","","1","OLDER_THAN_2_MONTHS","true","false","false","false","false","false","",""
"boccolaccipromotion","https://www.aveclindustrie.fr/actualites/explore-auto-tour-2025/","","49","","","","","","","10","OLDER_THAN_2_MONTHS","","","","","","","","boccolacci promotion"
"pub weba 2026","https://www.aveclindustrie.fr/","","50","","","","","","","24","OLDER_THAN_2_MONTHS","true","false","false","false","false","false","",""
"industrie énergétique définition","https://www.aveclindustrie.fr/decouvrez-lindustrie/les-secteurs-de-lindustrie/","","52","","","2","","","","9","OLDER_THAN_2_MONTHS","true","false","false","false","false","false","",""
"formathèque nantes 2025","https://admin.aveclindustrie.fr/actualites/retour-sur-le-salon-formatheque-a-nantes/","","4","","","","","","","1","OLDER_THAN_2_MONTHS","","","","","","","",""
"reconvertir métier","https://www.aveclindustrie.fr/changer-de-cap-se-reconvertir/","","6","","","","","","","25","OLDER_THAN_2_MONTHS","true","false","false","false","false","false","",""
"reconversion maroquinier","https://www.aveclindustrie.fr/actualites/communique-de-presse-lancement-de-la-campagne-nationale-avec-lindustrie-maroquinerie/","","70","","","","","","","20","OLDER_THAN_2_MONTHS","true","false","false","false","false","false","",""
"reconversion professionnelle entreprise","https://www.aveclindustrie.fr/changer-de-cap-se-reconvertir/","","83","","","","","","","29","OLDER_THAN_2_MONTHS","true","false","false","false","false","false","",""
"reconversion professionnelle ou reconversion","https://www.aveclindustrie.fr/changer-de-cap-se-reconvertir/","","93","","","","","","","36","OLDER_THAN_2_MONTHS","true","false","false","false","false","false","",""
"accélère","https://www.aveclindustrie.fr/viens-on-accelere-avec-lindustrie/","","35","","","","","","","7","OLDER_THAN_2_MONTHS","true","false","false","false","false","false","accélérer",""
"salon de létudiant troyes","https://www.aveclindustrie.fr/evenements-salons/","","36","","","","","","","28","OLDER_THAN_2_MONTHS","","","","","","","","salon de l'étudiant troyes"
"créer un site internet industriel","https://www.aveclindustrie.fr/","","77","","","","","","","11","OLDER_THAN_2_MONTHS","true","false","false","false","false","false","",""
"les coulisses de la bourse châlons","https://www.aveclindustrie.fr/","","22","","","","","","","32","OLDER_THAN_2_MONTHS","","","","","","","",""
"création emploi industrie","https://www.aveclindustrie.fr/","","72","","","","","","","31","OLDER_THAN_2_MONTHS","true","false","false","false","false","false","",""
"site internet pour industrie","https://www.aveclindustrie.fr/","","15","","","","","","","1","OLDER_THAN_2_MONTHS","true","false","false","false","false","false","",""
"reconcersion","https://www.aveclindustrie.fr/changer-de-cap-se-reconvertir/","","34","","","","","","","33","OLDER_THAN_2_MONTHS","","","","","","","","reconversion"
"ensemble construisons votre avenir","https://www.aveclindustrie.fr/","","35","","","","","","","1","OLDER_THAN_2_MONTHS","true","false","false","false","false","false","",""
"covering poids lourds club","https://www.aveclindustrie.fr/wp-content/uploads/2025/11/EAT25-Dossier_de_Presentation_DEF.pdf","","46","","","","","","","1","OLDER_THAN_2_MONTHS","true","false","false","false","false","false","",""
"chemin d avenirs","https://www.aveclindustrie.fr/","","48","","","","","","","17","OLDER_THAN_2_MONTHS","true","false","false","false","false","false","",""
"covering poids lourd club","https://www.aveclindustrie.fr/wp-content/uploads/2025/11/EAT25-Dossier_de_Presentation_DEF.pdf","","52","","","","","","","1","OLDER_THAN_2_MONTHS","true","false","false","false","false","false","",""
"conseils en marketing pour les entreprises du secteur du cinéma marseille","https://www.aveclindustrie.fr/","","75","","","","","","","13","OLDER_THAN_2_MONTHS","","","","","","","",""
"salon professionnel troyes","https://www.aveclindustrie.fr/evenements-salons/","","81","","","","","","","7","OLDER_THAN_2_MONTHS","true","false","false","false","false","false","",""
"événements et salons","https://www.aveclindustrie.fr/evenements-salons/","","12","","","","","","","33","OLDER_THAN_2_MONTHS","true","false","false","false","false","false","",""
"reconversion profesionnel","https://www.aveclindustrie.fr/changer-de-cap-se-reconvertir/","","14","","","","","","","35","OLDER_THAN_2_MONTHS","true","false","false","false","false","false","","reconversion professionnel"
"lafabriquedelavenir","https://www.aveclindustrie.fr/branche/metallurgie/","","14","","","","","","","1","OLDER_THAN_2_MONTHS","true","false","false","false","false","false","",""
"reconversionprofessionnelle","https://www.aveclindustrie.fr/changer-de-cap-se-reconvertir/","","21","","","","","","","35","OLDER_THAN_2_MONTHS","true","false","false","false","false","false","","reconversion professionnelle"
"reconvertion pro","https://www.aveclindustrie.fr/changer-de-cap-se-reconvertir/","","26","","","","","","","31","OLDER_THAN_2_MONTHS","","","","","","","","reconversion pro"
"reconverssion","https://www.aveclindustrie.fr/changer-de-cap-se-reconvertir/","","32","","","","","","","33","OLDER_THAN_2_MONTHS","","","","","","","","reconversion"
"itinéraire solutrans","https://www.aveclindustrie.fr/wp-content/uploads/2025/11/EAT25-Dossier_de_Presentation_DEF.pdf","","40","","","","","","","1","OLDER_THAN_2_MONTHS","true","false","false","false","true","false","",""
"services à la plasturgie","https://www.aveclindustrie.fr/branche/plasturgie-et-composites/","","50","","","","","","","5","OLDER_THAN_2_MONTHS","","","","","","","",""
"que faire après bts industrie pharmaceutique","https://www.aveclindustrie.fr/","","55","","","","","","","11","OLDER_THAN_2_MONTHS","true","false","false","false","false","false","",""
"que faire après un bts industrie pharmaceutique","https://www.aveclindustrie.fr/","","55","","","","","","","25","OLDER_THAN_2_MONTHS","true","false","false","false","false","false","",""
"ingénieur production en mission","https://aveclindustrie.fr/metier/ingenieur-de-production/","","86","","","","","","","20","OLDER_THAN_2_MONTHS","","","","","","","",""
"formatech nantes","https://www.aveclindustrie.fr/actualites/retour-sur-le-salon-formatheque-a-nantes/","","7","","","","","","","7","OLDER_THAN_2_MONTHS","","","","","","","",""
"ingenieur production industrielle","https://aveclindustrie.fr/metier/ingenieur-de-production/","","24","","","","","","","34","OLDER_THAN_2_MONTHS","true","false","false","false","false","false","",""
"forum handisup 2025","https://www.aveclindustrie.fr/evenements-salons/","","43","","","","","","","10","OLDER_THAN_2_MONTHS","","","","","","","",""
"enseigne de production exemple","https://www.aveclindustrie.fr/decouvrez-lindustrie/les-secteurs-de-lindustrie/","","71","","","","","","","8","OLDER_THAN_2_MONTHS","","","","","","","",""
"le village des recruteurs nantes 2025","https://www.aveclindustrie.fr/evenements-salons/","","72","","","","","","","25","OLDER_THAN_2_MONTHS","","","","","","","",""
"salon de lapprentissage caen","https://www.aveclindustrie.fr/evenements-salons/","","77","","","","","","","10","OLDER_THAN_2_MONTHS","","","","","","","","salon de l'apprentissage caen"
"salon de l alternance lyon 2025","https://www.aveclindustrie.fr/evenements-salons/","","83","","","","","","","10","OLDER_THAN_2_MONTHS","","","","","","","",""
"formation reconversion professionnelle industrie","https://www.aveclindustrie.fr/changer-de-cap-se-reconvertir/","","1","","","","","","","21","OLDER_THAN_2_MONTHS","","","","","","","",""
"se reconvertir dans la formation","https://www.aveclindustrie.fr/changer-de-cap-se-reconvertir/","","8","","","","","","","28","OLDER_THAN_2_MONTHS","true","false","false","false","false","false","",""
"reconversion professionnelles","https://www.aveclindustrie.fr/changer-de-cap-se-reconvertir/","","11","","","","","","","35","OLDER_THAN_2_MONTHS","true","false","false","false","false","false","reconversion professionnelle",""
"lequipenautiquerecrute","https://www.aveclindustrie.fr/branche/industrie-et-services-nautiques/","","18","","","","","","","21","OLDER_THAN_2_MONTHS","","","","","","","l'équipe nautique recrute",""
"définition d une entreprise industrielle","https://www.aveclindustrie.fr/decouvrez-lindustrie/les-secteurs-de-lindustrie/","","34","","","","","","","1","OLDER_THAN_2_MONTHS","","","","","","","",""
"formation reconversion professionnelle industrie","https://www.aveclindustrie.fr/trouver-sa-voie/","","54","","","","","","","21","OLDER_THAN_2_MONTHS","","","","","","","",""
"ingenieur productique","https://aveclindustrie.fr/metier/ingenieur-de-production/","","55","","","","","","","18","OLDER_THAN_2_MONTHS","true","false","false","false","false","false","",""
"enseignes industrielles pour sites de production","https://www.aveclindustrie.fr/decouvrez-lindustrie/les-secteurs-de-lindustrie/","","62","","","","","","","1","OLDER_THAN_2_MONTHS","","","","","","","",""
"changer de métier quoi faire","https://www.aveclindustrie.fr/changer-de-cap-se-reconvertir/","","63","","","","","","","27","OLDER_THAN_2_MONTHS","true","false","false","false","false","false","",""
"ingenieur de production","https://aveclindustrie.fr/metier/ingenieur-de-production/","","65","","","","","","","32","OLDER_THAN_2_MONTHS","true","false","false","false","false","false","",""
"se reconvertir dans la renovation","https://www.aveclindustrie.fr/changer-de-cap-se-reconvertir/","","65","","","","","","","22","OLDER_THAN_2_MONTHS","true","false","false","false","false","false","",""
"reconversion professionnelle à son compte","https://www.aveclindustrie.fr/changer-de-cap-se-reconvertir/","","71","","","","","","","41","OLDER_THAN_2_MONTHS","true","false","false","false","false","false","",""
"ingenieur en production","https://aveclindustrie.fr/metier/ingenieur-de-production/","","82","","","","","","","34","OLDER_THAN_2_MONTHS","true","false","false","false","false","false","",""
"métier d'avenir industrie","https://www.aveclindustrie.fr/","","24","","","","","","","22","OLDER_THAN_2_MONTHS","true","false","false","false","false","false","",""
"observatoire competences industries","https://www.aveclindustrie.fr/viens-on-accelere-avec-lindustrie/","","49","","","","","","","17","OLDER_THAN_2_MONTHS","","","","","","","",""
"enseignes site industriel","https://www.aveclindustrie.fr/decouvrez-lindustrie/les-secteurs-de-lindustrie/","","61","","","","","","","5","OLDER_THAN_2_MONTHS","true","false","false","false","false","false","",""
"reconversion métiers de la formation","https://www.aveclindustrie.fr/changer-de-cap-se-reconvertir/","","89","","","","","","","33","OLDER_THAN_2_MONTHS","true","false","false","false","false","false","",""
"emploi dans lindustrie en france","https://www.aveclindustrie.fr/","","39","","","","","","","26","OLDER_THAN_2_MONTHS","","","","","","","","emploi dans l'industrie en france"
"nrj music tour 2025","https://www.aveclindustrie.fr/actualites/avec-lindustrie-partenaire-du-nrj-summer-tour-2025/","","39","","","","","","","31","OLDER_THAN_2_MONTHS","","","","","","","",""
"forum handisup 2026","https://www.aveclindustrie.fr/evenements-salons/","","48","","","","","","","10","OLDER_THAN_2_MONTHS","","","","","","","",""
"avef congrès 2026","https://www.aveclindustrie.fr/","","49","","","","","","","23","OLDER_THAN_2_MONTHS","","","","","","","",""
"emploi dans lindustrie en france","https://www.aveclindustrie.fr/decouvrez-lindustrie/les-metiers-de-lindustrie/","","58","","","","","","","26","OLDER_THAN_2_MONTHS","","","","","","","","emploi dans l'industrie en france"
"métier de lindustrie qui recrute","https://www.aveclindustrie.fr/decouvrez-lindustrie/les-metiers-de-lindustrie/","","61","","","","","","","10","OLDER_THAN_2_MONTHS","true","false","false","false","false","false","","métier de l'industrie qui recrute"
"auxerre industrie","https://www.aveclindustrie.fr/","","67","","","","","","","28","OLDER_THAN_2_MONTHS","true","false","true","true","true","false","",""
"viva fabrica 2026","https://www.aveclindustrie.fr/actualites/","","70","","","","","","","21","OLDER_THAN_2_MONTHS","","","","","","","",""
"salon taf 2026","https://www.aveclindustrie.fr/evenements-salons/","","77","","","","","","","5","OLDER_THAN_2_MONTHS","","","","","","","",""
"salon sil 2026","https://www.aveclindustrie.fr/evenements-salons/","","80","","","","","","","17","OLDER_THAN_2_MONTHS","","","","","","","salon sim 2026",""
"lyon industrie 2026","https://www.aveclindustrie.fr/","","89","","","","","","","14","OLDER_THAN_2_MONTHS","","","","","","","",""
"salon pro 2026","https://www.aveclindustrie.fr/evenements-salons/","","97","","","","","","","1","OLDER_THAN_2_MONTHS","","","","","","","",""
"yt industrie 2026","https://www.aveclindustrie.fr/","","46","","","","","","","1","OLDER_THAN_2_MONTHS","","","","","","","",""
"salon 24h emploi formation cherbourg","https://www.aveclindustrie.fr/evenements-salons/","","46","","","","","","","11","OLDER_THAN_2_MONTHS","","","","","","","",""
"vidéo métier industrie","https://www.aveclindustrie.fr/trouver-sa-voie/","","53","","","","","","","29","OLDER_THAN_2_MONTHS","true","false","false","false","false","false","",""
"bpi métiers","https://www.aveclindustrie.fr/actualites/emission-m6/","","65","","","","","","","16","OLDER_THAN_2_MONTHS","","","","","","","",""
"avef tours 2026","https://www.aveclindustrie.fr/","","66","","","","","","","23","OLDER_THAN_2_MONTHS","","","","","","","",""
"salon stage 2026","https://www.aveclindustrie.fr/evenements-salons/","","70","","","","","","","1","OLDER_THAN_2_MONTHS","","","","","","","",""
"industrie lyon 2026","https://www.aveclindustrie.fr/evenements-salons/","","71","","","","","","","22","OLDER_THAN_2_MONTHS","true","false","false","false","false","false","",""
"afa 2026","https://www.aveclindustrie.fr/","","73","","","","","","","1","OLDER_THAN_2_MONTHS","","","","","","","",""
"place du taf 2026","https://www.aveclindustrie.fr/evenements-salons/","","79","","","","","","","17","OLDER_THAN_2_MONTHS","","","","","","","",""
"tournée plage 2025","https://www.aveclindustrie.fr/actualites/l-industrie-fait-son-show-a-port-la-nouvelle-pour-le-nrj-summer-tour-2025/","","81","","","","","","","34","OLDER_THAN_2_MONTHS","true","false","false","false","false","false","tour plage 2025",""
"métier de lindustrie qui recrutent","https://www.aveclindustrie.fr/decouvrez-lindustrie/les-metiers-de-lindustrie/","","85","","","","","","","22","OLDER_THAN_2_MONTHS","true","false","false","false","false","false","","métier de l'industrie qui recrutent"
"salons france 2025","https://www.aveclindustrie.fr/evenements-salons/","","86","","","","","","","18","OLDER_THAN_2_MONTHS","true","false","false","false","false","false","",""
"formathèque 2025","https://www.aveclindustrie.fr/actualites/retour-sur-le-salon-formatheque-a-nantes/","","4","","","","","","","29","OLDER_THAN_2_MONTHS","","","","","","","",""
"salon en ligne alternance 2024","https://www.aveclindustrie.fr/actualites/salon-en-ligne-edition-2025-les-journees-de-lindustrie-en-ile-de-france-les-entreprises-recrutent-du-31-mars-au-11-avril-2025/","","12","","","","","","","16","OLDER_THAN_2_MONTHS","","","","","","","",""
"autotour 2025","https://admin.aveclindustrie.fr/actualites/explore-auto-tour-2025/","","16","","","","","","","1","OLDER_THAN_2_MONTHS","true","false","true","true","false","false","",""
"summer memes 2025","https://www.aveclindustrie.fr/actualites/avec-lindustrie-partenaire-du-nrj-summer-tour-2025/","","29","","","","","","","31","OLDER_THAN_2_MONTHS","","","","","","","",""
"fabricants sur tour","https://www.aveclindustrie.fr/actualites/le-tour-de-france-de-nos-industries-a-beziers/","","48","","","","","","","1","OLDER_THAN_2_MONTHS","true","false","true","true","true","false","",""
"salon du taf 2026","https://www.aveclindustrie.fr/evenements-salons/","","73","","","","","","","5","OLDER_THAN_2_MONTHS","","","","","","","",""
"salon etudiant dijon 27 janvier","https://www.aveclindustrie.fr/evenements-salons/","","74","","","","","","","12","OLDER_THAN_2_MONTHS","","","","","","","",""
"changement de secteur","https://www.aveclindustrie.fr/changer-de-cap-se-reconvertir/","","83","","","","","","","17","OLDER_THAN_2_MONTHS","true","false","false","false","false","false","",""
"fiche métier ingénieur de production","https://aveclindustrie.fr/metier/ingenieur-de-production/","","84","","","","","","","33","OLDER_THAN_2_MONTHS","true","false","false","false","false","false","",""
"compétences professionnelles chaudronnier","https://www.aveclindustrie.fr/metier/chaudronnier/","","84","","","","","","","33","OLDER_THAN_2_MONTHS","true","false","false","false","false","false","",""
"secteur dactivité","https://www.aveclindustrie.fr/decouvrez-lindustrie/les-secteurs-de-lindustrie/","","85","","","","","","","25","OLDER_THAN_2_MONTHS","true","false","false","false","false","false","","secteur d'activité"
"forum métier 2025","https://www.aveclindustrie.fr/evenements-salons/","","90","","","","","","","31","OLDER_THAN_2_MONTHS","true","false","false","false","false","false","",""
"opco 2i fne 2025","https://www.aveclindustrie.fr/wp-content/uploads/2025/11/EAT25-Dossier_de_Presentation_DEF.pdf","","90","","","","","","","29","OLDER_THAN_2_MONTHS","","","","","","","",""
"data scientis","https://www.aveclindustrie.fr/metier/data-scientist/","","94","","","","","","","40","OLDER_THAN_2_MONTHS","true","false","false","false","false","false","","data scientist"
"se reconvertir avec succès","https://www.aveclindustrie.fr/changer-de-cap-se-reconvertir/","","20","","","","","","","36","OLDER_THAN_2_MONTHS","true","false","false","false","false","false","",""
"idée de reconversion professionnel","https://www.aveclindustrie.fr/changer-de-cap-se-reconvertir/","","26","","","","","","","33","OLDER_THAN_2_MONTHS","true","false","false","false","false","false","",""
"chaudronier","https://www.aveclindustrie.fr/metier/chaudronnier/","","58","","","","","","","24","OLDER_THAN_2_MONTHS","true","false","false","false","false","false","","chaudronnier"
"tour de france de l artisanat","https://www.aveclindustrie.fr/actualites/le-tour-de-france-de-nos-industries-etape-4-en-region-pays-de-la-loire/","","33","","","","","","","5","OLDER_THAN_2_MONTHS","true","false","false","false","false","false","",""
"reconversion professionnelle niveau cap","https://www.aveclindustrie.fr/changer-de-cap-se-reconvertir/","","25","","","","","","","31","OLDER_THAN_2_MONTHS","","","","","","","",""
"presse professionnelle industrielle","https://aveclindustrie.fr/","","41","","","","","","","1","OLDER_THAN_2_MONTHS","","","","","","","",""
"forum bts 2025","https://www.aveclindustrie.fr/evenements-salons/","","90","","","","","","","12","OLDER_THAN_2_MONTHS","","","","","","","",""
"siane 2025","https://www.aveclindustrie.fr/actualites/la-place-de-lindustrie-revient-au-salon-siane-industries-2025/","","8","","","","","","","1","OLDER_THAN_2_MONTHS","","","","","","","",""
"avef tours 2025","https://aveclindustrie.fr/","","41","","","","","","","20","OLDER_THAN_2_MONTHS","","","","","","","",""
"fie salon 2025","https://www.aveclindustrie.fr/actualites/la-semaine-de-lindustrie-revient-du-17-au-23-novembre-2025/","","71","","","","","","","1","OLDER_THAN_2_MONTHS","","","","","","","",""
"secteur de lindustrie en france","https://www.aveclindustrie.fr/decouvrez-lindustrie/les-secteurs-de-lindustrie/","","5","","","","","","","28","OLDER_THAN_2_MONTHS","","","","","","","","secteur de l'industrie en france"
"salon de lindustrie en france","https://www.aveclindustrie.fr/evenements-salons/","","13","","","","","","","23","OLDER_THAN_2_MONTHS","","","","","","","","salon de l'industrie en france"
"salon de lindustrie en france","https://aveclindustrie.fr/","","39","","","","","","","23","OLDER_THAN_2_MONTHS","","","","","","","","salon de l'industrie en france"
"c est quoi un secteur d activité","https://www.aveclindustrie.fr/decouvrez-lindustrie/les-secteurs-de-lindustrie/","","60","","","","","","","38","OLDER_THAN_2_MONTHS","true","false","false","false","false","false","",""
"c est vous l avenir","https://aveclindustrie.fr/","","66","","","","","","","28","OLDER_THAN_2_MONTHS","","","","","","","",""
"m6 alternance 2024","https://www.aveclindustrie.fr/actualites/casting-m6-fais-briller-ton-talent-dans-lindustrie/","","4","","","","","","","11","OLDER_THAN_2_MONTHS","","","","","","","",""
"place de l industrie","https://www.aveclindustrie.fr/actualites/la-place-de-lindustrie-revient-au-salon-siane-industries-2025/","","10","","","","","","","18","OLDER_THAN_2_MONTHS","","","","","","","",""
"formathèque 2024","https://www.aveclindustrie.fr/actualites/retour-sur-le-salon-formatheque-a-nantes/","","11","","","","","","","29","OLDER_THAN_2_MONTHS","true","false","false","false","false","false","",""
"salon de lemploi montargis","https://www.aveclindustrie.fr/evenements-salons/","","12","","","","","","","7","OLDER_THAN_2_MONTHS","true","false","false","false","false","false","","salon de l'emploi montargis"
"salon de l industrie paris","https://www.aveclindustrie.fr/evenements-salons/","","16","","","","","","","29","OLDER_THAN_2_MONTHS","","","","","","","",""
"nrj tours 2024","https://www.aveclindustrie.fr/actualites/nrj-summer-tour-laventure-se-termine-a-ouistreham-le-14-aout/","","22","","","","","","","19","OLDER_THAN_2_MONTHS","","","","","","","",""
"opco 2i paris siret","https://www.aveclindustrie.fr/mentions-legales/","","23","","","","","","","33","OLDER_THAN_2_MONTHS","","","","","","","",""
"salon étudiant nantes 9 octobre","https://www.aveclindustrie.fr/evenements-salons/","","37","","","","","","","10","OLDER_THAN_2_MONTHS","","","","","","","",""
"profil industrie","https://www.aveclindustrie.fr/branche/metallurgie/","","40","","","","","","","1","OLDER_THAN_2_MONTHS","","","","","","","",""
"salon emploi beaujoire","https://www.aveclindustrie.fr/evenements-salons/","","43","","","","","","","21","OLDER_THAN_2_MONTHS","","","","","","","",""
"nrj tours 2024","https://aveclindustrie.fr/actualites/nrj-summer-tour-2025-lindustrie-sinvite-a-saint-jean-de-monts/","","47","","","","","","","19","OLDER_THAN_2_MONTHS","","","","","","","",""
"business industrie 2024","https://aveclindustrie.fr/","","58","","","","","","","1","OLDER_THAN_2_MONTHS","","","","","","","",""
"congrès avnir 2024","https://aveclindustrie.fr/","","60","","","","","","","20","OLDER_THAN_2_MONTHS","","","","","","","congrès avenir 2024",""
"metier chaudronnerie","https://www.aveclindustrie.fr/metier/chaudronnier/","","61","","","","","","","30","OLDER_THAN_2_MONTHS","true","false","false","false","false","false","",""
"salon étudiant lille 7 octobre","https://www.aveclindustrie.fr/evenements-salons/","","67","","","","","","","10","OLDER_THAN_2_MONTHS","true","false","false","false","false","false","",""
"nantes industrie salon","https://www.aveclindustrie.fr/actualites/retour-sur-le-salon-formatheque-a-nantes/","","71","","","","","","","8","OLDER_THAN_2_MONTHS","","","","","","","",""
"salon étudiant nantes 8 octobre","https://www.aveclindustrie.fr/evenements-salons/","","72","","","","","","","14","OLDER_THAN_2_MONTHS","","","","","","","",""
"changer de métier tout le temps","https://www.aveclindustrie.fr/changer-de-cap-se-reconvertir/","","74","","","","","","","36","OLDER_THAN_2_MONTHS","","","","","","","",""
"industrie lyon 2024","https://aveclindustrie.fr/","","87","","","","","","","24","OLDER_THAN_2_MONTHS","true","false","false","false","false","false","",""
"salon regional industrie","https://www.aveclindustrie.fr/evenements-salons/","","16","","","","","","","1","OLDER_THAN_2_MONTHS","","","","","","","",""
"formation mecanique porsche","https://www.aveclindustrie.fr/wp-content/uploads/2025/11/EAT25-Dossier_de_Presentation_DEF.pdf","","58","","","","","","","7","OLDER_THAN_2_MONTHS","","","","","","","",""
"salon stage lyon","https://www.aveclindustrie.fr/evenements-salons/","","78","","","","","","","26","OLDER_THAN_2_MONTHS","true","false","false","false","false","false","",""
"salon des métiers lyon date","https://www.aveclindustrie.fr/evenements-salons/","","80","","","","","","","10","OLDER_THAN_2_MONTHS","true","false","false","false","false","false","",""
"salon commerce lyon","https://www.aveclindustrie.fr/evenements-salons/","","85","","","","","","","32","OLDER_THAN_2_MONTHS","","","","","","","",""
"salon emploi formation nantes","https://www.aveclindustrie.fr/evenements-salons/","","97","","","","","","","23","OLDER_THAN_2_MONTHS","true","false","false","false","false","false","",""
"salon pour l industrie","https://www.aveclindustrie.fr/evenements-salons/","","13","","","","","","","17","OLDER_THAN_2_MONTHS","","","","","","","",""
"salon cimenterie","https://aveclindustrie.fr/branche/ciments/","","48","","","","","","","1","OLDER_THAN_2_MONTHS","true","false","false","false","false","false","",""
"site de lameublement","https://www.aveclindustrie.fr/branche/fabrication-de-lameublement/","","52","","","","","","","36","OLDER_THAN_2_MONTHS","true","false","false","false","false","false","","site de l'ameublement"
"rencontre emploi entreprise","https://www.aveclindustrie.fr/evenements-salons/","","77","","","","","","","15","OLDER_THAN_2_MONTHS","true","false","false","false","false","false","",""
"industrie caen et alentours","https://aveclindustrie.fr/","","90","","","","","","","15","OLDER_THAN_2_MONTHS","true","false","true","true","true","false","",""
"salon innovation industrie","https://www.aveclindustrie.fr/evenements-salons/","","96","","","","","","","4","OLDER_THAN_2_MONTHS","","","","","","","",""
"formation technicien mouliste","https://www.aveclindustrie.fr/metier/mecanicien-mouliste-ajusteur/","","4","","","","","","","13","OLDER_THAN_2_MONTHS","","","","","","","",""
"technicien de maintenance des systèmes énergétiques et climatiques en alternance","https://www.aveclindustrie.fr/metier/technicien-de-maintenance-des-systemes-energetiques/","","23","","","","","","","17","OLDER_THAN_2_MONTHS","true","false","true","false","false","false","",""
"salon de lorientation et de lalternance","https://www.aveclindustrie.fr/evenements-salons/","","71","","","","","","","21","OLDER_THAN_2_MONTHS","true","false","false","false","false","false","",""
"idée campagne recrutement 21","https://aveclindustrie.fr/","","81","","","","","","","18","OLDER_THAN_2_MONTHS","","","","","","","",""
"lyon industries il","https://aveclindustrie.fr/","","4","","","","","","","21","OLDER_THAN_2_MONTHS","true","false","false","false","false","false","",""
"salon alternance annecy","https://www.aveclindustrie.fr/evenements-salons/","","39","","","","","","","7","OLDER_THAN_2_MONTHS","true","false","false","false","false","false","",""
"recrutement alpexpo","https://www.aveclindustrie.fr/evenements-salons/","","51","","","","","","","11","OLDER_THAN_2_MONTHS","","","","","","","",""
"salon étudiant lyon mars","https://www.aveclindustrie.fr/evenements-salons/","","71","","","","","","","4","OLDER_THAN_2_MONTHS","","","","","","","",""
"salon etudiant sans le bac","https://www.aveclindustrie.fr/evenements-salons/","","87","","","","","","","22","OLDER_THAN_2_MONTHS","true","false","false","false","false","false","",""
"vétérinaire jeu de paume montpellier","https://aveclindustrie.fr/","","34","","","","","","","4","OLDER_THAN_2_MONTHS","false","false","false","false","true","false","",""
"salon de l industrie lyon horaires","https://www.aveclindustrie.fr/evenements-salons/","","56","","","","","","","14","OLDER_THAN_2_MONTHS","true","false","false","false","false","false","",""
"salon de lemploi amiens","https://www.aveclindustrie.fr/evenements-salons/","","61","","","","","","","10","OLDER_THAN_2_MONTHS","","","","","","","",""
"usine du monde def","https://www.aveclindustrie.fr/decouvrez-lindustrie/les-secteurs-de-lindustrie/","","70","","","","","","","12","OLDER_THAN_2_MONTHS","","","","","","","",""
"entreprise de lindustrie","https://www.aveclindustrie.fr/decouvrez-lindustrie/les-secteurs-de-lindustrie/","","6","","","","","","","26","OLDER_THAN_2_MONTHS","","","","","","","",""
"salon de lindustrie nantes","https://www.aveclindustrie.fr/evenements-salons/","","22","","","","","","","1","OLDER_THAN_2_MONTHS","","","","","","","",""
"entreprise de lindustrie","https://aveclindustrie.fr/","","24","","","","","","","26","OLDER_THAN_2_MONTHS","","","","","","","",""
"salon de lindustrie nantes","https://aveclindustrie.fr/","","41","","","","","","","1","OLDER_THAN_2_MONTHS","","","","","","","",""
"événementiel / salons professionnels","https://www.aveclindustrie.fr/evenements-salons/","","52","","","","","","","15","OLDER_THAN_2_MONTHS","true","false","false","false","false","false","",""
"exemples réussis lancement produit pharma pme","https://aveclindustrie.fr/","","74","","","","","","","22","OLDER_THAN_2_MONTHS","","","","","","","",""
"quel sont les secteurs d'activité","https://www.aveclindustrie.fr/decouvrez-lindustrie/les-secteurs-de-lindustrie/","","16","","","","","","","21","OLDER_THAN_2_MONTHS","true","false","false","false","false","false","",""
"alternance cordonnerie","https://aveclindustrie.fr/branche/cordonnerie-multiservice/","","59","","","","","","","31","OLDER_THAN_2_MONTHS","","","","","","","",""
"métier d'avenir dans lindustrie","https://aveclindustrie.fr/","","12","","","","","","","19","OLDER_THAN_2_MONTHS","","","","","","","","métier d'avenir dans l'industrie"
"horloger métier d'avenir","https://www.aveclindustrie.fr/metier/horloger-reparateur/","","28","","","","","","","19","OLDER_THAN_2_MONTHS","true","false","false","false","false","false","",""
"métier d'avenir dans lindustrie","https://aveclindustrie.fr/decouvrez-lindustrie/les-metiers-de-lindustrie/","","54","","","","","","","19","OLDER_THAN_2_MONTHS","","","","","","","","métier d'avenir dans l'industrie"
"entreprise lae","https://aveclindustrie.fr/","","62","","","","","","","26","OLDER_THAN_2_MONTHS","","","","","","","",""
"métier d'avenir dans lindustrie","https://aveclindustrie.fr/trouver-sa-voie/","","87","","","","","","","19","OLDER_THAN_2_MONTHS","","","","","","","","métier d'avenir dans l'industrie"
"secteur industrie métier","https://www.aveclindustrie.fr/decouvrez-lindustrie/les-secteurs-de-lindustrie/","","4","","","","","","","19","OLDER_THAN_2_MONTHS","true","false","false","false","false","false","",""
"métier de production industrielle","https://aveclindustrie.fr/decouvrez-lindustrie/les-metiers-de-lindustrie/","","16","","","","","","","29","OLDER_THAN_2_MONTHS","true","false","false","false","false","false","",""
"formation métiers de l'industrie","https://aveclindustrie.fr/trouver-sa-voie/","","4","","","","","","","23","OLDER_THAN_2_MONTHS","","","","","","","",""
"salon de l'etudiant virtuel grenoble","https://www.aveclindustrie.fr/evenements-salons/","","80","","","","","","","26","OLDER_THAN_2_MONTHS","","","","","","","",""
"guide ufme","https://www.aveclindustrie.fr/branche/menuiseries-charpentes-et-constructions/","","57","","","","","","","1","OLDER_THAN_2_MONTHS","","","","","","","",""
"métier de l'industrie liste","https://www.aveclindustrie.fr/decouvrez-lindustrie/les-secteurs-de-lindustrie/","","36","","","","","","","23","OLDER_THAN_2_MONTHS","true","false","false","false","false","false","",""
"métier de l'industrie liste","https://aveclindustrie.fr/trouver-sa-voie/","","79","","","","","","","23","OLDER_THAN_2_MONTHS","true","false","false","false","false","false","",""
"forum emploi darnétal","https://www.aveclindustrie.fr/evenements-salons/","","12","","","","","","","19","OLDER_THAN_2_MONTHS","true","false","false","false","false","false","",""
"salon de l'emploi la beaujoire nantes","https://www.aveclindustrie.fr/evenements-salons/","","45","","","","","","","23","OLDER_THAN_2_MONTHS","true","false","false","false","false","false","",""
"métier dans le secteur de la chimie","https://www.aveclindustrie.fr/branche/chimie/","","45","","","","","","","14","OLDER_THAN_2_MONTHS","true","false","false","false","false","false","",""
"salon industrie europe","https://www.aveclindustrie.fr/evenements-salons/","","89","","","","","","","1","OLDER_THAN_2_MONTHS","","","","","","","",""
"forindustrie 2025","https://www.aveclindustrie.fr/actualites/forindustrie-l-univers-extraordinaire-2/","","42","","","","","","","28","OLDER_THAN_2_MONTHS","","","","","","","",""
"forindustrie 2025","https://www.aveclindustrie.fr/actualites/forindustrie-l-univers-extraordinaire/","","79","","","","","","","28","OLDER_THAN_2_MONTHS","","","","","","","",""
"salon aujourd'hui pour demain lyon","https://aveclindustrie.fr/evenements-salons/","","80","","","","","","","31","OLDER_THAN_2_MONTHS","","","","","","","",""
"industrie de bien d'équipement","https://www.aveclindustrie.fr/decouvrez-lindustrie/les-secteurs-de-lindustrie/","","85","","","","","","","11","OLDER_THAN_2_MONTHS","","","","","","","",""
"reconversion dans la renovation","https://www.aveclindustrie.fr/changer-de-cap-se-reconvertir/","","86","","","","","","","22","OLDER_THAN_2_MONTHS","","","","","","","",""
"industrie de bien d'équipement exemple","https://www.aveclindustrie.fr/decouvrez-lindustrie/les-secteurs-de-lindustrie/","","8","","","","","","","5","OLDER_THAN_2_MONTHS","","","","","","","",""
"équipe nrj 2025","https://www.aveclindustrie.fr/actualites/communique-de-presse-lindustrie-fait-son-show-avec-le-nrj-summer-tour/","","54","","","","","","","28","OLDER_THAN_2_MONTHS","","","","","","","",""
"metier lecture","https://www.aveclindustrie.fr/metier/coupeur-lecture-et-analyse-de-la-matiere-en-maroquinerie/","","86","","","","","","","31","OLDER_THAN_2_MONTHS","","","","","","","",""
"cqp technicien horloger","https://aveclindustrie.fr/metier/horloger-reparateur/","","23","","","","","","","4","OLDER_THAN_2_MONTHS","","","","","","","",""
"reconversion professionnelle recyclage","https://www.aveclindustrie.fr/changer-de-cap-se-reconvertir/","","50","","","","","","","9","OLDER_THAN_2_MONTHS","","","","","","","",""
"job étudiant juin bourges","https://aveclindustrie.fr/evenements-salons/","","60","","","","","","","40","OLDER_THAN_2_MONTHS","","","","","","","",""
"je filme ma formation prix","https://www.aveclindustrie.fr/actualites/participez-au-concours-je-filme-ma-formation/","","71","","","","","","","29","OLDER_THAN_2_MONTHS","","","","","","","",""
"forum étudiant bourges","https://aveclindustrie.fr/evenements-salons/","","77","","","","","","","1","OLDER_THAN_2_MONTHS","","","","","","","",""
"formation l'industriel","https://aveclindustrie.fr/trouver-sa-voie/","","6","","","","","","","22","OLDER_THAN_2_MONTHS","","","","","","","",""
"salon emploi industrie","https://aveclindustrie.fr/evenements-salons/","","6","","","","","","","9","OLDER_THAN_2_MONTHS","","","","","","","",""
"salon emploi industrie","https://www.aveclindustrie.fr/actualites/salon-en-ligne-edition-2025-les-journees-de-lindustrie-en-ile-de-france-les-entreprises-recrutent-du-31-mars-au-11-avril-2025/","","62","","","","","","","9","OLDER_THAN_2_MONTHS","","","","","","","",""
"metier d avenir dans l industrie","https://www.aveclindustrie.fr/","","6","","","","","","","21","OLDER_THAN_2_MONTHS","","","","","","","",""
"metier d avenir dans l industrie","https://www.aveclindustrie.fr/decouvrez-lindustrie/les-metiers-de-lindustrie/","","51","","","","","","","21","OLDER_THAN_2_MONTHS","","","","","","","",""
"cauet youtube 2025","https://www.aveclindustrie.fr/actualites/avec-lindustrie-partenaire-du-nrj-summer-tour-2025/","","43","","","","","","","77","OLDER_THAN_2_MONTHS","","","","","","","",""
"le printemps de bourges 2025","https://www.aveclindustrie.fr/actualites/printemps-de-bourges-2025-on-arrive/","","61","","","","","","","30","OLDER_THAN_2_MONTHS","","","","","","","",""
"emploi chômage revenus du travail édition 2024","https://aveclindustrie.fr/viens-on-accelere-avec-lindustrie/","","19","","","","","","","25","OLDER_THAN_2_MONTHS","","","","","","","",""
"emploi chômage revenus du travail 2023","https://aveclindustrie.fr/viens-on-accelere-avec-lindustrie/","","51","","","","","","","1","OLDER_THAN_2_MONTHS","","","","","","","",""
"convention collective fabrication de jeux et jouets","https://www.aveclindustrie.fr/branche/jeux-jouets-et-puericulture/","","80","","","","","","","29","OLDER_THAN_2_MONTHS","true","false","false","false","false","false","",""
"comment fabriquer une emp","https://www.aveclindustrie.fr/","","37","","","","","","","24","OLDER_THAN_2_MONTHS","","","","","","","",""
"bijouterie joaillerie orfèvrerie","https://www.aveclindustrie.fr/branche/bijouterie-joaillerie-orfevrerie/","","54","","","","","","","19","OLDER_THAN_2_MONTHS","","","","","","","",""
"quelle est la principale industrie à erie pa","https://aveclindustrie.fr/","","10","","","","","","","15","OLDER_THAN_2_MONTHS","","","","","","","",""
"avenue de l'industrie","https://www.aveclindustrie.fr/","","21","","","","","","","1","OLDER_THAN_2_MONTHS","","","","","","","",""
"metier de l'industrie c'est quoi","https://www.aveclindustrie.fr/decouvrez-lindustrie/les-secteurs-de-lindustrie/","","13","","","","","","","33","OLDER_THAN_2_MONTHS","","","","","","","",""
"metier de l'industrie c'est quoi","https://aveclindustrie.fr/","","25","","","","","","","33","OLDER_THAN_2_MONTHS","","","","","","","",""
"festival de bourges 2025","https://www.aveclindustrie.fr/actualites/printemps-de-bourges-2025-on-arrive/","","60","","","","","","","13","OLDER_THAN_2_MONTHS","","","","","","","",""
"définition du secteur d activité","https://www.aveclindustrie.fr/decouvrez-lindustrie/les-secteurs-de-lindustrie/","","70","","","","","","","29","OLDER_THAN_2_MONTHS","true","false","false","false","false","false","",""
"cap d agde interdit","https://aveclindustrie.fr/actualites/nrj-summer-tour-lindustrie-sinvite-sur-la-plage-du-cap-dagde-ce-samedi-2-aout/","","62","","","","","","","1","OLDER_THAN_2_MONTHS","","","","","","","",""
"salon d' emplois","https://www.aveclindustrie.fr/evenements-salons/","","82","","","","","","","17","OLDER_THAN_2_MONTHS","","","","","","","",""
"activer les commentaires sur tiktok","https://aveclindustrie.fr/viens-on-accelere-avec-lindustrie/","","72","","","","","","","64","OLDER_THAN_2_MONTHS","","","","","","","",""
"principaux secteurs industriels en france","https://www.aveclindustrie.fr/decouvrez-lindustrie/les-secteurs-de-lindustrie/","","3","","","","","","","20","OLDER_THAN_2_MONTHS","","","","","","","",""
"salon de lalternance le mans","https://www.aveclindustrie.fr/evenements-salons/","","52","","","","","","","1","OLDER_THAN_2_MONTHS","","","","","","","","salon de l'alternance le mans"
"métier de lindustrie automobile","https://www.aveclindustrie.fr/branche/automobile/","","49","","","","","","","32","OLDER_THAN_2_MONTHS","","","","","","","","métier de l'industrie automobile"
"salon de lorientation et des métiers","https://www.aveclindustrie.fr/actualites/salon-regional-de-lorientation-et-des-metiers/","","50","","","","","","","31","OLDER_THAN_2_MONTHS","","","","","","","","salon de l'orientation et des métiers"
"les métiers de lindustrie","https://www.aveclindustrie.fr/decouvrez-lindustrie/les-secteurs-de-lindustrie/","","9","","","","","","","27","OLDER_THAN_2_MONTHS","","","","","","","","les métiers de l'industrie"
"les métiers de lindustrie","https://www.aveclindustrie.fr/trouver-sa-voie/","","18","","","","","","","27","OLDER_THAN_2_MONTHS","","","","","","","","les métiers de l'industrie"
"olympiades des métier","https://www.aveclindustrie.fr/decryptage/les-olympiades-des-metiers/","","24","","","","","","","4","OLDER_THAN_2_MONTHS","","","","","","","olympiades des métiers",""
"nouveau métier de lindustrie","https://www.aveclindustrie.fr/changer-de-cap-se-reconvertir/","","57","","","","","","","19","OLDER_THAN_2_MONTHS","","","","","","","","nouveau métier de l'industrie"
"jeune d'avenir 2025","https://www.aveclindustrie.fr/actualites/fabriquez-votre-avenir-au-salon-jeunes-davenirs-montreuil/","","34","","","","","","","29","OLDER_THAN_2_MONTHS","true","false","false","false","false","false","",""
"cap 2025 nantes","https://www.aveclindustrie.fr/actualites/retour-sur-le-salon-formatheque-a-nantes/","","68","","","","","","","33","OLDER_THAN_2_MONTHS","","","","","","","",""
"salon apprentissage alternance et métiers grenoble","https://www.aveclindustrie.fr/evenements-salons/","","69","","","","","","","16","OLDER_THAN_2_MONTHS","","","","","","","",""
"comment fabriquer un passe-partout","https://www.aveclindustrie.fr/","","51","","","","","","","29","OLDER_THAN_2_MONTHS","","","","","","","",""
"comment fabriquer un passe partout","https://www.aveclindustrie.fr/","","52","","","","","","","29","OLDER_THAN_2_MONTHS","","","","","","","",""
"Comment se fabriquer une clé Passe-partout ?","https://www.aveclindustrie.fr/","","94","","","","","","","22","OLDER_THAN_2_MONTHS","","","","","","","",""
"salon enl","https://www.aveclindustrie.fr/actualites/salon-en-ligne-edition-2025-les-journees-de-lindustrie-en-ile-de-france-les-entreprises-recrutent-du-31-mars-au-11-avril-2025/","","49","","","","","","","1","OLDER_THAN_2_MONTHS","","","","","","","",""
"bercy innov 2025","https://www.aveclindustrie.fr/actualites/bercy-fait-son-industrie/","","50","","","","","","","7","OLDER_THAN_2_MONTHS","","","","","","","",""
"comment fabriquer un support de téléphone en bois","https://www.aveclindustrie.fr/","","84","","","","","","","21","OLDER_THAN_2_MONTHS","","","","","","","",""
"hôtel des horlogers emploi","https://www.aveclindustrie.fr/","","93","","","","","","","8","OLDER_THAN_2_MONTHS","","","","","","","",""
"souffleuse de verre métier","https://www.aveclindustrie.fr/metier/souffleur-de-verre/","","58","","","","","","","39","OLDER_THAN_2_MONTHS","","","","","","","",""
"fiches metier industrie","https://www.aveclindustrie.fr/decouvrez-lindustrie/les-secteurs-de-lindustrie/","","30","","","","","","","32","OLDER_THAN_2_MONTHS","","","","","","","",""
"cap latitude 2024","https://www.aveclindustrie.fr/","","58","","","","","","","26","OLDER_THAN_2_MONTHS","","","","","","","",""
"convention relance industrie","https://www.aveclindustrie.fr/qui-sommes-nous/","","37","","","","","","","1","OLDER_THAN_2_MONTHS","","","","","","","",""
"offre d'emploi industrie pharmaceutique france","https://www.aveclindustrie.fr/","","52","","","","","","","40","OLDER_THAN_2_MONTHS","","","","","","","",""
"emploi couture savoie","https://www.aveclindustrie.fr/","","60","","","","","","","35","OLDER_THAN_2_MONTHS","","","","","","","",""
"bijouterie bezier","https://www.aveclindustrie.fr/","","77","","","","","","","1","OLDER_THAN_2_MONTHS","","","","","","","",""
"forum emploi niort 2024","https://www.aveclindustrie.fr/evenements-salons/","","44","","","","","","","4","OLDER_THAN_2_MONTHS","true","false","false","false","false","false","",""
"polisseuse métier","https://www.aveclindustrie.fr/metier/polisseur/","","15","","","","","","","34","OLDER_THAN_2_MONTHS","","","","","","","",""
"métier travail en usine","https://www.aveclindustrie.fr/decouvrez-lindustrie/les-secteurs-de-lindustrie/","","65","","","","","","","33","OLDER_THAN_2_MONTHS","","","","","","","",""
"métier de polisseur en bijouterie","https://www.aveclindustrie.fr/metier/polisseur/","","66","","","","","","","22","OLDER_THAN_2_MONTHS","","","","","","","",""
"salon taf alès 2024","https://www.aveclindustrie.fr/evenements-salons/","","36","","","","","","","20","OLDER_THAN_2_MONTHS","","","","","","","",""
"fonctionnement carrière","https://www.aveclindustrie.fr/branche/carrieres-et-materiaux/","","39","","","","","","","18","OLDER_THAN_2_MONTHS","","","","","","","",""
"metier de l'industrie metallurgique","https://www.aveclindustrie.fr/branche/metallurgie/","","49","","","","","","","29","OLDER_THAN_2_MONTHS","","","","","","","",""
"* reconversion professionnel","https://www.aveclindustrie.fr/changer-de-cap-se-reconvertir/","","59","","","","","","","40","OLDER_THAN_2_MONTHS","","","","","","","",""
"metier modeleur","https://www.aveclindustrie.fr/metier/concepteur-modeleur/","","67","","","","","","","31","OLDER_THAN_2_MONTHS","","","","","","","",""
"métier métallurgie plasturgie","https://www.aveclindustrie.fr/decouvrez-lindustrie/les-secteurs-de-lindustrie/","","94","","","","","","","19","OLDER_THAN_2_MONTHS","","","","","","","",""
"métier de la lecture","https://www.aveclindustrie.fr/metier/coupeur-lecture-et-analyse-de-la-matiere-en-maroquinerie/","","89","","","","","","","16","OLDER_THAN_2_MONTHS","","","","","","","",""
"metier tri des dechets","https://www.aveclindustrie.fr/metier/operateur-de-tri-mecanise/","","77","","","","","","","25","OLDER_THAN_2_MONTHS","","","","","","","",""
"métier de souffleur de verre","https://www.aveclindustrie.fr/metier/souffleur-de-verre/","","49","","","","","","","37","OLDER_THAN_2_MONTHS","","","","","","","",""
"compétences professionnelles opérateur de production","https://www.aveclindustrie.fr/metier/operateur-de-production/","","69","","","","","","","41","OLDER_THAN_2_MONTHS","true","false","false","true","true","false","",""
"salon des métiers - rennes 2024","https://www.aveclindustrie.fr/evenements-salons/","","71","","","","","","","7","OLDER_THAN_2_MONTHS","true","false","true","true","false","false","",""
"compétences professionnelles opérateur production","https://www.aveclindustrie.fr/metier/operateur-de-production/","","68","","","","","","","43","OLDER_THAN_2_MONTHS","true","false","false","true","true","false","",""
"concepteur en art et industrie céramique","https://www.aveclindustrie.fr/metier/concepteur-modeleur/","","40","","","","","","","7","OLDER_THAN_2_MONTHS","true","false","false","false","false","false","",""
"reconversion métier d'avenir","https://www.aveclindustrie.fr/changer-de-cap-se-reconvertir/","","89","","","","","","","41","OLDER_THAN_2_MONTHS","true","false","true","true","false","false","",""
"cordonnier industriel","https://www.aveclindustrie.fr/branche/cordonnerie-multiservice/","","4","","","","","","","1","OLDER_THAN_2_MONTHS","false","false","false","true","false","false","",""
"cordonnier industriel","https://www.aveclindustrie.fr/metier/cordonnier-multiservices/","","6","","","","","","","1","OLDER_THAN_2_MONTHS","false","false","false","true","false","false","",""
"nombre d' industrie en france","https://www.aveclindustrie.fr/decouvrez-lindustrie/les-secteurs-de-lindustrie/","","41","","","","","","","31","OLDER_THAN_2_MONTHS","true","false","false","false","false","false","",""
"industria 2024","https://www.aveclindustrie.fr/evenements-salons/","","95","","","","","","","17","OLDER_THAN_2_MONTHS","true","false","false","false","false","false","",""
"codacod gouv","https://www.aveclindustrie.fr/","","65","","","","","","","16","OLDER_THAN_2_MONTHS","true","false","false","true","false","false","",""
"auto expo dunkerque recrutement","https://www.aveclindustrie.fr/","","26","","","","","","","22","OLDER_THAN_2_MONTHS","true","false","false","false","false","false","",""
"filme lavenir 2025","https://www.aveclindustrie.fr/","","73","","","","","","","30","OLDER_THAN_2_MONTHS","","","","","","","",""
"film parallel 2025","https://www.aveclindustrie.fr/","","74","","","","","","","60","OLDER_THAN_2_MONTHS","true","false","false","false","false","false","",""
"filme l'avenir 2025","https://www.aveclindustrie.fr/","","29","","","","","","","30","OLDER_THAN_2_MONTHS","true","false","false","false","false","false","",""
"agen auch bus 2025","https://www.aveclindustrie.fr/","","35","","","","","","","22","OLDER_THAN_2_MONTHS","false","false","false","true","false","false","",""
"auch agen bus 2025","https://www.aveclindustrie.fr/","","35","","","","","","","22","OLDER_THAN_2_MONTHS","false","false","false","true","false","false","",""
"job ete 2025 blois","https://www.aveclindustrie.fr/","","63","","","","","","","20","OLDER_THAN_2_MONTHS","true","false","true","true","false","false","",""
"altern'up 2025","https://www.aveclindustrie.fr/","","64","","","","","","","5","OLDER_THAN_2_MONTHS","true","false","false","false","false","false","",""
"parallèle 45 2025","https://www.aveclindustrie.fr/","","75","","","","","","","36","OLDER_THAN_2_MONTHS","true","true","true","true","false","false","",""
"afa 2025","https://www.aveclindustrie.fr/","","78","","","","","","","14","OLDER_THAN_2_MONTHS","false","false","true","true","true","true","",""
"saint axelle 2025","https://www.aveclindustrie.fr/","","87","","","","","","","29","OLDER_THAN_2_MONTHS","","","","","","","",""
"films youtube 2025","https://www.aveclindustrie.fr/","","91","","","","","","","84","OLDER_THAN_2_MONTHS","true","false","false","false","false","false","",""
"lionel nallet 2025","https://www.aveclindustrie.fr/","","92","","","","","","","18","OLDER_THAN_2_MONTHS","","","","","","","",""
"lyon industrie 2025","https://www.aveclindustrie.fr/","","97","","","","","","","22","OLDER_THAN_2_MONTHS","false","false","false","true","false","false","",""
"l&e cosmétique 2025","https://www.aveclindustrie.fr/","","10","","","","","","","31","OLDER_THAN_2_MONTHS","true","false","false","false","false","false","",""
"yt industrie 2025","https://www.aveclindustrie.fr/","","35","","","","","","","25","OLDER_THAN_2_MONTHS","false","true","false","false","false","true","",""
"film stressant 2025","https://www.aveclindustrie.fr/","","37","","","","","","","17","OLDER_THAN_2_MONTHS","true","false","false","false","false","false","",""
"vif vincennes 2025","https://www.aveclindustrie.fr/","","47","","","","","","","17","OLDER_THAN_2_MONTHS","","","","","","","",""
"elan explore 6 2025","https://www.aveclindustrie.fr/","","62","","","","","","","10","OLDER_THAN_2_MONTHS","","","","","","","",""
"job été blois 2025","https://www.aveclindustrie.fr/","","63","","","","","","","20","OLDER_THAN_2_MONTHS","true","false","true","true","false","false","",""
"chiffre d affaire industrie pharmaceutique","https://www.aveclindustrie.fr/branche/industrie-pharmaceutique/","","68","","","","","","","22","OLDER_THAN_2_MONTHS","true","false","false","false","false","true","",""
"visiter afa","https://www.aveclindustrie.fr/","","77","","","","","","","37","OLDER_THAN_2_MONTHS","true","false","false","false","false","false","",""
"chiffres industrie pharmaceutique","https://www.aveclindustrie.fr/branche/industrie-pharmaceutique/","","88","","","","","","","31","OLDER_THAN_2_MONTHS","true","false","false","true","false","false","",""
"cinéma bazancourt","https://www.aveclindustrie.fr/","","74","","","","","","","29","OLDER_THAN_2_MONTHS","true","false","true","false","false","true","",""
"bus uimm","https://www.aveclindustrie.fr/actualites/","","71","","","","","","","1","OLDER_THAN_2_MONTHS","true","false","true","true","false","false","",""
"comment poser des tuiles de marseille","https://www.aveclindustrie.fr/","","93","","","","","","","18","OLDER_THAN_2_MONTHS","","","","","","","",""
"comment se fabriquer un tour a métaux","https://www.aveclindustrie.fr/","","99","","","","","","","11","OLDER_THAN_2_MONTHS","","","","","","","",""
"centre de formation joaillerie montpellier","https://www.aveclindustrie.fr/","","50","","","","","","","1","OLDER_THAN_2_MONTHS","","","","","","","",""
"le métier d'horloger","https://www.aveclindustrie.fr/decouvrez-lindustrie/les-metiers-de-lindustrie/horloger-reparateur","","80","","","","","","","24","OLDER_THAN_2_MONTHS","","","","","","","",""
"studyrama metz 2023","https://www.aveclindustrie.fr/","","56","","","","","","","13","OLDER_THAN_2_MONTHS","","","","","","","",""
"bourse aux jouets mont saint aignan","https://www.aveclindustrie.fr/","","33","","","","","","","19","OLDER_THAN_2_MONTHS","","","","","","","",""
"bourse aux jouets decines","https://www.aveclindustrie.fr/","","34","","","","","","","34","OLDER_THAN_2_MONTHS","","","","","","","",""
"bourse aux jouets guipavas","https://www.aveclindustrie.fr/","","45","","","","","","","34","OLDER_THAN_2_MONTHS","","","","","","","",""
"carrefour jouet chimiste","https://www.aveclindustrie.fr/","","47","","","","","","","69","OLDER_THAN_2_MONTHS","","","","","","","",""
"bourse aux jouets saint aignan de grand lieu","https://www.aveclindustrie.fr/","","49","","","","","","","1","OLDER_THAN_2_MONTHS","","","","","","","",""
"bourse aux jouets de rochefort","https://www.aveclindustrie.fr/","","50","","","","","","","13","OLDER_THAN_2_MONTHS","","","","","","","",""
"bourse de jouets allier","https://www.aveclindustrie.fr/","","61","","","","","","","14","OLDER_THAN_2_MONTHS","","","","","","","",""
"bourse aux jouets dans l allier","https://www.aveclindustrie.fr/","","61","","","","","","","14","OLDER_THAN_2_MONTHS","","","","","","","",""
"bourse aux jouets dans l'allier","https://www.aveclindustrie.fr/","","64","","","","","","","14","OLDER_THAN_2_MONTHS","","","","","","","",""
"cap art et techniques de la bijouterie joaillerie paris","https://www.aveclindustrie.fr/","","85","","","","","","","7","OLDER_THAN_2_MONTHS","","","","","","","",""
"cadre photo sous verre carrefour","https://www.aveclindustrie.fr/","","29","","","","","","","1","OLDER_THAN_2_MONTHS","","","","","","","",""
"bourse aux jouets mouilleron le captif","https://www.aveclindustrie.fr/","","47","","","","","","","29","OLDER_THAN_2_MONTHS","","","","","","","",""
"bon de reduction tailleur auto com","https://www.aveclindustrie.fr/","","52","","","","","","","4","OLDER_THAN_2_MONTHS","","","","","","","",""
"bourse du travail lyon visite virtuelle","https://www.aveclindustrie.fr/","","67","","","","","","","7","OLDER_THAN_2_MONTHS","","","","","","","",""
"calendrier bourse aux jouets allier","https://www.aveclindustrie.fr/","","67","","","","","","","25","OLDER_THAN_2_MONTHS","","","","","","","",""
"bourses aux jouets et puericulture 57","https://www.aveclindustrie.fr/","","26","","","","","","","34","OLDER_THAN_2_MONTHS","","","","","","","",""
"bourse aux jouets 42 loire","https://www.aveclindustrie.fr/","","42","","","","","","","39","OLDER_THAN_2_MONTHS","","","","","","","",""
"bourse aux jouets charbonnieres","https://www.aveclindustrie.fr/","","43","","","","","","","10","OLDER_THAN_2_MONTHS","","","","","","","",""
"bourse aux jouets vif","https://www.aveclindustrie.fr/","","56","","","","","","","39","OLDER_THAN_2_MONTHS","","","","","","","",""
"bourse jouets allier","https://www.aveclindustrie.fr/","","72","","","","","","","14","OLDER_THAN_2_MONTHS","","","","","","","",""
"batterie carrefour maubeuge","https://www.aveclindustrie.fr/","","24","","","","","","","45","OLDER_THAN_2_MONTHS","","","","","","","",""
"articles cordonnerie en ligne","https://aveclindustrie.fr/secteur/cordonnerie","","74","","","","","","","20","OLDER_THAN_2_MONTHS","true","false","false","false","false","false","",""