mot-clé_(mc),url,trafic,dernière_pos.,meilleure_pos.,plus_vieille_pos.,pos._perdues_:,diff._pos.,statut,volumeh,volume_ads,cpc,comp.,prem._vue_serp,der._vue_serp,date,si_informational,si_navigational,si_transactional,si_commercial,si_local,si_brand,sugg._ortho.,sugg._ortho._avec_redir.
"remorque voiture","https://www.infoweb-manutention.fr/accessoire/les-remorques-pour-voitures-lesquelles-choisir/","75","19","19","88","","","false","23643","33100","0.49","1","2025-08-29","2026-05-31","2026-07-20","true","false","false","false","false","false","",""
"remorque à voiture","https://www.infoweb-manutention.fr/accessoire/les-remorques-pour-voitures-lesquelles-choisir/","11","20","19","86","","","false","3682","40500","0.37","1","2026-03-13","2026-06-05","2026-07-22","","","","","","","",""
"classement marques chariot elevateur","https://www.infoweb-manutention.fr/chariot-elevateur/classement-des-marques-chariot-elevateur/","9","0","0","0","0","0","true","45","50","0.71","0.17","2025-07-24","2026-01-19","2026-01-19","true","false","false","false","false","false","",""
"remorques pour voitures","https://www.infoweb-manutention.fr/accessoire/les-remorques-pour-voitures-lesquelles-choisir/","8","18","18","60","","","false","2364","33100","0.36","1","2025-08-27","2026-06-07","2026-07-18","true","false","false","false","true","false","",""
"remorques voiture","https://www.infoweb-manutention.fr/accessoire/les-remorques-pour-voitures-lesquelles-choisir/","8","18","18","66","","","false","2364","33100","0.36","1","2026-03-13","2026-06-07","2026-07-20","true","false","false","false","false","false","",""
"caces 1","https://www.infoweb-manutention.fr/chariot-elevateur/cest-quoi-le-caces-1/","8","28","28","60","","","false","6200","12100","2.67","0.12","2025-08-28","2026-04-07","2026-07-09","true","false","false","false","false","false","",""
"remorque pour voiture","https://www.infoweb-manutention.fr/accessoire/les-remorques-pour-voitures-lesquelles-choisir/","7","20","20","60","","","false","2364","33100","0.36","1","2025-08-27","2026-06-02","2026-07-21","true","false","false","false","true","false","",""
"un fenwick","https://www.infoweb-manutention.fr/gerbeur/le-gerbeur-fenwick-tout-savoir-sur-cet-appareil/","4","10","10","21","0","+11","true","260","260","0.93","0.56","2025-07-25","2026-06-06","2026-06-06","true","false","false","false","false","false","",""
"caces fenwick","https://www.infoweb-manutention.fr/gerbeur/le-gerbeur-fenwick-tout-savoir-sur-cet-appareil/","4","14","14","33","","","false","720","720","0.93","0.1","2025-07-25","2026-03-10","2026-06-19","","","","","","","",""
"parkside outillage","https://www.infoweb-manutention.fr/outillage/parksidelidl-bricolage/","3","30","30","42","","","false","2900","2900","0.23","1","2026-02-12","2026-02-13","2026-07-05","true","false","false","false","false","false","",""
"fenwick gerbeur","https://www.infoweb-manutention.fr/gerbeur/le-gerbeur-fenwick-tout-savoir-sur-cet-appareil/","3","9","9","30","0","+21","true","140","140","1.85","1","2025-07-28","2026-06-04","2026-06-04","true","false","true","false","false","false","",""
"outil parkside","https://www.infoweb-manutention.fr/outillage/parksidelidl-bricolage/","2","36","36","36","","","false","6231","9900","0.22","1","2026-02-16","2026-02-16","2026-06-17","false","false","true","false","false","false","",""
"norme passage chariot élévateur","https://www.infoweb-manutention.fr/chariot-elevateur/norme-passage-chariot-elevateur-tout-savoir/","2","1","1","4","0","+3","true","10","10","","0","2025-07-24","2026-01-24","2026-01-24","true","false","false","false","false","false","",""
"classement constructeur chariot élévateur","https://www.infoweb-manutention.fr/chariot-elevateur/classement-des-marques-chariot-elevateur/","2","0","0","0","","","false","10","10","1.2815","0.2487","2025-07-24","2026-01-19","2026-06-28","true","false","false","false","false","false","",""
"gerbeurs fenwick","https://www.infoweb-manutention.fr/gerbeur/le-gerbeur-fenwick-tout-savoir-sur-cet-appareil/","2","18","18","28","0","+10","true","480","480","1.58","1","2025-10-25","2026-04-12","2026-04-12","","","","","","","",""
"parkside lidl","https://www.infoweb-manutention.fr/outillage/parksidelidl-bricolage/","2","44","30","36","","","false","11000","12100","0.08","1","2025-07-24","2026-03-06","2026-07-19","true","true","false","false","false","true","",""
"chariot elevateur fenwick","https://www.infoweb-manutention.fr/chariot-elevateur/fenwick-chariot-elevateur-prix-ce-quil-faut-savoir/","2","20","20","37","0","+17","true","536","590","1.17","1","2025-07-24","2026-03-09","2026-03-09","false","false","true","false","false","false","",""
"passage de fourche standard","https://www.infoweb-manutention.fr/chariot-elevateur/norme-passage-chariot-elevateur-tout-savoir/","2","5","5","5","","","false","40","40","","1","2025-12-09","2025-12-09","2026-04-12","","","","","","","",""
"lidl outillage","https://www.infoweb-manutention.fr/outillage/parksidelidl-bricolage/","1","39","28","28","","","false","4500","6600","0.1","1","2025-07-25","2026-02-10","2026-07-06","true","true","false","false","false","true","",""
"bac de rétention légifrance","https://www.infoweb-manutention.fr/btp/8-conseils-choisir-bacs-de-retention/","1","3","3","3","","","false","20","20","4.7495","0.4545","2025-12-22","2025-12-22","2026-06-23","","","","","","","",""
"classement constructeur chariot elevateur","https://www.infoweb-manutention.fr/chariot-elevateur/classement-des-marques-chariot-elevateur/","1","5","0","0","","","false","30","30","1.2815","0.2487","2025-07-30","2026-01-19","2026-06-26","true","false","false","false","false","false","",""
"rolls preparation de commande","https://www.infoweb-manutention.fr/rayonnage/roll-picking-preparation-facilitee/","1","10","9","11","","","false","70","70","1.06","1","2026-06-03","2026-06-16","2026-07-23","true","false","false","false","false","false","",""
"classement marques chariot élévateur","https://www.infoweb-manutention.fr/chariot-elevateur/classement-des-marques-chariot-elevateur/","1","0","0","0","0","0","true","5","50","0.71","0.17","2025-07-24","2026-01-19","2026-01-19","true","false","false","false","false","false","",""
"fenwick caces 5","https://www.infoweb-manutention.fr/gerbeur/le-gerbeur-fenwick-tout-savoir-sur-cet-appareil/","1","13","13","40","0","+27","true","110","110","0.11","0.35","2025-09-03","2026-06-04","2026-06-04","","","","","","","",""
"lidl jardinage","https://www.infoweb-manutention.fr/outillage/parksidelidl-bricolage/","1","33","33","33","","","false","1727","1600","0.1","1","2026-03-02","2026-03-02","2026-04-19","true","false","false","false","false","true","",""
"diable pliant castorama","https://www.infoweb-manutention.fr/manutention/chariot-diable/","1","18","18","18","","","false","170","170","0.2","1","2025-10-21","2025-10-21","2026-06-11","false","true","false","false","false","true","",""
"ascenseur magnetique","https://www.infoweb-manutention.fr/produit/elevateur-magnetique-a-aimant-en-acier-capacite-poids-1000-kg/","1","8","8","8","","","false","27","30","","0.981","2025-08-12","2025-08-12","2025-12-21","true","false","true","false","false","false","",""
"hauteur des fourches chariot élévateur en circulation","https://www.infoweb-manutention.fr/chariot-elevateur/norme-passage-chariot-elevateur-tout-savoir/","1","17","8","8","9","-9","true","140","140","0.88","0.09","2025-07-24","2026-05-29","2026-05-29","true","false","false","false","true","false","",""
"fenwick caces 3","https://www.infoweb-manutention.fr/gerbeur/le-gerbeur-fenwick-tout-savoir-sur-cet-appareil/","1","15","15","41","","","false","110","110","0.45","0.99","2025-10-15","2026-03-10","2026-05-30","","","","","","","",""
"chariot elevateur manuel","https://www.infoweb-manutention.fr/manutention/chariot-elevateur-manuel/","1","30","30","30","0","0","true","436","480","1.39","1","2025-07-25","2026-03-01","2026-03-01","false","false","true","false","false","false","",""
"chariot picking logistique","https://www.infoweb-manutention.fr/rayonnage/roll-picking-preparation-facilitee/","0","16","16","69","","","false","110","110","2.79","1","2025-12-23","2026-06-09","2026-07-20","true","false","false","false","false","false","",""
"diable 3 roues castorama","https://www.infoweb-manutention.fr/manutention/chariot-diable/","0","19","19","19","","","false","140","140","0.26","1","2025-10-29","2025-10-29","2026-06-02","false","true","false","false","false","true","",""
"chariot palan","https://www.infoweb-manutention.fr/chariot-porte-palan/","0","23","21","52","","","false","260","260","0.83","1","2025-08-15","2025-09-25","2026-06-13","false","false","true","false","false","false","",""
"marque chariot élévateur","https://www.infoweb-manutention.fr/entreprise/le-classement-marques-chariot-elevateur-avis-et-comparatifs/","0","20","7","16","13","-4","true","140","140","1.51","0.88","2025-07-24","2026-05-18","2026-05-18","","","","","","","",""
"outils parkside lidl","https://www.infoweb-manutention.fr/outillage/parksidelidl-bricolage/","0","28","28","28","","","false","320","320","0.55","1","2026-02-18","2026-02-18","2026-06-13","true","false","false","false","false","false","",""
"chariot elevateur au gaz","https://www.infoweb-manutention.fr/produit/chariot-elevateur-a-gaz-2t/","0","24","24","50","0","+26","true","260","260","1.66","1","2025-07-28","2026-05-16","2026-05-16","true","false","true","false","false","false","",""
"prix d'un fenwick","https://www.infoweb-manutention.fr/chariot-elevateur/fenwick-chariot-elevateur-prix-ce-quil-faut-savoir","0","29","27","27","","","false","320","320","0.96","1","2025-08-10","2025-11-14","2026-06-15","true","false","true","false","false","false","",""
"outillage catalogue lidl","https://www.infoweb-manutention.fr/outillage/parksidelidl-bricolage/","0","21","21","21","","","false","210","210","0.31","1","2026-02-12","2026-02-12","2026-06-07","true","false","false","false","false","true","",""
"chariot élévateur gaz","https://www.infoweb-manutention.fr/categorie/chariot-elevateur-gaz/","0","25","24","48","","","false","260","260","4.32","0.91","2025-07-25","2026-06-23","2026-07-23","true","false","true","false","false","false","",""
"chariot elevateur heli","https://www.infoweb-manutention.fr/chariotelevateur-heli/","0","12","12","12","0","0","true","50","50","0.8928","0.9569","2025-12-23","2025-12-23","2025-12-23","true","false","true","true","true","false","",""
"table elevatrice moto","https://www.infoweb-manutention.fr/levage-nacelles-tables-elevatrices/tables-elevatrices-moto/","0","46","46","46","","","false","2636","2900","0.59","1","2025-07-25","2025-07-25","2026-06-18","false","false","true","false","false","false","",""
"itm logistique","https://www.infoweb-manutention.fr/entreprise/itm-logistique-alimentaire-international/","0","29","29","35","0","+6","true","260","260","3.78","0.01","2025-08-15","2026-05-16","2026-05-16","true","false","false","false","false","false","",""
"fenwick caces 1","https://www.infoweb-manutention.fr/gerbeur/le-gerbeur-fenwick-tout-savoir-sur-cet-appareil/","0","18","18","43","","","false","90","90","0.14","0.11","2025-07-24","2026-01-06","2026-01-24","true","false","false","false","false","false","",""
"fonctionnement palan","https://www.infoweb-manutention.fr/treuil-palonnier/palan-a-chaine-guide-conseils-dachat/","0","14","14","14","","","false","50","50","0.0706","0.2581","2025-08-14","2025-08-14","2025-12-22","","","","","","","",""
"parkside jardinage","https://www.infoweb-manutention.fr/outillage/parksidelidl-bricolage/","0","27","27","27","","","false","170","170","0.25","1","2025-07-24","2025-07-24","2026-05-01","true","false","false","false","false","false","",""
"bricolage liddle","https://www.infoweb-manutention.fr/outillage/parksidelidl-bricolage/","0","34","34","34","","","false","590","590","0.21","0.98","2025-08-07","2025-08-07","2026-03-17","true","false","false","false","false","false","",""
"huile hydraulique chariot elevateur","https://www.infoweb-manutention.fr/chariot-elevateur/choix-de-lhuile-hydraulique-pour-chariot-elevateur/","0","12","3","3","9","-9","true","30","30","0.6867","1","2025-08-11","2025-12-21","2025-12-21","","","","","","","",""
"itm logistique international","https://www.infoweb-manutention.fr/table-elevatrice/itm-logistique-alimentaire-international/","0","31","17","30","14","-1","true","480","480","","","2025-10-04","2026-02-28","2026-02-28","true","false","false","false","false","false","",""
"itm","https://www.infoweb-manutention.fr/table-elevatrice/itm-logistique-alimentaire-international/","0","49","49","49","","","false","1700","4400","0.93","0.02","2025-07-31","2025-07-31","2026-07-08","true","false","false","false","false","false","",""
"diable entrepot du bricolage","https://www.infoweb-manutention.fr/manutention/chariots-manuels-diables/les-diables-pour-votre-entrepot/","0","20","20","22","0","+2","true","70","70","0.71","1","2026-05-07","2026-05-09","2026-05-09","false","true","false","false","false","true","",""
"marque de chariot elevateur","https://www.infoweb-manutention.fr/chariot-elevateur/classement-des-marques-chariot-elevateur/","0","22","8","11","14","-11","true","110","110","1.51","0.91","2025-07-25","2026-05-31","2026-05-31","","","","","","","",""
"chariot caces 1 fenwick","https://www.infoweb-manutention.fr/gerbeur/le-gerbeur-fenwick-tout-savoir-sur-cet-appareil/","0","17","17","41","","","false","50","50","0.19","0.99","2025-07-25","2026-01-06","2026-01-24","true","false","false","false","false","false","",""
"palan electrique parkside lidl","https://www.infoweb-manutention.fr/outillage/parksidelidl-bricolage/","0","16","16","16","","","false","45","50","0.21","1","2025-07-28","2025-07-28","2026-01-19","true","false","false","false","false","false","",""
"heli","https://www.infoweb-manutention.fr/chariotelevateur-heli/","0","50","12","12","","","false","1600","1600","","","2025-08-17","2026-02-15","2026-07-08","true","false","false","false","false","true","",""
"parkside liddle","https://www.infoweb-manutention.fr/outillage/parksidelidl-bricolage/","0","41","33","33","","","false","1100","9900","0.1","1","2025-07-25","2026-02-28","2026-07-19","true","false","false","false","false","false","","parkside lidl"
"table elevatrice moto france manutention","https://www.infoweb-manutention.fr/levage-nacelles-tables-elevatrices/tables-elevatrices-moto/","0","9","9","9","","","false","10","10","0.1472","1","2025-08-21","2025-08-21","2026-01-25","false","false","true","false","false","false","",""
"marque de transpalette","https://www.infoweb-manutention.fr/transpalette/5-meilleures-marques-de-transpalettes-comparatif-detaille/","0","11","11","11","","","false","20","20","1.0568","1","2025-12-23","2025-12-23","2025-12-24","","","","","","","",""
"largeur allée de circulation chariot élévateur","https://www.infoweb-manutention.fr/chariot-elevateur/norme-passage-chariot-elevateur-tout-savoir/","0","18","6","9","12","-9","true","50","50","0.92","0.01","2025-07-24","2026-01-24","2026-01-24","true","false","false","false","false","false","",""
"différence entre décennale et dommage ouvrage","https://www.infoweb-manutention.fr/entreprise/assurance-decennale-et-dommage-ouvrage/","0","24","24","24","","","false","110","110","0.02","0.03","2025-09-04","2025-09-04","2026-06-11","true","false","false","false","false","false","",""
"chariot gaz","https://www.infoweb-manutention.fr/categorie/chariot-elevateur-gaz/","0","25","25","54","0","+29","true","110","110","0.8","1","2025-07-25","2026-06-02","2026-06-02","true","false","true","false","false","false","",""
"table élévatrice moto france manutention","https://www.infoweb-manutention.fr/levage-nacelles-tables-elevatrices/tables-elevatrices-moto/","0","10","10","10","","","false","10","10","0.4972","1","2025-08-21","2025-08-21","2026-01-25","false","false","true","false","false","false","",""
"castorama diable 3 en 1","https://www.infoweb-manutention.fr/manutention/chariot-diable/","0","22","22","22","0","0","true","90","90","","1","2025-12-02","2025-12-02","2025-12-02","","","","","","","",""
"catalogue bricolage lidl","https://www.infoweb-manutention.fr/outillage/parksidelidl-bricolage/","0","43","43","43","","","false","1008","12100","0.23","0.05","2026-03-01","2026-03-01","2026-07-22","true","false","false","false","false","true","",""
"catalogue lidl bricolage","https://www.infoweb-manutention.fr/outillage/parksidelidl-bricolage/","0","43","43","85","","","false","1008","14800","0.24","0.05","2026-02-11","2026-02-14","2026-07-18","","","","","","","",""
"chariot à gaz","https://www.infoweb-manutention.fr/categorie/chariot-elevateur-gaz/","0","26","26","56","0","+30","true","110","110","0.76","1","2025-07-25","2026-05-29","2026-05-29","false","false","true","false","false","false","",""
"ce fenwick","https://www.infoweb-manutention.fr/project/fenwick/","0","26","19","19","","","false","110","110","0.82","0.01","2025-07-31","2025-08-08","2026-06-10","true","false","false","false","false","false","",""
"fenwick","https://www.infoweb-manutention.fr/gerbeur/le-gerbeur-fenwick-tout-savoir-sur-cet-appareil/","0","73","21","26","","","false","15600","27100","0.83","0.91","2025-07-25","2025-12-17","2026-07-22","true","false","false","false","false","false","",""
"aimant 400 kg","https://www.infoweb-manutention.fr/produit/aimant-de-levage-magnetique-400kg/","0","16","9","9","","","false","36","40","0.48","1","2025-08-17","2025-12-24","2026-06-25","false","false","true","false","false","false","",""
"fenwick electrique","https://www.infoweb-manutention.fr/chariot-elevateur/fenwick-chariot-elevateur-prix-ce-quil-faut-savoir","0","34","34","39","","","false","390","390","1.29","1","2025-08-21","2025-09-25","2026-06-14","true","false","false","false","false","false","",""
"diable pliable castorama","https://www.infoweb-manutention.fr/manutention/chariot-diable/","0","27","27","27","","","false","110","110","0.73","1","2025-12-13","2025-12-13","2026-05-29","false","true","false","false","false","true","",""
"remorques pour voiture","https://www.infoweb-manutention.fr/accessoire/les-remorques-pour-voitures-lesquelles-choisir/","0","54","54","54","","","false","2364","33100","0.36","1","2025-08-26","2025-08-26","2026-07-18","true","false","true","false","false","false","",""
"achat diable castorama","https://www.infoweb-manutention.fr/manutention/chariot-diable/","0","18","18","18","0","0","true","40","40","0.396","1","2025-12-03","2025-12-03","2025-12-03","","","","","","","",""
"palans électriques 220v","https://www.infoweb-manutention.fr/produit/treuil-electrique-palan-220-v-avec-un-cable-de-15-m","0","32","32","63","","","false","320","320","1.11","1","2025-07-25","2025-09-25","2026-06-08","false","false","true","false","false","false","",""
"aimant 1000 kg","https://www.infoweb-manutention.fr/produit/aimant-de-levage-magnetique-1000-kg/","0","25","12","13","","","false","90","90","0.45","1","2025-08-07","2026-01-06","2026-02-05","false","false","true","false","false","false","",""
"ascenseur magnétique","https://www.infoweb-manutention.fr/produit/elevateur-magnetique-a-aimant-en-acier-capacite-poids-1000-kg/","0","7","7","7","","","false","5","30","","0.981","2025-08-14","2025-08-14","2025-12-25","true","false","true","false","false","false","",""
"palan fonctionnement","https://www.infoweb-manutention.fr/treuil-palonnier/palan-a-chaine-guide-conseils-dachat/","0","16","16","16","","","false","30","30","","0.4598","2025-08-14","2025-08-14","2025-12-22","","","","","","","",""
"fabricant chariot","https://www.infoweb-manutention.fr/fabricants-chariots-elevateurs/","0","22","21","36","","","false","70","70","0.8053","0.18","2025-08-11","2026-06-13","2026-07-23","true","false","true","false","true","false","",""
"lidl outils","https://www.infoweb-manutention.fr/outillage/parksidelidl-bricolage/","0","41","41","41","","","false","720","720","0.19","0.99","2026-02-14","2026-02-14","2026-04-27","true","false","false","false","false","true","",""
"documents obligatoires chariot elevateur","https://www.infoweb-manutention.fr/caces-chariot-elevateur-guide-complet/","0","27","22","80","5","+53","true","90","90","","0.21","2025-09-08","2026-01-28","2026-01-28","true","false","false","false","false","false","",""
"documents obligatoires chariot élévateur","https://www.infoweb-manutention.fr/caces-chariot-elevateur-guide-complet/","0","20","20","59","0","+39","true","40","40","","0.01","2025-07-27","2026-01-24","2026-01-24","true","false","false","false","false","false","",""
"caces 5 fenwick","https://www.infoweb-manutention.fr/gerbeur/le-gerbeur-fenwick-tout-savoir-sur-cet-appareil/","0","20","20","20","","","false","40","40","","0.0346","2025-11-15","2025-11-15","2026-01-04","","","","","","","",""
"infoweb","https://www.infoweb-manutention.fr/","0","23","23","23","0","0","true","70","70","","","2026-05-05","2026-05-05","2026-05-05","","","","","","","",""
"largeur chariot elevateur","https://www.infoweb-manutention.fr/chariot-elevateur/norme-passage-chariot-elevateur-tout-savoir/","0","23","23","24","","","false","70","70","0.9","0.82","2025-07-25","2025-09-25","2026-01-19","true","false","true","false","false","false","",""
"quelle huile hydraulique pour chariot élévateur","https://www.infoweb-manutention.fr/chariot-elevateur/choix-de-lhuile-hydraulique-pour-chariot-elevateur/","0","14","1","1","13","-13","true","20","20","0.1483","0.9929","2025-08-15","2025-12-22","2025-12-22","","","","","","","",""
"treuil electrique telecommande sans fil","https://www.infoweb-manutention.fr/produit/treuil-a-cable-electrique-150kg-300kg-telecommande-sans-fill/","0","28","14","25","","","false","82","90","0.63","1","2025-07-28","2025-09-08","2026-01-19","false","false","true","true","false","false","",""
"fenwick caces","https://www.infoweb-manutention.fr/gerbeur/le-gerbeur-fenwick-tout-savoir-sur-cet-appareil/","0","41","19","29","22","-12","true","590","590","1.15","0.11","2025-09-03","2026-04-27","2026-04-27","","","","","","","",""
"largeur chariot élévateur","https://www.infoweb-manutention.fr/chariot-elevateur/norme-passage-chariot-elevateur-tout-savoir/","0","26","13","15","","","false","70","70","1.16","0.94","2025-07-24","2025-09-24","2026-01-19","true","false","false","false","false","false","",""
"chariots diables","https://www.infoweb-manutention.fr/manutention/chariot-diable/","0","53","48","48","","","false","1600","1600","1.38","1","2025-08-02","2025-09-08","2026-06-18","false","false","true","false","false","false","",""
"chariot elevateur gaz","https://www.infoweb-manutention.fr/categorie/chariot-elevateur-gaz/","0","35","33","41","","","false","260","260","2.9","1","2025-07-25","2026-03-10","2026-06-07","true","false","true","false","false","false","",""
"prix assurance chariot élévateur","https://www.infoweb-manutention.fr/chariot-elevateur/tout-savoir-sur-lassurance-des-chariots-elevateurs/","0","11","8","8","","","false","10","10","2.61","0.4","2025-12-27","2025-12-28","2026-07-21","true","false","false","false","false","false","",""
"assurance chariot élévateur","https://www.infoweb-manutention.fr/chariot-elevateur/tout-savoir-sur-lassurance-des-chariots-elevateurs/","0","20","4","4","","","false","30","30","7.4","0.44","2025-11-16","2026-05-17","2026-07-21","true","false","false","false","false","false","",""
"castorama diable 3 roues","https://www.infoweb-manutention.fr/manutention/chariot-diable/","0","20","20","20","0","0","true","30","30","0.3341","1","2025-12-03","2025-12-03","2025-12-03","","","","","","","",""
"lidl parkside","https://www.infoweb-manutention.fr/outillage/parksidelidl-bricolage/","0","62","62","62","","","false","3400","6600","0.07","1","2026-02-11","2026-02-11","2026-07-05","false","false","false","false","false","true","",""
"pont industriel","https://www.infoweb-manutention.fr/levage/levage-ponts-roulants-potences/","0","25","25","25","","","false","58","70","3.3","0.01","2025-08-11","2025-08-11","2026-02-07","","","","","","","",""
"consigne de sécurité pont roulant","https://www.infoweb-manutention.fr/pont-roulant/guide-sur-la-securite-des-ponts-roulants/","0","30","21","21","","","false","70","70","","1","2025-12-11","2026-01-12","2026-07-12","true","false","false","false","false","false","",""
"petit élévateur manuel","https://www.infoweb-manutention.fr/manutention/chariot-elevateur-manuel/","0","30","30","37","","","false","70","70","0.45","1","2025-07-25","2025-09-25","2026-01-25","false","false","true","true","false","false","",""
"chariot elevateur dimensions","https://www.infoweb-manutention.fr/chariot-elevateur/norme-passage-chariot-elevateur-tout-savoir/","0","30","28","28","","","false","70","70","1.19","1","2025-09-03","2025-09-24","2026-01-24","true","false","false","false","false","false","",""
"casse pour chariot élévateur","https://www.infoweb-manutention.fr/chariot-elevateur/tout-savoir-sur-lassurance-des-chariots-elevateurs/","0","30","30","30","","","false","70","70","0.92","0.17","2025-09-24","2025-09-24","2026-01-24","","","","","","","",""
"chariot elevateur 5","https://www.infoweb-manutention.fr/produit/chariot-elevateur-a-gaz-5t/","0","39","39","39","","","false","260","260","0.28","1","2026-01-04","2026-01-04","2026-06-07","true","false","false","false","false","false","",""
"chariot elevateur 4x4","https://www.infoweb-manutention.fr/produit/chariot-elevateur-diesel-4x4-2t","0","24","23","23","","","false","50","50","0.78","0.98","2025-07-25","2025-09-25","2026-01-25","false","false","true","false","false","false","",""
"fabricant chariot de manutention","https://www.infoweb-manutention.fr/fabricants-chariots-elevateurs/","0","22","21","33","","","false","40","40","3.32","0.43","2025-08-17","2026-06-11","2026-07-23","true","false","false","false","false","false","",""
"table pour moto","https://www.infoweb-manutention.fr/levage-nacelles-tables-elevatrices/tables-elevatrices-moto/","0","46","46","46","","","false","480","480","0.32","1","2025-07-25","2025-07-25","2026-04-18","false","false","true","false","false","false","",""
"pont roulant portique","https://www.infoweb-manutention.fr/pont-roulant/6-avantages-du-pont-roulant-a-portique/","0","28","28","29","","","false","50","50","0.054","1","2025-08-27","2025-10-01","2026-02-07","true","false","false","false","false","false","",""
"fonctionnement palan à chaine","https://www.infoweb-manutention.fr/treuil-palonnier/palan-a-chaine-guide-conseils-dachat/","0","28","28","28","","","false","50","50","0.1067","1","2025-08-11","2025-08-11","2025-12-21","","","","","","","",""
"gerbeur electrique fenwick","https://www.infoweb-manutention.fr/gerbeur/le-gerbeur-fenwick-tout-savoir-sur-cet-appareil/","0","31","20","27","11","-4","true","140","140","2.37","1","2025-07-28","2026-05-15","2026-05-15","true","false","true","false","false","false","",""
"diable chariot castorama","https://www.infoweb-manutention.fr/manutention/chariot-diable/","0","29","29","29","0","0","true","50","50","0.4912","1","2025-12-13","2025-12-13","2025-12-13","","","","","","","",""
"palan electrique 1000 kg","https://www.infoweb-manutention.fr/produit/palan-electrique-500-1000-kg-treuil-palan-a-chaine-a-levier-1800-w/","0","38","38","44","","","false","191","210","1.1","1","2025-07-28","2025-08-15","2026-05-10","false","false","true","false","false","false","",""
"treuil electrique avec telecommande sans fil","https://www.infoweb-manutention.fr/produit/treuil-a-cable-electrique-150kg-300kg-telecommande-sans-fill/","0","27","22","23","","","false","45","50","0.67","1","2025-07-28","2025-09-08","2026-01-19","false","false","true","true","false","false","",""
"chariot de palan","https://www.infoweb-manutention.fr/chariot-porte-palan/","0","25","25","54","","","false","40","40","0.9","0.96","2025-07-25","2025-09-25","2026-01-25","false","false","true","true","false","false","",""
"palan à chaîne principe de fonctionnement","https://www.infoweb-manutention.fr/treuil-palonnier/palan-a-chaine-guide-conseils-dachat/","0","25","25","25","","","false","40","40","","0.2381","2025-08-13","2025-08-13","2025-12-22","","","","","","","",""
"lidl en ligne parkside","https://www.infoweb-manutention.fr/outillage/parksidelidl-bricolage/","0","36","36","36","","","false","170","170","0.14","1","2025-07-24","2025-07-24","2026-06-10","true","false","false","false","false","true","",""
"outil de jardin lidl","https://www.infoweb-manutention.fr/outillage/parksidelidl-bricolage/","0","37","37","37","","","false","170","170","0.21","1","2025-07-24","2025-07-24","2026-05-31","true","false","false","false","false","true","",""
"palan","https://www.infoweb-manutention.fr/categorie/palan-treuils/","0","82","73","73","","","false","13455","14800","0.55","1","2025-08-01","2025-08-12","2026-07-08","true","false","false","false","false","false","",""
"chariot à gaz dans entrepôt","https://www.infoweb-manutention.fr/categorie/chariot-elevateur-gaz/","0","14","14","14","","","false","10","10","3.05","0.02","2025-08-18","2025-08-18","2026-07-09","true","false","false","false","false","false","",""
"garantie parkside","https://www.infoweb-manutention.fr/outillage/parksidelidl-bricolage/","0","53","53","53","","","false","880","880","0.38","0.01","2026-03-01","2026-03-01","2026-06-17","","","","","","","",""
"ponts roulant","https://www.infoweb-manutention.fr/levage/levage-ponts-roulants-potences/","0","74","57","74","","","false","5500","6600","1.89","0.2","2025-07-24","2026-03-15","2026-07-05","true","false","false","false","false","false","",""
"huile hydraulique pour transpalette","https://www.infoweb-manutention.fr/chariot-elevateur/choix-de-lhuile-hydraulique-pour-chariot-elevateur/","0","22","22","22","0","0","true","30","30","0.1766","1","2025-12-14","2025-12-14","2025-12-14","","","","","","","",""
"gerbeur électrique fenwick","https://www.infoweb-manutention.fr/gerbeur/le-gerbeur-fenwick-tout-savoir-sur-cet-appareil/","0","35","18","25","","","false","140","140","2.37","1","2025-10-21","2026-03-19","2026-06-05","true","false","true","false","false","false","",""
"diable 150 kg castorama","https://www.infoweb-manutention.fr/manutention/chariot-diable/","0","23","23","23","0","0","true","30","30","0.1159","1","2025-12-05","2025-12-05","2025-12-05","","","","","","","",""
"jardinage lidl","https://www.infoweb-manutention.fr/outillage/parksidelidl-bricolage/","0","36","36","36","","","false","140","140","0.16","0.96","2026-03-04","2026-03-04","2026-05-05","true","false","false","false","false","false","",""
"treuil de halage electrique 220v","https://www.infoweb-manutention.fr/produit/treuil-electrique-palan-220-v-avec-un-cable-de-15-m","0","29","29","29","0","0","true","40","40","0.678","1","2025-12-22","2025-12-22","2025-12-22","","","","","","","",""
"gerbeur fenwick","https://www.infoweb-manutention.fr/gerbeur/le-gerbeur-fenwick-tout-savoir-sur-cet-appareil/","0","42","18","26","","","false","300","480","1.58","1","2025-07-28","2026-01-09","2026-06-12","true","false","true","false","false","false","",""
"type de remorque voiture","https://www.infoweb-manutention.fr/accessoire/les-remorques-pour-voitures-lesquelles-choisir/","0","15","15","15","0","0","true","10","10","0.071","0.9664","2026-05-18","2026-05-18","2026-05-18","true","false","false","false","true","false","",""
"palans à chaîne","https://www.infoweb-manutention.fr/treuil-palonnier/palan-a-chaine-guide-conseils-dachat/","0","51","51","51","","","false","720","720","0.67","1","2026-01-12","2026-01-12","2026-04-29","false","false","true","false","false","false","",""
"fiche technique chariot élévateur fenwick","https://www.infoweb-manutention.fr/gerbeur/le-gerbeur-fenwick-tout-savoir-sur-cet-appareil/","0","37","37","37","","","false","140","140","0.65","0.1","2025-11-02","2025-11-02","2026-05-04","true","false","false","false","false","false","",""
"transpalette gerbeur","https://www.infoweb-manutention.fr/manutention/transpalettes/","0","50","50","60","","","false","390","390","2.67","1","2025-07-24","2025-09-03","2026-05-19","true","false","false","false","false","false","",""
"marque chariot elevateur","https://www.infoweb-manutention.fr/chariot-elevateur/classement-des-marques-chariot-elevateur/","0","32","8","18","24","-14","true","110","110","2.55","0.74","2025-07-24","2026-05-10","2026-05-10","true","false","false","false","false","false","",""
"prix d'un chariot élévateur neuf","https://www.infoweb-manutention.fr/chariot-elevateur/quel-prix-pour-un-prix-chariot-elevateur-neuf-noatre-avis/","0","16","16","16","0","0","true","10","10","1.1404","1","2025-12-15","2025-12-15","2025-12-15","","","","","","","",""
"lidl catalogue bricolage","https://www.infoweb-manutention.fr/outillage/parksidelidl-bricolage/","0","82","64","64","","","false","10083","12100","0.23","0.05","2026-02-25","2026-02-28","2026-07-22","true","false","false","false","false","true","",""
"hubs logistiques","https://www.infoweb-manutention.fr/table-elevatrice/comment-les-entrepots-logistiques-hubs-stimulent-la-croissance-economique-et-le-developpementhow-entrepot-logistique-hubs-drive-economic-growth-and-development/","0","42","38","38","","","false","260","260","5.67","0.13","2025-08-02","2025-12-31","2026-05-12","true","false","false","false","false","false","",""
"caces élévateur","https://www.infoweb-manutention.fr/caces-chariot-elevateur-guide-complet/","0","35","35","35","","","false","110","110","0.75","0.07","2025-11-16","2025-11-16","2026-05-05","true","false","false","false","false","false","",""
"table jardinage lidl","https://www.infoweb-manutention.fr/outillage/parksidelidl-bricolage/","0","49","49","49","","","false","320","320","0.21","1","2026-02-25","2026-02-25","2026-06-15","true","false","false","false","false","true","",""
"prise de poste caces 3","https://www.infoweb-manutention.fr/chariot-elevateur/caces-chariot-elevateur-que-dois-je-savoir/","0","44","44","44","","","false","260","260","0.87","0.02","2025-12-21","2025-12-21","2026-05-31","true","false","false","false","false","false","",""
"nacelle","https://www.infoweb-manutention.fr/nacelles-elevatrices/","0","94","75","75","","","false","24636","27100","0.42","0.78","2025-09-10","2025-11-06","2026-07-23","true","false","false","false","false","false","",""
"comment recharger un transpalette electrique","https://www.infoweb-manutention.fr/transpalette/securite-incendie-precautions-transpalettes-electriques/","0","28","28","31","","","false","30","30","0.9414","1","2025-08-23","2025-09-09","2026-01-29","true","false","false","false","false","false","",""
"caces chariot élévateur","https://www.infoweb-manutention.fr/caces-chariot-elevateur-guide-complet/","0","70","70","76","","","false","1900","1900","1.07","0.15","2026-02-13","2026-03-17","2026-07-06","true","false","false","false","false","false","",""
"chariot elevateur diesel","https://www.infoweb-manutention.fr/categorie/chariot-elevateur-diesel/","0","32","32","36","","","false","90","90","1.18","1","2025-07-27","2025-09-25","2026-01-25","false","false","true","true","false","false","",""
"forum chariot elevateur","https://www.infoweb-manutention.fr/entreprise/le-classement-marques-chariot-elevateur-avis-et-comparatifs/","0","21","18","18","3","-3","true","20","20","","0.6494","2025-08-10","2025-12-20","2025-12-20","","","","","","","",""
"palan électrique 220v","https://www.infoweb-manutention.fr/produit/treuil-electrique-pa1200-palan-220-v-telecommande-avec-un-cable-de-15-m/","0","36","36","36","","","false","100","480","1.51","1","2026-03-12","2026-03-12","2026-06-13","true","false","true","false","false","false","",""
"palan electrique avec telecommande sans fil","https://www.infoweb-manutention.fr/produit/treuil-a-cable-electrique-150kg-300kg-telecommande-sans-fill/","0","34","34","34","","","false","90","90","2.18","1","2025-07-28","2025-07-28","2026-01-28","false","false","true","false","false","false","",""
"treuil manuel 3t","https://www.infoweb-manutention.fr/produit/treuil-manuel-3-2-t-treuil-de-main-corde-20-m/","0","40","6","6","","","false","110","110","1.07","1","2025-08-10","2026-04-12","2026-06-14","false","false","true","false","false","false","",""
"outils jardin lidl","https://www.infoweb-manutention.fr/outillage/parksidelidl-bricolage/","0","43","37","37","","","false","210","210","0.13","0.99","2025-07-30","2026-02-25","2026-05-13","true","false","false","false","false","false","",""
"prix fenwick neuf","https://www.infoweb-manutention.fr/chariot-elevateur/fenwick-chariot-elevateur-prix-ce-quil-faut-savoir","0","40","14","17","","","false","110","110","0.83","1","2025-07-27","2025-09-25","2026-05-28","true","false","false","false","false","false","",""
"chariot élévateur à gaz fonctionnement","https://www.infoweb-manutention.fr/produit/chariot-elevateur-a-gaz-2t/","0","24","24","26","","","false","20","20","","0.04","2025-07-24","2025-08-15","2026-01-24","true","false","false","false","false","false","",""
"examen d'adéquation pont roulant","https://www.infoweb-manutention.fr/pont-roulant/guide-sur-la-securite-des-ponts-roulants/","0","25","25","36","0","+11","true","20","20","1.9168","0.102","2025-08-20","2026-02-05","2026-02-05","true","false","false","false","false","false","",""
"prix chariot élévateur neuf","https://www.infoweb-manutention.fr/chariot-elevateur/quel-prix-pour-un-prix-chariot-elevateur-neuf-noatre-avis/","0","25","25","27","0","+2","true","20","20","2.1589","1","2025-12-06","2026-01-02","2026-01-02","","","","","","","",""
"aimant 300 kg pas cher","https://www.infoweb-manutention.fr/produit/elevateur-magnetique-a-aimant-en-acier-capacite-poids-300-kg/","0","20","20","20","","","false","10","10","","0.8571","2025-08-14","2025-08-14","2025-12-25","","","","","","","",""
"le caces est-il obligatoire","https://www.infoweb-manutention.fr/chariot-elevateur/est-il-obligatoire-davoir-un-caces/","0","41","41","61","","","false","170","170","0.7","0.04","2025-11-02","2025-11-06","2026-06-08","true","false","false","false","false","false","",""
"lidl outils parkside","https://www.infoweb-manutention.fr/outillage/parksidelidl-bricolage/","0","39","39","39","0","0","true","90","90","0.34","1","2026-02-15","2026-02-15","2026-02-15","true","false","false","false","false","true","",""
"chariot elevateur manuelle","https://www.infoweb-manutention.fr/manutention/chariot-elevateur-manuel/","0","53","8","22","45","-31","true","436","480","1.39","1","2025-07-28","2026-04-28","2026-04-28","false","false","true","false","false","false","chariot elevateur nacelle",""
"fiche technique chariot elevateur fenwick","https://www.infoweb-manutention.fr/gerbeur/le-gerbeur-fenwick-tout-savoir-sur-cet-appareil/","0","49","49","49","","","false","210","210","0.95","0.53","2025-11-04","2025-11-04","2026-05-29","true","false","false","false","false","true","",""
"décennale et dommage ouvrage","https://www.infoweb-manutention.fr/entreprise/assurance-decennale-et-dommage-ouvrage/","0","49","49","49","","","false","210","210","4.21","0.14","2025-09-01","2025-09-23","2026-05-28","true","false","false","false","false","false","",""
"prix bâtiment industriel 1000m2","https://www.infoweb-manutention.fr/btp/le-prix-de-la-renovation-de-locaux-et-entrepots-industriels/","0","43","43","43","","","false","170","170","2.7","1","2025-07-24","2025-07-24","2026-05-28","true","false","false","false","false","false","",""
"elevateur electrique","https://www.infoweb-manutention.fr/categorie/chariot-elevateur-electrique/","0","64","55","57","","","false","1056","1600","1.17","1","2025-08-20","2025-09-24","2026-04-29","false","false","true","false","false","false","",""
"table elevatrice moto electrique","https://www.infoweb-manutention.fr/levage-nacelles-tables-elevatrices/tables-elevatrices-moto/","0","40","40","40","","","false","82","90","0.56","1","2025-07-25","2025-07-25","2026-01-25","false","false","true","false","false","false","",""
"norme fourches de chariots élévateurs","https://www.infoweb-manutention.fr/chariot-elevateur/norme-passage-chariot-elevateur-tout-savoir/","0","37","37","37","0","0","true","70","70","2.37","0.8","2026-03-19","2026-03-19","2026-03-19","true","false","false","false","false","false","",""
"poutre de levage","https://www.infoweb-manutention.fr/produit/grue-de-levage-2t/","0","37","37","48","","","false","70","70","0.28","1","2025-07-25","2025-09-04","2026-01-25","true","false","true","true","false","false","",""
"porte palan","https://www.infoweb-manutention.fr/chariot-porte-palan/","0","22","22","42","0","+20","true","13","140","1.77","1","2025-08-15","2026-06-08","2026-06-08","true","false","true","false","false","false","",""
"portique pont roulant","https://www.infoweb-manutention.fr/levage/levage-ponts-roulants-potences/","0","31","17","18","","","false","50","50","2.69","1","2025-07-26","2025-10-01","2026-02-07","","","","","","","",""
"chariot pour palan","https://www.infoweb-manutention.fr/chariot-porte-palan/","0","57","15","49","","","false","390","390","1.11","1","2025-07-25","2026-03-10","2026-06-10","false","false","true","false","false","false","",""
"logistique internationale alimentaire","https://www.infoweb-manutention.fr/table-elevatrice/itm-logistique-alimentaire-international/","0","32","28","28","4","-4","true","50","50","3.31","0.18","2025-08-10","2025-12-20","2025-12-20","true","false","true","false","true","false","",""
"chariot castorama","https://www.infoweb-manutention.fr/manutention/chariot-diable/","0","57","57","57","","","false","390","390","0.69","1","2025-10-27","2025-10-27","2026-05-01","true","true","false","false","false","true","",""
"entraxe fourche chariot élévateur","https://www.infoweb-manutention.fr/chariot-elevateur/norme-passage-chariot-elevateur-tout-savoir/","0","32","32","44","","","false","50","50","0.92","0.71","2025-09-03","2025-09-24","2026-01-19","true","false","false","false","false","false","",""
"chariot à palette","https://www.infoweb-manutention.fr/manutention/transpalettes/","0","49","49","49","","","false","170","170","1.26","1","2025-09-23","2025-09-23","2026-05-21","","","","","","","",""
"dimensions chariot élévateur","https://www.infoweb-manutention.fr/chariot-elevateur/norme-passage-chariot-elevateur-tout-savoir/","0","44","26","26","","","false","140","140","0.95","0.9","2025-07-24","2026-03-12","2026-05-15","","","","","","","",""
"lidl outillage jardin","https://www.infoweb-manutention.fr/outillage/parksidelidl-bricolage/","0","58","58","58","","","false","400","590","0.16","1","2026-03-04","2026-03-04","2026-05-14","true","false","false","false","false","true","",""
"fenwick électrique","https://www.infoweb-manutention.fr/chariot-elevateur/fenwick-chariot-elevateur-prix-ce-quil-faut-savoir/","0","52","32","32","","","false","320","320","1.19","1","2025-07-25","2026-01-02","2026-05-29","true","false","false","false","false","false","",""
"pont roulant industriel","https://www.infoweb-manutention.fr/levage/levage-ponts-roulants-potences/","0","60","60","60","","","false","400","880","3.84","0.47","2025-11-01","2025-11-01","2026-06-08","true","false","false","false","false","false","",""
"diable chariot","https://www.infoweb-manutention.fr/manutention/chariot-diable/","0","52","52","52","","","false","300","3600","0.57","1","2026-03-17","2026-03-17","2026-07-06","true","false","false","false","false","false","",""
"palan electrique telecommande sans fil","https://www.infoweb-manutention.fr/produit/treuil-a-cable-electrique-150kg-300kg-telecommande-sans-fill/","0","32","32","32","","","false","45","50","0.99","1","2025-07-28","2025-07-28","2026-01-19","false","false","true","false","false","false","",""
"roll isotherme","https://www.infoweb-manutention.fr/stockage/roll-conteneur/","0","47","41","41","","","false","140","140","1.32","1","2026-06-13","2026-07-01","2026-07-23","true","false","false","false","false","false","",""
"nacelle élévatrice","https://www.infoweb-manutention.fr/acheter-ou-louer-une-nacelle-elevatrice/","0","72","72","86","","","false","1800","2900","0.54","1","2026-03-10","2026-03-12","2026-07-23","true","false","true","false","false","false","",""
"marque lidl outillage","https://www.infoweb-manutention.fr/outillage/parksidelidl-bricolage/","0","41","41","41","","","false","110","110","0.24","1","2026-02-15","2026-02-15","2026-06-15","true","false","false","false","false","false","",""
"fenwick caces 2","https://www.infoweb-manutention.fr/gerbeur/le-gerbeur-fenwick-tout-savoir-sur-cet-appareil/","0","21","18","25","3","+4","true","10","10","","0.06","2025-07-24","2026-01-24","2026-01-24","true","false","false","false","false","false","",""
"pont roulant manuel","https://www.infoweb-manutention.fr/table-elevatrice/levage-ponts-roulants-potences/pont-roulant-a-commande-manuelle/","0","35","24","24","11","-11","true","50","50","2.36","1","2025-08-05","2025-12-23","2025-12-23","false","false","true","false","false","false","",""
"largeur fourche chariot élévateur","https://www.infoweb-manutention.fr/chariot-elevateur/norme-passage-chariot-elevateur-tout-savoir/","0","35","31","31","","","false","50","50","0.85","0.97","2025-07-25","2025-09-03","2026-01-19","true","false","false","false","false","false","",""
"aimant magnétisme","https://www.infoweb-manutention.fr/produit/aimant-de-levage-magnetique-1000-kg/","0","74","74","74","","","false","1900","1900","0.54","1","2025-09-02","2025-09-02","2026-07-06","true","false","false","false","false","false","",""
"treuil manuel 2 tonnes","https://www.infoweb-manutention.fr/produit/treuil-manuel-3-2-t-treuil-de-main-corde-20-m/","0","56","54","54","","","false","320","320","0.31","1","2025-08-17","2025-09-04","2026-06-02","false","false","true","false","false","false","",""
"chariot electrique","https://www.infoweb-manutention.fr/categorie/chariot-elevateur-electrique/","0","73","73","73","","","false","1727","1900","0.78","1","2025-09-03","2025-09-03","2026-06-17","true","false","true","false","false","false","",""
"gamme parkside","https://www.infoweb-manutention.fr/outillage/parksidelidl-bricolage/","0","50","50","50","","","false","140","140","0.18","1","2026-02-18","2026-02-18","2026-05-14","true","false","false","false","false","false","",""
"transpalette elevateur","https://www.infoweb-manutention.fr/manutention/transpalettes/","0","62","38","38","","","false","655","720","2.72","1","2025-07-24","2026-01-06","2026-03-12","false","false","true","false","false","false","",""
"chariot électrique manutention","https://www.infoweb-manutention.fr/categorie/chariot-elevateur-electrique/","0","44","44","51","","","false","110","110","2.65","1","2025-08-13","2025-09-15","2026-05-29","","","","","","","",""
"chariots élévateur","https://www.infoweb-manutention.fr/entreprise/le-classement-marques-chariot-elevateur-avis-et-comparatifs/","0","73","58","73","","","false","1586","22200","1.6","1","2025-07-25","2026-03-23","2026-07-24","true","false","false","false","true","false","",""
"transpalettes gerbeurs","https://www.infoweb-manutention.fr/manutention/transpalettes/","0","61","48","48","","","false","590","590","4.03","1","2025-09-09","2026-03-09","2026-04-21","true","false","false","false","false","false","",""
"marque outillage lidl","https://www.infoweb-manutention.fr/outillage/parksidelidl-bricolage/","0","45","45","45","","","false","110","110","0.05","0.59","2026-02-26","2026-02-26","2026-06-08","true","false","false","false","false","false","",""
"fenwick prix","https://www.infoweb-manutention.fr/chariot-elevateur/fenwick-chariot-elevateur-prix-ce-quil-faut-savoir/","0","60","18","23","","","false","320","320","0.96","1","2025-07-25","2026-01-25","2026-06-04","true","false","true","false","false","false","",""
"treuil a corde manuel","https://www.infoweb-manutention.fr/produit/treuil-manuel-3-2-t-treuil-de-main-corde-20-m/","0","24","24","34","0","+10","true","10","10","0.2985","1","2025-11-05","2025-11-07","2025-11-07","false","false","true","true","false","false","",""
"location chariot elevateur loxam","https://www.infoweb-manutention.fr/manutention/chariot-elevateur/","0","39","39","39","0","0","true","50","50","3","0.52","2025-10-06","2025-10-06","2025-10-06","","","","","","","",""
"palan électrique avec télécommande sans fil","https://www.infoweb-manutention.fr/produit/treuil-a-cable-electrique-150kg-300kg-telecommande-sans-fill/","0","39","39","39","","","false","50","50","1.07","1","2025-09-05","2025-09-05","2026-01-26","false","false","true","true","false","false","",""
"chariot elevateur neuf","https://www.infoweb-manutention.fr/chariot-elevateur/quel-prix-pour-un-prix-chariot-elevateur-neuf-noatre-avis/","0","40","40","71","","","false","50","70","2.51","1","2025-08-21","2025-12-29","2026-01-24","false","false","true","false","false","false","",""
"chariot pliant castorama","https://www.infoweb-manutention.fr/manutention/chariot-diable/","0","30","30","30","","","false","13","140","0.44","0.99","2025-10-28","2025-10-28","2026-05-12","true","true","false","false","false","true","chariot pliable castorama",""
"tables élévatrices moto","https://www.infoweb-manutention.fr/levage-nacelles-tables-elevatrices/tables-elevatrices-moto/","0","25","25","57","","","false","10","10","0.59","1","2025-07-25","2025-09-25","2026-01-25","false","false","true","false","false","false","",""
"aimant de levage 500 kg","https://www.infoweb-manutention.fr/produit/aimant-de-levage-magnetique-capacite-de-levage-de-1500-kg/","0","34","34","34","","","false","40","40","1.0717","1","2025-08-07","2025-08-07","2026-02-05","false","false","true","false","false","false","",""
"lidl.de parkside","https://www.infoweb-manutention.fr/outillage/parksidelidl-bricolage/","0","21","21","21","","","false","8","90","","0.74","2025-07-28","2025-07-28","2026-01-22","true","false","false","false","false","false","",""
"poid fenwick","https://www.infoweb-manutention.fr/chariot-elevateur/fenwick-chariot-elevateur-prix-ce-quil-faut-savoir/","0","47","47","47","","","false","110","110","0.75","0.41","2026-03-21","2026-03-21","2026-05-16","true","false","false","false","false","true","",""
"parkside outil","https://www.infoweb-manutention.fr/outillage/parksidelidl-bricolage/","0","65","28","31","","","false","623","9900","0.22","1","2025-07-24","2026-03-03","2026-07-18","true","false","true","false","false","false","",""
"estimation bâtiment industriel","https://www.infoweb-manutention.fr/btp/le-prix-de-la-renovation-de-locaux-et-entrepots-industriels/","0","35","35","35","","","false","40","40","2.37","0.58","2025-07-24","2025-07-24","2026-01-24","true","false","false","false","false","false","",""
"chariot élévateurs","https://www.infoweb-manutention.fr/entreprise/le-classement-marques-chariot-elevateur-avis-et-comparatifs/","0","77","77","92","","","false","1586","22200","1.17","1","2026-02-21","2026-03-23","2026-07-21","true","false","false","false","true","false","",""
"porte entrepot","https://www.infoweb-manutention.fr/equipements-dentrepot/entrepot-abris-elements-dentrepot/","0","45","45","45","","","false","100","110","1.39","1","2025-07-24","2025-07-24","2026-06-17","true","false","false","false","false","false","",""
"lidl catalogue bricolage parkside","https://www.infoweb-manutention.fr/outillage/parksidelidl-bricolage/","0","65","65","65","","","false","590","590","0.26","0.08","2026-02-22","2026-02-22","2026-04-25","","","","","","","",""
"site parkside","https://www.infoweb-manutention.fr/outillage/parksidelidl-bricolage/","0","66","66","66","0","0","true","600","260","0.24","0.99","2026-02-16","2026-02-16","2026-02-16","","","","","","","",""
"outillage lidl parkside","https://www.infoweb-manutention.fr/outillage/parksidelidl-bricolage/","0","58","58","58","","","false","260","260","0.2","1","2026-02-14","2026-02-14","2026-05-16","","","","","","","",""
"palan 3 tonnes","https://www.infoweb-manutention.fr/produit/palan-a-chaine-3-tonnes/","0","58","58","58","","","false","260","260","0.95","1","2026-01-04","2026-01-04","2026-05-14","false","false","true","false","false","false","",""
"optimisation du stockage","https://www.infoweb-manutention.fr/stockage/","0","38","38","41","","","false","42","50","1.03","0.13","2025-09-04","2025-09-25","2026-01-16","true","false","false","false","false","false","",""
"treuil électrique télécommande sans fil","https://www.infoweb-manutention.fr/produit/treuil-a-cable-electrique-150kg-300kg-telecommande-sans-fill/","0","23","23","23","0","0","true","8","90","0.63","1","2025-11-04","2025-11-04","2025-11-04","true","false","true","true","false","false","",""
"palan à chaîne 3t","https://www.infoweb-manutention.fr/produit/palan-a-chaine-3-tonnes/","0","28","28","62","","","false","10","10","1.82","1","2025-07-25","2025-09-25","2026-01-25","false","false","true","true","false","false","",""
"levage magnetique","https://www.infoweb-manutention.fr/produit/aimant-de-levage-magnetique-400kg/","0","31","30","41","","","false","30","30","1.37","1","2025-07-25","2025-09-25","2026-01-25","true","false","true","false","false","false","",""
"loi chariot élévateur","https://www.infoweb-manutention.fr/chariot-elevateur/tout-savoir-sur-lassurance-des-chariots-elevateurs/","0","28","20","20","","","false","10","10","","","2025-07-25","2025-09-24","2026-01-24","true","false","false","false","false","false","",""
"différence entre dommage ouvrage et décennale","https://www.infoweb-manutention.fr/entreprise/assurance-decennale-et-dommage-ouvrage/","0","45","45","45","","","false","90","90","9.41","0.03","2025-09-09","2025-09-09","2026-07-16","true","false","false","false","false","false","",""
"palan electrique 1000 kg avec chariot","https://www.infoweb-manutention.fr/produit/palan-electrique-500-1000-kg-treuil-palan-a-chaine-a-levier-1800-w/","0","38","38","41","","","false","40","40","1.57","1","2025-07-28","2025-08-15","2026-01-28","false","false","true","true","false","false","",""
"batiment industriel a renover","https://www.infoweb-manutention.fr/btp/le-prix-de-la-renovation-de-locaux-et-entrepots-industriels/","0","31","31","31","","","false","30","30","0.81","0.63","2025-07-24","2025-07-24","2026-01-24","true","false","true","false","false","false","",""
"roll conteneur plastique","https://www.infoweb-manutention.fr/stockage/roll-conteneur/","0","32","30","31","","","false","30","30","6.982","0.19","2026-06-11","2026-06-29","2026-07-23","true","false","true","false","false","false","",""
"parkside outils","https://www.infoweb-manutention.fr/outillage/parksidelidl-bricolage/","0","70","33","36","","","false","623","8100","0.18","1","2025-08-02","2026-03-06","2026-07-18","true","false","true","false","false","false","",""
"chariot diable castorama","https://www.infoweb-manutention.fr/manutention/chariot-diable/","0","46","46","46","","","false","90","90","0.87","0.99","2025-12-30","2025-12-30","2026-07-08","true","false","false","false","false","true","",""
"palan électrique 150 kg","https://www.infoweb-manutention.fr/produit/treuil-a-cable-electrique-150kg-300kg-telecommande-sans-fill/","0","32","16","16","16","-16","true","30","30","1.1584","1","2025-08-11","2025-12-21","2025-12-21","","","","","","","",""
"huile hydraulique pont elevateur","https://www.infoweb-manutention.fr/chariot-elevateur/choix-de-lhuile-hydraulique-pour-chariot-elevateur","0","32","32","32","0","0","true","30","30","0.4281","1","2025-10-25","2025-10-25","2025-10-25","true","false","true","true","false","false","",""
"type nacelle","https://www.infoweb-manutention.fr/nacelles-elevatrices/","0","46","45","45","","","false","90","90","","0.21","2025-08-21","2025-09-03","2026-01-24","true","false","false","false","false","false","",""
"elevateur manuel","https://www.infoweb-manutention.fr/manutention/chariot-elevateur-manuel/","0","66","32","32","34","-34","true","536","590","0.99","1","2025-08-11","2026-04-25","2026-04-25","false","false","true","false","false","false","",""
"achat d un diable","https://www.infoweb-manutention.fr/manutention/chariot-diable/","0","33","29","33","4","0","true","30","30","0.3","1","2025-11-05","2026-01-02","2026-01-02","true","false","true","true","false","false","",""
"fenwick chariot","https://www.infoweb-manutention.fr/chariot-elevateur/fenwick-chariot-elevateur-prix-ce-quil-faut-savoir/","0","75","29","31","","","false","1300","1300","1.09","1","2025-07-25","2025-12-16","2026-06-30","true","false","false","false","false","false","",""
"table elevatrice moto professionnel","https://www.infoweb-manutention.fr/levage-nacelles-tables-elevatrices/tables-elevatrices-moto/","0","47","47","47","","","false","90","90","1.18","1","2025-07-25","2025-07-25","2026-01-25","false","false","true","true","false","false","",""
"location table élévatrice kiloutou","https://www.infoweb-manutention.fr/manutention/chariot-elevateur/","0","48","48","48","0","0","true","90","90","0.56","0.96","2026-01-25","2026-01-25","2026-01-25","true","true","false","false","false","true","",""
"marque de chariot élévateur","https://www.infoweb-manutention.fr/fabricants-chariots-elevateurs/","0","48","9","14","39","-34","true","90","90","1.86","0.78","2025-07-24","2026-01-24","2026-01-24","true","false","false","false","false","false","",""
"forum chariot élévateur","https://www.infoweb-manutention.fr/chariotelevateur-heli/","0","30","18","28","12","-2","true","10","10","","0.07","2025-07-25","2026-01-24","2026-01-24","true","false","false","false","false","false","",""
"pont roulant pas cher","https://www.infoweb-manutention.fr/table-elevatrice/pont-roulant-a-commande-electrique-la-solution-efficace-et-precise-pour-les-operations-de-levage-regulieres/","0","30","16","16","14","-14","true","10","10","9.6662","0.5","2025-08-11","2025-12-21","2025-12-21","","","","","","","",""
"norme table élévatrice","https://www.infoweb-manutention.fr/table-elevatrice/","0","30","28","49","","","false","10","10","1.36","0.97","2025-07-25","2025-09-25","2026-01-25","true","false","true","false","false","false","",""
"gros fenwick","https://www.infoweb-manutention.fr/gerbeur/le-gerbeur-fenwick-tout-savoir-sur-cet-appareil/","0","48","48","71","","","false","90","90","0.23","0.98","2025-07-25","2025-09-03","2026-01-24","true","false","true","false","false","false","",""
"palan electrique 150 kg","https://www.infoweb-manutention.fr/produit/treuil-a-cable-electrique-150kg-300kg-telecommande-sans-fill/","0","35","17","28","","","false","30","30","1.1584","1","2025-07-28","2026-01-03","2026-01-28","true","false","true","true","false","false","",""
"itm international","https://www.infoweb-manutention.fr/table-elevatrice/itm-logistique-alimentaire-international/","0","43","43","43","0","0","true","70","70","","0","2025-12-12","2025-12-12","2025-12-12","","","","","","","",""
"héli","https://www.infoweb-manutention.fr/chariotelevateur-heli/","0","42","42","42","0","0","true","70","70","1.2","0.24","2025-12-09","2025-12-09","2025-12-09","true","false","false","false","false","false","",""
"fenwick l14","https://www.infoweb-manutention.fr/gerbeur/le-gerbeur-fenwick-tout-savoir-sur-cet-appareil/","0","52","52","52","0","0","true","170","170","1.88","1","2026-05-11","2026-05-11","2026-05-11","true","false","false","false","false","false","",""
"chariot manuel","https://www.infoweb-manutention.fr/manutention/chariot-elevateur-manuel/","0","53","24","24","","","false","170","170","1.14","1","2025-08-15","2026-04-09","2026-06-09","true","false","true","false","false","false","",""
"chariot palette","https://www.infoweb-manutention.fr/manutention/transpalettes/","0","53","53","62","","","false","170","170","1.26","1","2025-08-21","2026-01-23","2026-05-17","false","false","true","false","false","false","",""
"pont roulant palan","https://www.infoweb-manutention.fr/levage/levage-ponts-roulants-potences/","0","53","53","62","","","false","170","170","0.43","0.49","2025-08-27","2025-10-01","2026-05-19","true","false","false","false","false","false","",""
"dimension standard fourche chariot élévateur","https://www.infoweb-manutention.fr/chariot-elevateur/norme-passage-chariot-elevateur-tout-savoir/","0","50","44","44","","","false","90","90","1.12","0.99","2025-07-24","2025-09-24","2026-01-19","true","false","false","false","false","false","",""
"palan electrique 800kg","https://www.infoweb-manutention.fr/produit/treuil-a-cable-electrique-400-800-kg-palan-electrique/","0","36","36","46","","","false","30","30","1.2361","1","2025-07-28","2025-09-08","2026-01-28","false","false","true","true","false","false","palan electrique 800 kg",""
"palan plus","https://www.infoweb-manutention.fr/categorie/palan-treuils/","0","53","53","53","","","false","170","170","","0.01","2025-09-08","2025-09-08","2026-05-14","","","","","","","",""
"potence industriel","https://www.infoweb-manutention.fr/levage/levage-ponts-roulants-potences/","0","50","48","48","","","false","90","90","1.53","0.92","2025-08-11","2025-09-04","2026-01-25","false","false","true","false","false","false","",""
"fabricant de chariot","https://www.infoweb-manutention.fr/fabricants-chariots-elevateurs/","0","37","31","31","6","-6","true","30","30","2.3997","1","2025-08-17","2026-02-09","2026-02-09","","","","","","","",""
"equipement chariot elevateur","https://www.infoweb-manutention.fr/chariot-elevateur/accessoires-pour-chariots-elevateurs","0","37","37","37","","","false","30","30","1.24","1","2025-09-25","2025-09-25","2026-01-25","true","false","true","false","true","false","",""
"chariot porte-palan","https://www.infoweb-manutention.fr/chariot-porte-palan/","0","67","40","40","27","-27","true","436","480","1.73","1","2026-03-25","2026-04-28","2026-04-28","true","false","false","false","false","false","",""
"acier magnétique","https://www.infoweb-manutention.fr/produit/elevateur-magnetique-a-aimant-en-acier-capacite-poids-1000-kg/","0","56","56","73","","","false","170","170","1.33","0.11","2025-07-27","2025-09-27","2026-05-02","","","","","","","",""
"huile transpalette","https://www.infoweb-manutention.fr/chariot-elevateur/choix-de-lhuile-hydraulique-pour-chariot-elevateur","0","55","54","54","","","false","170","170","0.94","1","2025-07-28","2025-09-07","2026-06-15","true","false","false","false","false","false","",""
"gerbeur manuel","https://www.infoweb-manutention.fr/manutention/chariot-elevateur-manuel/","0","60","60","60","","","false","200","2400","2.95","1","2025-07-25","2025-07-25","2026-07-20","true","false","false","false","false","false","",""
"aimant levage","https://www.infoweb-manutention.fr/produit/aimant-de-levage-magnetique-1000-kg/","0","45","43","47","","","false","64","70","1.5","1","2025-07-27","2025-09-27","2026-01-26","true","false","true","true","false","false","",""
"circuit hydraulique chariot élévateur","https://www.infoweb-manutention.fr/chariot-elevateur/choix-de-lhuile-hydraulique-pour-chariot-elevateur","0","40","40","45","","","false","30","30","","0.02","2025-07-25","2025-09-03","2026-01-24","true","false","false","false","false","false","",""
"différence entre garantie décennale et dommage ouvrage","https://www.infoweb-manutention.fr/entreprise/assurance-decennale-et-dommage-ouvrage/","0","40","40","40","","","false","30","30","","0.0248","2025-09-01","2025-09-01","2026-01-24","true","false","false","false","false","false","",""
"nacelles","https://www.infoweb-manutention.fr/nacelles-elevatrices/","0","86","77","77","","","false","2464","27100","0.4","0.89","2025-07-30","2025-08-23","2026-07-11","true","false","false","false","false","false","",""
"fonctionnement palan manuel","https://www.infoweb-manutention.fr/treuil-palonnier/palan-a-chaine-guide-conseils-dachat/","0","48","48","48","","","false","70","70","0.76","0.82","2025-08-13","2025-08-13","2026-01-25","true","false","false","false","false","false","",""
"marque lidl bricolage","https://www.infoweb-manutention.fr/outillage/parksidelidl-bricolage/","0","53","53","53","","","false","140","140","0.22","1","2026-02-16","2026-02-16","2026-04-17","true","false","false","false","false","false","",""
"chariot élévateur neuf","https://www.infoweb-manutention.fr/chariot-elevateur/quel-prix-pour-un-prix-chariot-elevateur-neuf-noatre-avis/","0","49","36","36","13","-13","true","70","70","2.51","1","2025-07-24","2026-01-24","2026-01-24","true","false","true","true","false","false","",""
"chariot elevateur a gaz","https://www.infoweb-manutention.fr/categorie/chariot-elevateur-gaz/","0","49","37","39","","","false","70","70","0.49","1","2025-07-25","2026-01-06","2026-01-25","true","false","true","false","false","false","",""
"chariot pont roulant","https://www.infoweb-manutention.fr/table-elevatrice/levage-ponts-roulants-potences/pont-roulant-a-commande-manuelle/","0","50","24","24","26","-26","true","70","70","1.3745","1","2025-08-08","2025-12-19","2025-12-19","true","false","true","true","false","false","",""
"fenwick definition","https://www.infoweb-manutention.fr/gerbeur/le-gerbeur-fenwick-tout-savoir-sur-cet-appareil/","0","38","38","38","","","false","27","30","","0","2025-08-29","2025-08-29","2026-05-09","true","false","false","false","false","false","",""
"solutions de stockage industriel","https://www.infoweb-manutention.fr/stockage/","0","33","33","64","","","false","20","20","8.3","0.6","2025-08-02","2025-09-29","2026-02-01","true","false","false","false","false","false","",""
"tarif batiment industriel","https://www.infoweb-manutention.fr/btp/le-prix-de-la-renovation-de-locaux-et-entrepots-industriels/","0","48","48","48","","","false","64","70","2.05","1","2025-07-24","2025-07-24","2026-01-23","true","false","false","false","false","false","",""
"chariot caces 3","https://www.infoweb-manutention.fr/caces-chariot-elevateur-guide-complet/","0","70","70","70","","","false","390","390","0.4","0.58","2026-04-12","2026-04-12","2026-06-10","true","false","false","false","false","false","",""
"manutention pont roulant","https://www.infoweb-manutention.fr/pont-roulant/les-ponts-roulants-et-la-securite-au-travail-pratiques-et-innovations/","0","44","35","55","","","false","50","50","2.18","0.07","2025-07-24","2026-01-12","2026-01-24","true","false","false","false","false","false","",""
"consigne de sécurité chariot élévateur","https://www.infoweb-manutention.fr/chariot-elevateur/comment-descendre-dun-chariot-elevateur/","0","56","36","42","","","false","140","140","0.91","0.84","2025-07-25","2025-12-31","2026-05-30","","","","","","","",""
"chariots fenwick","https://www.infoweb-manutention.fr/chariot-elevateur/fenwick-chariot-elevateur-prix-ce-quil-faut-savoir","0","70","46","48","","","false","390","390","1.01","1","2025-07-25","2025-11-01","2026-06-15","true","false","false","false","false","false","",""
"prix bâtiment industriel m2","https://www.infoweb-manutention.fr/btp/le-prix-de-la-renovation-de-locaux-et-entrepots-industriels/","0","67","67","67","","","false","355","390","1.64","1","2025-07-26","2025-07-26","2026-05-14","true","false","false","false","false","false","",""
"chariot picking","https://www.infoweb-manutention.fr/rayonnage/roll-picking-preparation-facilitee/","0","61","23","48","","","false","260","260","4.9","1","2025-12-15","2026-05-14","2026-07-23","true","false","false","false","false","false","",""
"élévateur manuel","https://www.infoweb-manutention.fr/manutention/chariot-elevateur-manuel/","0","47","28","46","19","-1","true","54","590","0.99","1","2025-07-25","2026-03-10","2026-03-10","false","false","true","false","false","false","",""
"outillage parkside lidl","https://www.infoweb-manutention.fr/outillage/parksidelidl-bricolage/","0","66","66","66","","","false","320","320","0.15","1","2026-02-11","2026-02-11","2026-06-06","true","false","false","false","false","false","",""
"aimant 300 kg","https://www.infoweb-manutention.fr/produit/elevateur-magnetique-a-aimant-en-acier-capacite-poids-300-kg/","0","42","30","35","","","false","45","50","0.42","1","2025-08-07","2026-01-04","2026-02-05","true","false","true","false","false","false","",""
"acheter un diable","https://www.infoweb-manutention.fr/manutention/chariot-diable/","0","66","42","42","","","false","320","320","0.63","1","2025-10-28","2026-01-02","2026-06-14","true","false","true","false","true","false","",""
"pont de manutention","https://www.infoweb-manutention.fr/pont-roulant/les-avantages-des-ponts-roulants-pour-un-levage-securise/","0","46","46","46","0","0","true","50","50","3.12","0.97","2025-12-05","2025-12-05","2025-12-05","","","","","","","",""
"comment utiliser un treuil manuel","https://www.infoweb-manutention.fr/produit/treuil-manuel-3-2-t-treuil-de-main-corde-20-m/","0","36","35","35","","","false","20","20","0.25","0.55","2025-07-25","2025-09-04","2026-01-25","true","false","false","false","false","false","",""
"table elevatrice electrique moto","https://www.infoweb-manutention.fr/levage-nacelles-tables-elevatrices/tables-elevatrices-moto/","0","36","36","36","","","false","20","20","0.54","0.96","2025-07-26","2025-07-26","2026-01-25","false","false","true","true","false","false","",""
"aimant de levage","https://www.infoweb-manutention.fr/categorie/aimant-de-levage/","0","70","27","45","43","-25","true","320","320","1.11","1","2025-07-27","2026-05-15","2026-05-15","true","false","false","false","false","false","",""
"roll-conteneur","https://www.infoweb-manutention.fr/stockage/roll-conteneur/","0","41","41","51","","","false","38","590","5.31","1","2025-09-09","2026-03-10","2026-04-19","","","","","","","",""
"parkside garantie","https://www.infoweb-manutention.fr/outillage/parksidelidl-bricolage/","0","75","75","75","","","false","720","720","0.27","0.01","2026-02-17","2026-02-17","2026-06-27","true","false","false","false","false","false","",""
"diable monte escalier castorama","https://www.infoweb-manutention.fr/manutention/chariot-diable/","0","37","37","37","","","false","20","20","0.16","0.92","2026-01-26","2026-01-26","2026-05-03","false","true","false","false","false","true","",""
"acheter diable","https://www.infoweb-manutention.fr/manutention/chariot-diable/","0","70","57","57","","","false","320","320","0.63","1","2025-08-11","2025-12-25","2026-05-20","true","false","true","false","false","false","",""
"types de nacelles","https://www.infoweb-manutention.fr/nacelles-elevatrices/","0","41","41","41","","","false","40","40","0.08","0.2","2025-11-16","2025-11-16","2026-02-10","","","","","","","",""
"fenwick chariot élévateur","https://www.infoweb-manutention.fr/chariot-elevateur/fenwick-chariot-elevateur-prix-ce-quil-faut-savoir","0","55","39","40","","","false","110","110","1.2","1","2025-07-24","2025-11-02","2026-06-05","","","","","","","",""
"caces obligatoire","https://www.infoweb-manutention.fr/chariot-elevateur/est-il-obligatoire-davoir-un-caces/","0","70","66","66","","","false","320","320","0.59","0.03","2025-07-31","2025-09-28","2026-06-09","true","false","false","false","false","false","",""
"accessoire pour chariot elevateur","https://www.infoweb-manutention.fr/chariot-elevateur/accessoires-pour-chariots-elevateurs","0","63","63","63","","","false","260","260","2.18","1","2025-09-25","2025-09-25","2026-06-12","false","false","false","false","true","false","",""
"chariot élévateur caterpillar gaz","https://www.infoweb-manutention.fr/categorie/chariot-elevateur-gaz/","0","37","34","44","","","false","20","20","2.851","0.21","2025-07-24","2025-09-24","2026-01-19","true","false","true","false","false","false","",""
"chariot élévateur à gaz réglementation","https://www.infoweb-manutention.fr/chariot-elevateur/norme-passage-chariot-elevateur-tout-savoir/","0","42","38","38","","","false","40","40","","0.07","2025-07-25","2025-09-24","2026-01-24","true","false","false","false","false","false","",""
"conduite chariot élévateur sans autorisation","https://www.infoweb-manutention.fr/chariot-elevateur/est-il-obligatoire-davoir-un-caces/","0","38","38","38","","","false","20","20","","0.01","2025-09-24","2025-09-24","2026-01-24","true","false","false","false","false","false","",""
"manutention transpalette","https://www.infoweb-manutention.fr/manutention/transpalettes/","0","47","47","47","","","false","50","50","1.21","1","2025-09-04","2025-09-04","2026-01-25","true","false","true","true","false","false","",""
"palan 100 kg","https://www.infoweb-manutention.fr/produit/treuil-palan-electrique-treuil100-200kg","0","41","41","41","","","false","40","40","0.3253","1","2025-08-09","2025-08-09","2025-12-20","","","","","","","",""
"chariot elevateur 2 tonnes","https://www.infoweb-manutention.fr/produit/chariot-elevateur-a-gaz-2t/","0","41","41","41","","","false","38","50","1.6","1","2025-07-25","2025-07-25","2026-01-19","true","false","true","false","false","false","",""
"roll conteneur isotherme","https://www.infoweb-manutention.fr/stockage/roll-conteneur/","0","49","12","17","","","false","50","50","0.8","0.14","2025-08-24","2026-07-01","2026-07-23","true","false","false","false","false","false","",""
"palans a chaine","https://www.infoweb-manutention.fr/treuil-palonnier/palan-a-chaine-guide-conseils-dachat/","0","70","70","70","","","false","300","3600","0.69","1","2026-03-16","2026-03-16","2026-06-30","false","false","true","false","false","false","palan a chaine",""
"outils parkside","https://www.infoweb-manutention.fr/outillage/parksidelidl-bricolage/","0","73","37","39","","","false","623","9900","0.22","1","2025-07-31","2026-02-20","2026-07-14","true","true","true","false","false","false","",""
"produit parkside","https://www.infoweb-manutention.fr/outillage/parksidelidl-bricolage/","0","58","58","58","","","false","117","140","0.11","1","2026-02-14","2026-02-14","2026-05-14","true","false","true","false","false","false","",""
"ponts roulants","https://www.infoweb-manutention.fr/levage/levage-ponts-roulants-potences/","0","71","20","32","","","false","550","6600","1.57","0.17","2025-08-12","2026-02-08","2026-06-12","true","false","false","false","false","false","",""
"chariot élévateur salev","https://www.infoweb-manutention.fr/entreprise/le-classement-marques-chariot-elevateur-avis-et-comparatifs/","0","57","57","60","","","false","110","110","0.27","0.33","2025-09-03","2026-01-08","2026-06-01","false","false","true","false","false","false","",""
"chariot élévateur 5","https://www.infoweb-manutention.fr/produit/chariot-elevateur-a-gaz-5t/","0","64","64","64","","","false","260","260","0.28","1","2026-01-03","2026-01-03","2026-06-08","false","false","true","false","false","false","",""
"treuille 220v","https://www.infoweb-manutention.fr/produit/treuil-electrique-palan-220-v-avec-un-cable-de-15-m","0","39","39","39","","","false","19","210","1","1","2025-11-22","2025-11-22","2026-05-16","false","false","true","false","false","false","","treuil 220v"
"réglementation chariot élévateur","https://www.infoweb-manutention.fr/chariot-elevateur/norme-passage-chariot-elevateur-tout-savoir/","0","56","56","56","","","false","110","110","1.28","0.01","2025-11-02","2025-11-02","2026-05-02","","","","","","","",""
"chariot elevateur 2t","https://www.infoweb-manutention.fr/produit/chariot-elevateur-diesel-4x4-2t","0","29","28","28","","","false","5","50","1.6","1","2025-07-25","2025-09-24","2026-01-24","true","false","true","true","false","false","",""
"les transpalettes","https://www.infoweb-manutention.fr/manutention/transpalettes/","0","51","51","88","","","false","90","90","3.04","1","2025-09-03","2025-09-24","2026-01-16","true","false","false","false","false","false","",""
"palan electrique 300 kg","https://www.infoweb-manutention.fr/produit/treuil-a-cable-electrique-150kg-300kg-telecommande-sans-fill/","0","40","35","49","","","false","20","20","0.6423","1","2025-07-28","2025-09-08","2026-01-28","true","false","true","true","false","false","",""
"potences de levage","https://www.infoweb-manutention.fr/levage/levage-ponts-roulants-potences/","0","82","75","75","","","false","1455","1900","1.32","1","2025-07-25","2025-07-29","2026-06-26","","","","","","","",""
"pont roulant","https://www.infoweb-manutention.fr/levage/levage-ponts-roulants-potences/","0","74","48","48","","","false","550","6600","1.89","0.2","2025-08-30","2026-03-16","2026-06-24","true","false","false","false","false","false","",""
"prise de poste chariot élévateur","https://www.infoweb-manutention.fr/caces-chariot-elevateur-guide-complet/","0","58","58","84","","","false","110","110","0.72","0.01","2026-01-04","2026-03-10","2026-05-21","","","","","","","",""
"batiment industriel prix au m2","https://www.infoweb-manutention.fr/btp/le-prix-de-la-renovation-de-locaux-et-entrepots-industriels/","0","66","66","66","","","false","246","320","1.79","0.99","2026-03-10","2026-03-10","2026-05-12","","","","","","","",""
"itm livraison","https://www.infoweb-manutention.fr/table-elevatrice/itm-logistique-alimentaire-international/","0","45","45","45","","","false","40","40","","0.06","2026-03-08","2026-03-08","2026-03-22","true","false","false","false","false","false","",""
"marque parkside avis","https://www.infoweb-manutention.fr/outillage/parksidelidl-bricolage/","0","60","60","60","","","false","110","110","0.21","0.72","2026-03-02","2026-03-02","2026-05-17","true","false","false","false","false","false","",""
"le fenwick","https://www.infoweb-manutention.fr/gerbeur/le-gerbeur-fenwick-tout-savoir-sur-cet-appareil/","0","45","34","34","11","-11","true","40","40","","0.4363","2025-12-04","2026-01-04","2026-01-04","","","","","","","",""
"chaussures cordiste","https://www.infoweb-manutention.fr/securite/quelle-chaussure-de-securite-pour-cariste/","0","45","45","45","","","false","40","40","0.7227","1","2025-08-28","2025-08-28","2026-01-02","","","","","","","",""
"plateforme elevatrice moto","https://www.infoweb-manutention.fr/levage-nacelles-tables-elevatrices/tables-elevatrices-moto/","0","44","44","44","","","false","36","40","0.28","1","2025-07-25","2025-07-25","2026-07-03","false","false","true","false","false","false","",""
"palan électrique a chaine","https://www.infoweb-manutention.fr/produit/palan-electrique-500-1000-kg-treuil-palan-a-chaine-a-levier-1800-w/","0","68","68","68","","","false","260","260","1.43","1","2025-07-25","2025-07-25","2026-05-30","","","","","","","",""
"caces obligation","https://www.infoweb-manutention.fr/chariot-elevateur/est-il-obligatoire-davoir-un-caces/","0","68","33","63","35","-5","true","236","260","0.32","0.01","2025-08-25","2026-05-11","2026-05-11","","","","","","","",""
"prix nacelle location","https://www.infoweb-manutention.fr/acheter-ou-louer-une-nacelle-elevatrice/","0","59","59","59","","","false","100","1600","0.71","0.31","2026-03-09","2026-03-09","2026-06-28","true","false","true","false","false","false","",""
"outil de manutention manuelle","https://www.infoweb-manutention.fr/manutention/chariot-elevateur-manuel/","0","42","14","26","28","-16","true","30","30","0.8","1","2025-07-25","2026-01-25","2026-01-25","true","false","true","true","false","false","",""
"type de chariot élévateur","https://www.infoweb-manutention.fr/chariot-elevateur/quel-est-le-meilleur-chariot-elevateur/","0","56","56","90","","","false","90","90","0.98","0.76","2025-09-03","2026-01-02","2026-01-24","true","false","false","false","false","false","",""
"chariots logistique","https://www.infoweb-manutention.fr/rayonnage/chariot-logistique-ptimiser-ses-flux-facilement/","0","62","44","44","","","false","191","210","3.11","1","2025-07-27","2025-10-31","2026-05-11","","","","","","","",""
"type de nacelle","https://www.infoweb-manutention.fr/nacelles-elevatrices/","0","70","70","70","","","false","260","260","0.62","0.14","2025-10-25","2025-10-25","2026-06-09","true","false","false","false","false","false","",""
"itm lisses","https://www.infoweb-manutention.fr/table-elevatrice/itm-logistique-alimentaire-international/","0","65","65","65","","","false","210","210","","0","2025-10-15","2025-10-15","2026-05-22","true","false","false","false","false","false","",""
"panier de levage pour palan","https://www.infoweb-manutention.fr/levage-palonniers-palans-treuils-accessoire/","0","48","48","48","","","false","40","40","0.14","1","2025-09-25","2025-09-25","2026-01-25","false","false","true","true","false","false","",""
"chariot élévateur électrique","https://www.infoweb-manutention.fr/categorie/chariot-elevateur-electrique/","0","58","58","58","","","false","100","1900","4.18","1","2025-08-21","2025-08-21","2026-07-23","true","false","true","false","false","false","",""
"mdr stockage","https://www.infoweb-manutention.fr/stockage/rack-de-stockage-solutions-materiels-industriels/","0","42","42","42","","","false","30","30","0.05","0.22","2025-08-15","2025-08-15","2025-12-23","false","false","true","true","false","false","",""
"roll conteneur grillagé","https://www.infoweb-manutention.fr/stockage/roll-conteneur/","0","43","39","52","","","false","30","30","4.56","1","2025-12-13","2026-06-29","2026-07-23","","","","","","","",""
"roll conteneur pas cher","https://www.infoweb-manutention.fr/stockage/roll-conteneur/","0","31","17","17","14","-14","true","10","10","2.37","1","2025-08-27","2026-02-23","2026-02-23","false","false","true","false","false","false","",""
"lidl parkside garantie","https://www.infoweb-manutention.fr/outillage/parksidelidl-bricolage/","0","68","68","68","","","false","210","210","0.32","0.05","2026-02-14","2026-02-14","2026-06-04","","","","","","","",""
"le caces est il obligatoire","https://www.infoweb-manutention.fr/chariot-elevateur/est-il-obligatoire-davoir-un-caces/","0","68","43","43","","","false","210","210","4.99","0.04","2025-07-25","2026-01-24","2026-06-10","true","false","false","false","false","false","",""
"chariot déménagement castorama","https://www.infoweb-manutention.fr/manutention/chariot-diable/","0","31","31","31","0","0","true","10","10","0.03","1","2025-12-15","2025-12-15","2025-12-15","false","true","true","true","false","true","",""
"prise de poste caces 3 document","https://www.infoweb-manutention.fr/caces-chariot-elevateur-guide-complet/","0","51","51","51","","","false","70","70","","0.02","2025-12-11","2025-12-11","2026-06-11","true","false","false","false","false","false","",""
"chariot de transport castorama","https://www.infoweb-manutention.fr/manutention/chariot-diable/","0","52","52","52","0","0","true","70","70","0.7","1","2025-12-03","2025-12-03","2025-12-03","","","","","","","",""
"location diable électrique kiloutou","https://www.infoweb-manutention.fr/manutention/chariot-elevateur/","0","68","68","68","","","false","210","210","0.73","1","2025-10-24","2025-10-24","2026-06-09","true","true","false","false","false","true","",""
"entreprise chariot elevateur","https://www.infoweb-manutention.fr/chariot-elevateur/classement-des-marques-chariot-elevateur/","0","43","28","34","","","false","30","30","1.2","0.18","2025-07-25","2025-09-24","2026-01-24","true","false","true","false","true","false","",""
"dommage ouvrage garantie décennale","https://www.infoweb-manutention.fr/entreprise/assurance-decennale-et-dommage-ouvrage/","0","60","60","60","","","false","90","90","0.42","0.32","2025-08-24","2025-08-24","2026-07-13","true","false","false","false","false","false","",""
"chariot élévateur 7 tonnes","https://www.infoweb-manutention.fr/produit/chariot-elevateur-a-gaz-7t","0","43","43","43","","","false","30","30","1.17","1","2025-08-11","2025-08-11","2026-01-19","","","","","","","",""
"batiment industriel prix","https://www.infoweb-manutention.fr/btp/le-prix-de-la-renovation-de-locaux-et-entrepots-industriels/","0","69","69","69","","","false","217","260","1.55","1","2025-07-25","2025-07-25","2026-05-24","true","false","false","false","false","false","",""
"chariot de picking","https://www.infoweb-manutention.fr/rayonnage/roll-picking-preparation-facilitee/","0","64","37","39","","","false","170","170","5.33","1","2025-11-21","2026-05-11","2026-07-20","true","false","false","false","false","false","",""
"chariot elevateur prix","https://www.infoweb-manutention.fr/chariot-elevateur/quel-prix-pour-un-prix-chariot-elevateur-neuf-noatre-avis/","0","71","43","43","28","-28","true","400","480","1.29","1","2025-07-27","2026-04-29","2026-04-29","false","false","true","false","false","false","",""
"huile pour transpalette","https://www.infoweb-manutention.fr/chariot-elevateur/choix-de-lhuile-hydraulique-pour-chariot-elevateur/","0","63","63","63","","","false","170","170","0.94","1","2026-04-14","2026-04-14","2026-06-12","true","false","true","false","false","false","",""
"outils parkside avis","https://www.infoweb-manutention.fr/outillage/parksidelidl-bricolage/","0","34","34","34","","","false","10","110","0.31","0.98","2026-03-02","2026-03-02","2026-05-31","true","false","false","false","false","false","",""
"leader mondial chariot élévateur","https://www.infoweb-manutention.fr/entreprise/le-classement-marques-chariot-elevateur-avis-et-comparatifs/","0","34","3","4","31","-30","true","10","10","0.78","0.21","2025-07-24","2026-01-24","2026-01-24","true","false","false","false","false","false","",""
"chariot elevateur marque","https://www.infoweb-manutention.fr/fabricants-chariots-elevateurs/","0","59","8","17","51","-42","true","82","90","2.67","1","2025-07-24","2026-01-24","2026-01-24","true","false","false","false","false","false","",""
"fenwick manutention","https://www.infoweb-manutention.fr/gerbeur/le-gerbeur-fenwick-tout-savoir-sur-cet-appareil/","0","46","28","28","18","-18","true","30","30","0.63","1","2025-07-25","2026-01-24","2026-01-24","true","false","true","true","true","false","",""
"utilisation palan","https://www.infoweb-manutention.fr/treuil-palonnier/palan-a-chaine-guide-conseils-dachat/","0","48","18","18","","","false","30","30","0.6316","0.37","2025-08-14","2026-01-04","2026-01-25","true","false","false","false","false","false","",""
"appareil pour lever des charges lourdes","https://www.infoweb-manutention.fr/","0","64","64","64","","","false","170","170","1.16","1","2025-11-01","2025-11-01","2026-05-20","false","false","true","false","false","false","",""
"nacelle pour chariot élévateur norme","https://www.infoweb-manutention.fr/acheter-ou-louer-une-nacelle-elevatrice/","0","34","34","85","","","false","10","10","0.31","1","2025-07-24","2025-09-24","2026-01-24","true","false","false","false","false","false","",""
"table elevatrice roulante","https://www.infoweb-manutention.fr/table-elevatrice/","0","52","52","52","","","false","64","70","3.04","1","2025-09-04","2025-09-04","2026-01-25","false","false","true","true","false","false","",""
"utilisation transpalette","https://www.infoweb-manutention.fr/manutention/transpalettes/","0","56","56","89","","","false","70","70","1.69","0.14","2025-08-21","2025-09-04","2026-01-25","true","false","false","false","false","false","",""
"calcul allée de circulation entrepot","https://www.infoweb-manutention.fr/chariot-elevateur/norme-passage-chariot-elevateur-tout-savoir/","0","34","34","34","","","false","10","10","","0.0336","2025-08-14","2025-08-14","2025-12-22","true","false","false","false","false","false","",""
"pont roulant schema","https://www.infoweb-manutention.fr/levage/levage-ponts-roulants-potences/","0","67","67","67","","","false","191","210","0.68","0.01","2025-08-08","2025-08-08","2026-05-30","true","false","false","false","false","false","",""
"système de levage pour moto","https://www.infoweb-manutention.fr/levage-nacelles-tables-elevatrices/tables-elevatrices-moto/","0","32","32","32","","","false","10","10","0.14","1","2025-07-25","2025-07-25","2026-01-25","false","false","true","true","false","false","",""
"caces chariot elevateur","https://www.infoweb-manutention.fr/caces-chariot-elevateur-guide-complet/","0","76","76","76","","","false","400","1900","0.87","0.12","2026-03-21","2026-03-21","2026-05-02","","","","","","","",""
"location nacelle elevatrice","https://www.infoweb-manutention.fr/acheter-ou-louer-une-nacelle-elevatrice/","0","73","73","73","","","false","343","480","1.37","0.28","2026-03-10","2026-03-10","2026-04-26","true","false","false","false","false","false","",""
"outils de jardin lidl","https://www.infoweb-manutention.fr/outillage/parksidelidl-bricolage/","0","69","35","35","","","false","170","170","0.21","1","2025-07-25","2026-02-22","2026-06-15","true","false","false","false","false","false","",""
"lidl parkside performance","https://www.infoweb-manutention.fr/outillage/parksidelidl-bricolage/","0","63","63","63","","","false","140","140","0.19","1","2026-02-14","2026-02-14","2026-06-09","true","false","false","false","false","true","",""
"élévateur mécanique de charge","https://www.infoweb-manutention.fr/levage-nacelles-tables-elevatrices/levage/elevateur-monte-charge/","0","32","32","32","0","0","true","8","90","1.37","1","2026-01-05","2026-01-05","2026-01-05","false","false","true","true","false","false","",""
"chariot fenwick","https://www.infoweb-manutention.fr/chariot-elevateur/fenwick-chariot-elevateur-prix-ce-quil-faut-savoir/","0","74","32","50","","","false","390","390","1.09","1","2025-07-24","2026-01-04","2026-06-06","true","false","false","false","false","false","",""
"palan def","https://www.infoweb-manutention.fr/rayonnage/roll-transport-solution-pratique/","0","77","77","77","","","false","390","390","","0.01","2026-01-04","2026-01-04","2026-05-15","true","false","false","false","false","false","",""
"chariot élévateur électrique manuel","https://www.infoweb-manutention.fr/manutention/chariot-elevateur-manuel/","0","36","10","25","","","false","10","10","1.81","1","2025-07-25","2026-01-03","2026-01-24","false","false","true","true","false","false","",""
"caces obligatoire ou pas","https://www.infoweb-manutention.fr/chariot-elevateur/est-il-obligatoire-davoir-un-caces/","0","60","60","60","0","0","true","70","70","","0.0639","2025-12-09","2025-12-09","2025-12-09","","","","","","","",""
"prix au m2 batiment industriel","https://www.infoweb-manutention.fr/btp/le-prix-de-la-renovation-de-locaux-et-entrepots-industriels/","0","45","45","45","","","false","25","390","1.64","1","2025-11-15","2025-11-15","2026-05-31","true","false","false","false","false","false","",""
"prix m2 batiment industriel","https://www.infoweb-manutention.fr/btp/le-prix-de-la-renovation-de-locaux-et-entrepots-industriels/","0","74","54","54","","","false","390","390","1.64","1","2025-07-26","2025-11-02","2026-05-18","true","false","false","false","false","false","",""
"treuil de levage electrique 220v","https://www.infoweb-manutention.fr/produit/treuil-electrique-palan-220-v-avec-un-cable-de-15-m","0","35","35","83","","","false","10","10","0.38","1","2025-08-21","2025-09-25","2026-01-19","false","false","true","true","false","false","",""
"prix elevateur","https://www.infoweb-manutention.fr/manutention/chariot-elevateur/","0","49","49","88","","","false","27","40","1.9","1","2025-07-25","2025-09-25","2026-01-25","true","false","true","true","false","false","",""
"local charge batterie chariot élévateur","https://www.infoweb-manutention.fr/chariot-elevateur/principales-caracteristiques-et-avantages-de-la-technologie-des-batteries-lithium-ion/","0","35","35","92","","","false","10","10","","0.1111","2025-07-24","2025-09-24","2026-01-24","true","false","false","false","false","false","",""
"diable chariot prix","https://www.infoweb-manutention.fr/manutention/chariot-diable/","0","36","36","42","","","false","10","10","0.08","0.67","2025-07-25","2025-09-03","2026-01-24","true","false","true","false","false","false","",""
"rolls plastique","https://www.infoweb-manutention.fr/stockage/roll-conteneur/","0","41","41","41","","","false","20","20","2.1708","1","2025-08-10","2025-08-10","2025-12-20","true","false","false","false","false","false","",""
"acheter nacelle","https://www.infoweb-manutention.fr/acheter-ou-louer-une-nacelle-elevatrice/","0","45","45","45","","","false","23","30","1.44","0.99","2025-08-08","2025-08-08","2025-12-19","","","","","","","",""
"palan électrique à chaîne","https://www.infoweb-manutention.fr/produit/palan-electrique-500-1000-kg-treuil-palan-a-chaine-a-levier-1800-w/","0","68","68","68","","","false","170","170","1.17","1","2025-07-25","2025-07-25","2026-05-18","","","","","","","",""
"prix entrepôt","https://www.infoweb-manutention.fr/btp/le-prix-de-la-renovation-de-locaux-et-entrepots-industriels/","0","62","62","62","","","false","140","140","1.36","0.96","2025-07-24","2025-07-24","2026-05-31","true","false","true","false","false","false","",""
"gerbeur","https://www.infoweb-manutention.fr/categorie/gerbeur/","0","87","68","87","","","false","800","9900","4.81","1","2025-08-01","2026-03-22","2026-07-23","true","false","false","false","false","false","",""
"dimension chariot élévateur","https://www.infoweb-manutention.fr/chariot-elevateur/quel-est-le-meilleur-chariot-elevateur/","0","69","26","26","","","false","140","140","0.95","0.9","2025-07-24","2026-03-10","2026-05-31","","","","","","","",""
"outils lidl catalogue","https://www.infoweb-manutention.fr/outillage/parksidelidl-bricolage/","0","66","66","66","","","false","140","140","0.19","0.22","2026-03-06","2026-03-06","2026-05-16","true","false","false","false","false","false","",""
"chariot élévateur 5t","https://www.infoweb-manutention.fr/produit/chariot-elevateur-a-gaz-5t/","0","65","65","95","","","false","140","140","2.38","1","2025-08-21","2026-03-03","2026-05-23","false","false","true","false","false","false","",""
"transpalette manuel occasion pas cher","https://www.infoweb-manutention.fr/transpalette/prix-des-transpalettes-guide-des-tarifs-complet/","0","67","67","70","","","false","140","140","0.76","1","2025-11-02","2026-01-25","2026-05-18","false","false","true","false","false","false","",""
"chariot élévateur manuel","https://www.infoweb-manutention.fr/manutention/chariot-elevateur-manuel/","0","51","14","28","","","false","44","480","1.39","1","2025-07-25","2026-01-05","2026-04-29","false","false","true","false","false","false","",""
"bâtiment industriel à rénover","https://www.infoweb-manutention.fr/btp/le-prix-de-la-renovation-de-locaux-et-entrepots-industriels/","0","38","29","29","","","false","10","10","","1","2025-07-24","2025-12-30","2026-01-24","true","false","false","false","false","false","",""
"chariot grillagé manutan","https://www.infoweb-manutention.fr/stockage/roll-conteneur/","0","40","40","40","0","0","true","10","10","","1","2025-12-27","2025-12-27","2025-12-27","","","","","","","",""
"renovation entrepot","https://www.infoweb-manutention.fr/btp/le-prix-de-la-renovation-de-locaux-et-entrepots-industriels/","0","40","40","40","","","false","10","10","4.35","0.63","2025-12-18","2025-12-18","2026-01-16","","","","","","","",""
"brenntag","https://www.infoweb-manutention.fr/entreprise/brenntag-cest-qui-distribution-de-produits-chimiques/","0","93","93","93","","","false","1900","4400","1.83","","2025-12-14","2025-12-14","2026-07-06","true","false","false","false","false","false","",""
"roll transport","https://www.infoweb-manutention.fr/rayonnage/roll-de-manutention-transport-simplifie/","0","71","71","71","","","false","291","320","4.03","1","2025-11-28","2025-11-28","2026-07-20","true","false","false","false","true","false","",""
"palan a chaine 5 tonnes","https://www.infoweb-manutention.fr/produit/palan-a-chaine-05-tonne-de-6-m/","0","53","53","55","","","false","50","50","1.18","1","2025-09-04","2025-09-25","2026-01-19","false","false","true","false","false","false","",""
"chariot elevateur 3 tonnes","https://www.infoweb-manutention.fr/categorie/chariot-elevateur-diesel/","0","56","56","81","","","false","54","70","3","1","2025-08-21","2025-09-25","2026-01-25","true","false","true","false","false","false","",""
"acier aimante","https://www.infoweb-manutention.fr/produit/elevateur-magnetique-a-aimant-en-acier-capacite-poids-1000-kg/","0","65","65","69","","","false","140","140","","0.65","2025-08-07","2025-09-12","2026-06-11","true","false","false","false","false","false","",""
"réglementation utilisation transpalette électrique","https://www.infoweb-manutention.fr/transpalette/securite-incendie-precautions-transpalettes-electriques/","0","54","54","54","","","false","50","50","1.97","0.14","2025-07-31","2025-08-24","2026-01-29","true","false","false","false","false","false","",""
"palan electrique 200 kg","https://www.infoweb-manutention.fr/produit/treuil-palan-electrique-treuil100-200kg","0","52","52","52","","","false","45","50","0.64","1","2025-08-10","2025-08-10","2025-12-20","","","","","","","",""
"table élévatrice électrique moto","https://www.infoweb-manutention.fr/levage-nacelles-tables-elevatrices/tables-elevatrices-moto/","0","42","42","42","","","false","20","20","0.54","0.96","2025-07-27","2025-07-27","2026-01-25","false","false","true","true","false","false","",""
"dimension fourche chariot élévateur","https://www.infoweb-manutention.fr/chariot-elevateur/norme-passage-chariot-elevateur-tout-savoir/","0","67","64","64","3","-3","true","110","110","1.06","0.63","2026-03-12","2026-05-17","2026-05-17","","","","","","","",""
"chariot élévateur","https://www.infoweb-manutention.fr/entreprise/le-classement-marques-chariot-elevateur-avis-et-comparatifs/","0","97","58","79","","","false","1600","22200","2.14","1","2025-07-25","2026-03-23","2026-07-23","true","false","false","false","false","false","",""
"palans à chaine","https://www.infoweb-manutention.fr/treuil-palonnier/palan-a-chaine-guide-conseils-dachat/","0","67","67","67","","","false","110","110","0.61","1","2026-03-19","2026-03-19","2026-05-19","true","false","true","false","false","false","",""
"petit chariot élévateur","https://www.infoweb-manutention.fr/manutention/chariot-elevateur/","0","64","64","64","","","false","110","110","0.38","1","2026-03-10","2026-03-10","2026-06-14","true","false","true","false","false","false","",""
"arrivage parkside lidl","https://www.infoweb-manutention.fr/outillage/parksidelidl-bricolage/","0","64","64","64","","","false","110","110","0.11","0.37","2026-02-21","2026-02-21","2026-05-23","true","false","false","false","false","false","",""
"clark transpalette","https://www.infoweb-manutention.fr/transpalette/5-meilleures-marques-de-transpalettes-comparatif-detaille/","0","62","62","62","0","0","true","90","90","2.43","0.99","2026-02-17","2026-02-17","2026-02-17","true","false","false","false","false","false","",""
"manutention palan","https://www.infoweb-manutention.fr/treuil-palonnier/palan-a-chaine-guide-conseils-dachat/","0","59","59","59","0","0","true","50","50","0.49","1","2026-01-10","2026-01-10","2026-01-10","true","false","true","false","false","false","",""
"norme chariot élévateur","https://www.infoweb-manutention.fr/chariot-elevateur/norme-passage-chariot-elevateur-tout-savoir/","0","48","23","35","","","false","20","20","","0.01","2025-07-25","2026-01-04","2026-01-24","true","false","false","false","false","false","",""
"chariot élévateur marque","https://www.infoweb-manutention.fr/entreprise/le-classement-marques-chariot-elevateur-avis-et-comparatifs/","0","39","11","19","","","false","8","90","2.67","1","2025-07-24","2026-01-01","2026-01-24","true","false","true","true","false","false","",""
"chariot manuel manutention","https://www.infoweb-manutention.fr/manutention/chariot-elevateur-manuel/","0","50","29","29","21","-21","true","20","20","3.7143","1","2025-08-15","2025-12-23","2025-12-23","","","","","","","",""
"chariot elevateur 7t","https://www.infoweb-manutention.fr/produit/chariot-elevateur-a-gaz-7t","0","49","49","49","0","0","true","20","20","2.01","1","2025-11-27","2025-11-27","2025-11-27","","","","","","","",""
"prix chariot élévateur","https://www.infoweb-manutention.fr/chariot-elevateur/quel-est-le-meilleur-chariot-elevateur/","0","53","25","25","","","false","40","480","1.41","1","2025-07-24","2025-11-02","2026-04-28","false","false","true","false","false","false","",""
"règle de sécurité chariot élévateur","https://www.infoweb-manutention.fr/chariot-elevateur/comment-descendre-dun-chariot-elevateur/","0","65","65","65","","","false","110","110","1.19","0.05","2025-10-24","2025-10-24","2026-06-01","true","false","false","false","false","false","",""
"roll de stockage","https://www.infoweb-manutention.fr/stockage/roll-conteneur/","0","52","52","52","","","false","40","40","3.06","1","2025-10-17","2025-10-17","2026-07-23","true","false","false","false","false","false","",""
"nacelles elevatrice","https://www.infoweb-manutention.fr/nacelles-elevatrices/","0","63","54","54","","","false","100","1600","0.58","1","2025-09-25","2025-10-07","2026-07-06","true","false","false","false","false","false","",""
"accident chariot élévateur 2022","https://www.infoweb-manutention.fr/chariot-elevateur/tout-savoir-sur-lassurance-des-chariots-elevateurs/","0","68","68","68","","","false","110","110","","","2025-09-24","2025-09-24","2026-01-24","true","false","false","false","false","false","",""
"gerber palette","https://www.infoweb-manutention.fr/manutention/transpalettes/","0","80","80","80","","","false","320","320","1.32","1","2025-09-23","2025-09-23","2026-05-22","","","","","","","",""
"aimant acier","https://www.infoweb-manutention.fr/produit/elevateur-magnetique-a-aimant-en-acier-capacite-poids-1000-kg/","0","55","50","58","","","false","40","40","0.543","1","2025-08-07","2025-09-12","2026-02-05","true","false","false","false","false","false","",""
"cablage telecommande treuil","https://www.infoweb-manutention.fr/produit/treuil-a-cable-electrique-150kg-300kg-telecommande-sans-fill/","0","68","51","51","","","false","110","110","","1","2025-07-28","2025-09-08","2026-06-08","false","false","true","false","false","false","",""
"tire palette prix","https://www.infoweb-manutention.fr/transpalette/prix-des-transpalettes-guide-des-tarifs-complet/","0","58","58","58","","","false","50","50","2.97","0.99","2025-09-04","2025-09-04","2026-01-25","true","false","true","true","false","false","",""
"chariot autoporté fenwick","https://www.infoweb-manutention.fr/chariot-elevateur/fenwick-chariot-elevateur-prix-ce-quil-faut-savoir","0","53","51","51","","","false","40","40","0.5413","0.92","2025-07-24","2025-09-03","2026-01-24","true","false","true","false","false","false","",""
"détendeur gaz chariot élévateur","https://www.infoweb-manutention.fr/categorie/chariot-elevateur-gaz/","0","68","68","68","","","false","110","110","0.2","1","2025-09-03","2025-09-03","2026-06-09","true","false","true","false","false","false","",""
"le chariot avis","https://www.infoweb-manutention.fr/entreprise/le-classement-marques-chariot-elevateur-avis-et-comparatifs/","0","62","62","62","","","false","90","90","","0","2025-08-18","2025-08-18","2025-12-24","","","","","","","",""
"portique roulant","https://www.infoweb-manutention.fr/pont-roulant/6-avantages-du-pont-roulant-a-portique/","0","64","64","64","","","false","110","110","2.86","1","2025-08-17","2025-08-17","2026-05-31","true","false","false","false","false","false","",""
"chariot motorisé électrique","https://www.infoweb-manutention.fr/categorie/chariot-elevateur-electrique/","0","68","68","68","","","false","110","110","1.2","1","2025-08-15","2025-08-15","2026-06-06","false","false","true","false","false","false","",""
"un palan","https://www.infoweb-manutention.fr/treuil-palonnier/palan-a-chaine-guide-conseils-dachat/","0","87","87","87","","","false","733","1000","0.66","0.94","2025-08-15","2025-08-15","2026-06-26","true","false","false","false","false","false","",""
"pieces chariot elevateur fenwick","https://www.infoweb-manutention.fr/project/fenwick/","0","49","49","49","","","false","20","20","","1","2025-08-11","2025-08-11","2025-12-21","","","","","","","",""
"élévateur électrique","https://www.infoweb-manutention.fr/categorie/chariot-elevateur-electrique/","0","62","62","62","","","false","106","1600","1.17","1","2025-08-07","2025-08-07","2026-06-08","false","false","true","false","false","false","",""
"table élévatrice moto électrique","https://www.infoweb-manutention.fr/levage-nacelles-tables-elevatrices/tables-elevatrices-moto/","0","37","37","37","","","false","8","90","0.56","1","2025-07-25","2025-07-25","2026-01-25","false","false","true","true","false","false","",""
"manutention professionnelle","https://www.infoweb-manutention.fr/entreprise/5-raisons-societe-de-levage-et-manutention","0","57","57","57","","","false","50","50","2.02","0.38","2025-07-25","2025-07-25","2026-01-25","true","false","false","false","false","false","",""
"construction batiment industriel prix m2","https://www.infoweb-manutention.fr/btp/le-prix-de-la-renovation-de-locaux-et-entrepots-industriels/","0","55","55","55","","","false","45","50","0.88","0.93","2025-07-24","2025-07-24","2026-01-23","true","false","false","false","false","false","",""
"chariot élévateur manuelle","https://www.infoweb-manutention.fr/manutention/chariot-elevateur-manuel/","0","60","11","28","49","-32","true","44","480","1.39","1","2025-07-25","2026-04-28","2026-04-28","false","false","true","false","false","false","",""
"itm logistique alimentaire int","https://www.infoweb-manutention.fr/table-elevatrice/itm-logistique-alimentaire-international/","0","35","35","50","","","false","5","2400","0.71","0.04","2025-07-28","2026-04-16","2026-07-05","true","false","false","false","false","false","",""
"nacelles élévatrices location","https://www.infoweb-manutention.fr/acheter-ou-louer-une-nacelle-elevatrice/","0","51","51","51","","","false","34","480","0.98","0.33","2026-03-12","2026-03-12","2026-04-22","true","false","false","false","false","false","",""
"chariot elevateur poids","https://www.infoweb-manutention.fr/chariot-elevateur/quel-est-le-meilleur-chariot-elevateur/","0","75","67","87","","","false","210","210","1.22","0.98","2025-09-04","2026-03-11","2026-06-14","true","false","false","false","false","false","",""
"chariot élévateur caces","https://www.infoweb-manutention.fr/caces-chariot-elevateur-guide-complet/","0","78","78","78","","","false","210","210","1.68","0.54","2026-03-11","2026-03-11","2026-05-30","true","false","false","false","false","false","",""
"itm alimentaire international","https://www.infoweb-manutention.fr/table-elevatrice/itm-logistique-alimentaire-international/","0","71","49","49","","","false","200","590","0.4","0.01","2025-11-01","2026-03-04","2026-06-12","true","false","false","false","false","false","",""
"itm alimentaire","https://www.infoweb-manutention.fr/table-elevatrice/itm-logistique-alimentaire-international/","0","74","74","74","","","false","210","210","","0","2026-02-24","2026-02-24","2026-05-19","true","false","false","false","false","false","",""
"prix diable castorama","https://www.infoweb-manutention.fr/manutention/chariot-diable/","0","62","62","62","0","0","true","70","70","0.35","1","2026-01-20","2026-01-20","2026-01-20","","","","","","","",""
"qu est ce que le caces 3","https://www.infoweb-manutention.fr/caces-chariot-elevateur-guide-complet/","0","52","52","52","0","0","true","30","30","","0.06","2026-01-19","2026-01-19","2026-01-19","true","false","false","false","false","false","",""
"comment fonctionne un palan","https://www.infoweb-manutention.fr/treuil-palonnier/palan-a-chaine-guide-conseils-dachat/","0","54","12","12","","","false","30","30","","0.2625","2025-08-14","2026-01-05","2026-01-29","true","false","false","false","false","false","",""
"itm transport","https://www.infoweb-manutention.fr/table-elevatrice/itm-logistique-alimentaire-international/","0","70","57","57","13","-13","true","90","90","1.65","0.03","2025-08-09","2025-12-19","2025-12-19","true","false","false","true","false","false","",""
"caces r389 3","https://www.infoweb-manutention.fr/chariot-elevateur/caces-chariot-elevateur-que-dois-je-savoir/","0","70","70","70","0","0","true","90","90","0.9459","0.01","2025-12-19","2025-12-19","2025-12-19","true","false","false","false","false","false","",""
"consigné de sécurité chariot élévateur","https://www.infoweb-manutention.fr/chariot-elevateur/comment-descendre-dun-chariot-elevateur/","0","42","18","31","","","false","13","140","0.91","0.84","2025-07-24","2025-11-01","2026-06-10","true","false","false","false","false","false","consignes de sécurité chariot élévateur",""
"kiloutou chariot elevateur","https://www.infoweb-manutention.fr/manutention/chariot-elevateur/","0","71","71","71","","","false","170","170","2.78","0.96","2025-10-31","2025-10-31","2026-06-15","false","true","false","false","false","true","",""
"chariot élévateur 2t","https://www.infoweb-manutention.fr/produit/chariot-elevateur-diesel-4x4-2t","0","31","29","29","","","false","5","50","1.6","1","2025-07-27","2025-09-24","2026-01-24","","","","","","","",""
"chariot élévateur diesel","https://www.infoweb-manutention.fr/categorie/chariot-elevateur-diesel/","0","69","48","51","","","false","90","90","1.91","1","2025-07-24","2025-09-24","2026-01-24","true","false","true","true","false","false","",""
"différence dommage ouvrage et décennale","https://www.infoweb-manutention.fr/entreprise/assurance-decennale-et-dommage-ouvrage/","0","68","65","65","","","false","90","90","6.59","0.05","2025-09-01","2025-09-23","2026-06-01","","","","","","","",""
"gerber une palette","https://www.infoweb-manutention.fr/manutention/transpalettes/","0","84","84","84","","","false","480","480","0.93","0.03","2025-09-23","2025-09-23","2026-04-30","true","false","false","false","false","false","",""
"gerber des palettes","https://www.infoweb-manutention.fr/manutention/transpalettes/","0","86","86","97","","","false","480","480","0.93","0.03","2025-08-31","2025-09-23","2026-03-09","true","false","false","false","false","false","",""
"aimant double face 400kg","https://www.infoweb-manutention.fr/produit/aimant-de-levage-400-kg/","0","54","54","54","","","false","30","30","0.8959","1","2025-09-12","2025-09-12","2026-02-05","false","false","true","false","false","false","",""
"fenwick définition","https://www.infoweb-manutention.fr/chariot-elevateur/fenwick-chariot-elevateur-prix-ce-quil-faut-savoir","0","31","30","30","","","false","5","30","","0","2025-08-05","2025-09-10","2026-02-02","true","false","false","false","false","false","",""
"regle de securite chariot elevateur","https://www.infoweb-manutention.fr/chariot-elevateur/norme-passage-chariot-elevateur-tout-savoir/","0","63","61","61","","","false","90","90","0.89","0.05","2025-07-28","2025-09-08","2026-01-28","true","false","false","false","false","false","",""
"telecommande palan electrique","https://www.infoweb-manutention.fr/produit/treuil-electrique-pa1200-palan-220-v-telecommande-avec-un-cable-de-15-m/","0","67","67","67","","","false","90","90","1.34","1","2025-09-08","2025-09-08","2026-01-28","false","false","true","true","false","false","",""
"carrousel logistique","https://www.infoweb-manutention.fr/stockage/","0","57","56","84","","","false","40","40","1.847","0.02","2025-07-25","2025-09-03","2026-01-19","true","false","false","false","false","false","",""
"chariot élévateur grande hauteur","https://www.infoweb-manutention.fr/chariot-elevateur/quel-est-le-meilleur-chariot-elevateur/","0","52","52","52","","","false","30","30","2.13","1","2025-08-21","2025-08-21","2026-01-24","","","","","","","",""
"palan à chaîne 5 tonnes","https://www.infoweb-manutention.fr/produit/palan-a-chaine-05-tonne-de-6-m/","0","57","57","57","","","false","40","40","1.49","1","2025-08-21","2025-08-21","2026-01-19","true","false","true","true","false","false","",""
"diable chariot pliant","https://www.infoweb-manutention.fr/manutention/chariot-diable/","0","56","56","56","","","false","40","40","0.7678","1","2025-08-15","2025-08-15","2025-12-23","false","false","true","true","false","false","",""
"treuil 1000 kg","https://www.infoweb-manutention.fr/produit/palan-electrique-500-1000-kg-treuil-palan-a-chaine-a-levier-1800-w/","0","54","54","54","","","false","30","30","0.8182","1","2025-08-12","2025-08-12","2025-12-21","","","","","","","",""
"chariot transport electrique","https://www.infoweb-manutention.fr/categorie/chariot-elevateur-electrique/","0","58","58","58","","","false","40","40","0.44","1","2025-08-12","2025-08-12","2025-12-21","","","","","","","",""
"rénovation bâtiment industriel","https://www.infoweb-manutention.fr/btp/le-prix-de-la-renovation-de-locaux-et-entrepots-industriels/","0","40","40","40","","","false","6","70","9.31","0.32","2025-07-24","2025-07-24","2026-04-14","true","false","false","false","true","false","",""
"porte-palan","https://www.infoweb-manutention.fr/chariot-porte-palan/","0","73","27","27","46","-46","true","127","140","1.77","1","2025-10-14","2026-05-14","2026-05-14","true","false","false","false","false","false","",""
"itm logistique alimentaire international","https://www.infoweb-manutention.fr/table-elevatrice/itm-logistique-alimentaire-international/","0","40","25","38","","","false","5","2400","0.71","0.04","2025-08-13","2026-04-22","2026-07-05","true","false","false","false","false","false","",""
"nacelle elevateur","https://www.infoweb-manutention.fr/nacelles-elevatrices/","0","80","72","72","","","false","181","2900","0.52","1","2025-07-25","2026-03-17","2026-07-05","true","false","false","false","false","false","nacelle élévatrice",""
"nacelles élévatrices","https://www.infoweb-manutention.fr/nacelles-elevatrices/","0","74","54","73","","","false","181","2900","0.52","1","2025-07-25","2026-03-16","2026-07-05","true","false","false","false","false","false","",""
"nacelle élévateur","https://www.infoweb-manutention.fr/nacelles-elevatrices/","0","76","76","76","","","false","181","2900","0.52","1","2026-03-16","2026-03-16","2026-06-30","true","false","false","false","true","false","nacelle élévatrice",""
"lidl bricolage en ligne","https://www.infoweb-manutention.fr/outillage/parksidelidl-bricolage/","0","74","74","74","","","false","140","140","0.29","1","2026-02-18","2026-02-18","2026-05-26","false","true","false","false","false","true","",""
"aimant 100 kg","https://www.infoweb-manutention.fr/produit/levage-magnetique-aimants-de-levage-100-kg/","0","61","29","32","32","-29","true","50","50","0.39","1","2025-08-07","2026-02-05","2026-02-05","false","false","true","false","false","false","",""
"chariot de levage manuel","https://www.infoweb-manutention.fr/manutention/chariot-elevateur-manuel/","0","68","6","7","62","-61","true","70","70","0.64","0.99","2025-08-11","2026-01-25","2026-01-25","false","false","true","true","false","false","",""
"jalet manutention","https://www.infoweb-manutention.fr/chariot-elevateur/caisse-de-levage-chariot-fenwick-chariot-nissan-heister/","0","62","62","62","0","0","true","50","50","","0.06","2026-01-25","2026-01-25","2026-01-25","true","false","false","false","false","false","",""
"chariot élévateur gaz ou diesel","https://www.infoweb-manutention.fr/chariot-elevateur/guide-complet-un-chariot-elevateur-diesel/","0","43","17","19","26","-24","true","10","10","","0.29","2025-07-24","2026-01-24","2026-01-24","true","false","false","false","false","false","",""
"hauteur chariot élévateur","https://www.infoweb-manutention.fr/chariot-elevateur/norme-passage-chariot-elevateur-tout-savoir/","0","61","31","31","30","-30","true","50","50","1.39","0.86","2025-07-26","2026-01-24","2026-01-24","true","false","true","false","false","false","",""
"itm logistique alimentaire","https://www.infoweb-manutention.fr/table-elevatrice/itm-logistique-alimentaire-international/","0","69","33","37","36","-32","true","70","70","","0.02","2025-08-13","2026-01-24","2026-01-24","true","false","false","false","false","false","",""
"chariot élévateur catégorie 7","https://www.infoweb-manutention.fr/chariot-elevateur/caces-chariot-elevateur-que-dois-je-savoir/","0","44","44","44","0","0","true","10","10","","0.24","2026-01-24","2026-01-24","2026-01-24","true","false","false","false","false","false","",""
"aimant puissant 200 kg","https://www.infoweb-manutention.fr/produit/treuil-palan-electrique-treuil100-200kg","0","47","19","19","","","false","10","10","0.24","1","2025-08-15","2026-01-06","2026-02-06","true","false","true","false","false","false","",""
"consigne de sécurité pour chariot élévateur","https://www.infoweb-manutention.fr/chariot-elevateur/comment-descendre-dun-chariot-elevateur/","0","46","46","57","","","false","10","10","","1","2025-07-24","2025-12-31","2026-01-24","true","false","false","false","false","false","",""
"comment choisir huile hydraulique","https://www.infoweb-manutention.fr/chariot-elevateur/choix-de-lhuile-hydraulique-pour-chariot-elevateur/","0","45","45","45","0","0","true","10","10","","0.33","2025-12-26","2025-12-26","2025-12-26","","","","","","","",""
"calcul allée de circulation entrepôt","https://www.infoweb-manutention.fr/chariot-elevateur/norme-passage-chariot-elevateur-tout-savoir/","0","48","28","28","20","-20","true","10","10","","0.0336","2025-08-16","2025-12-23","2025-12-23","true","false","false","false","false","false","",""
"petit elevateur manuel","https://www.infoweb-manutention.fr/manutention/chariot-elevateur-manuel/","0","44","44","44","0","0","true","10","10","0.15","1","2025-12-23","2025-12-23","2025-12-23","","","","","","","",""
"transpal electrique","https://www.infoweb-manutention.fr/transpalette/securite-incendie-precautions-transpalettes-electriques/","0","93","41","70","","","false","864","9900","2.95","1","2025-10-22","2025-12-14","2026-07-17","true","false","false","false","false","false","transpalette électrique",""
"rolls de transport","https://www.infoweb-manutention.fr/stockage/roll-conteneur/","0","66","66","66","0","0","true","64","70","7.12","1","2025-11-06","2025-11-06","2025-11-06","","","","","","","",""
"un diable outil","https://www.infoweb-manutention.fr/manutention/chariot-diable/","0","90","87","87","","","false","436","480","0.65","0.97","2025-08-17","2025-10-29","2026-04-22","true","false","false","false","false","false","",""
"roll manutention","https://www.infoweb-manutention.fr/stockage/roll-conteneur/","0","88","88","88","","","false","400","480","4.26","1","2025-10-28","2025-10-28","2026-07-20","true","false","true","false","true","false","",""
"nacelle elevatrice manuelle","https://www.infoweb-manutention.fr/nacelles-elevatrices/","0","75","75","75","","","false","170","170","1.21","1","2025-10-26","2025-10-26","2026-06-14","","","","","","","",""
"location transpalette pas cher","https://www.infoweb-manutention.fr/transpalette/5-astuces-pour-trouver-un-transpalette-pas-cher","0","46","46","46","","","false","10","10","1.5555","1","2025-10-16","2025-10-16","2025-10-17","","","","","","","",""
"nacel elevatrice","https://www.infoweb-manutention.fr/nacelles-elevatrices/","0","76","67","67","","","false","181","1900","0.4","1","2025-08-15","2025-10-07","2026-07-08","true","false","false","false","false","false","",""
"palan electrique 3 tonnes","https://www.infoweb-manutention.fr/produit/palan-a-chaine-3-tonnes/","0","57","39","63","","","false","30","30","1.83","1","2025-07-25","2025-09-25","2026-01-25","true","false","true","false","false","false","",""
"chariot elevateur 4t","https://www.infoweb-manutention.fr/categorie/chariot-elevateur-electrique/","0","51","51","70","","","false","20","20","0.51","1","2025-07-25","2025-09-25","2026-01-19","false","false","true","false","false","false","",""
"chariot elevateur fenwick gaz","https://www.infoweb-manutention.fr/chariot-elevateur/fenwick-chariot-elevateur-prix-ce-quil-faut-savoir","0","57","56","68","","","false","30","30","3.3987","0.69","2025-07-25","2025-09-25","2026-01-25","true","false","true","false","false","false","",""
"chariot élévateur 3 tonnes","https://www.infoweb-manutention.fr/produit/chariot-elevateur-electrique-3t/","0","38","38","38","","","false","5","70","3","1","2025-09-24","2025-09-24","2026-01-24","false","false","true","true","false","false","",""
"optimisation de stockage","https://www.infoweb-manutention.fr/stockage/","0","41","41","47","","","false","10","10","","0.11","2025-08-21","2025-09-24","2026-01-24","true","false","false","false","false","false","",""
"financement chariot élévateur","https://www.infoweb-manutention.fr/transpalette/comment-financer-lachat-dun-transpalette-professionnel","0","45","45","45","","","false","10","10","","","2025-09-24","2025-09-24","2026-01-24","true","false","false","false","false","false","",""
"chariot élévateur jouet fenwick","https://www.infoweb-manutention.fr/chariot-elevateur/fenwick-chariot-elevateur-prix-ce-quil-faut-savoir","0","52","52","70","","","false","20","20","0.1","1","2025-09-03","2025-09-24","2026-01-24","false","false","true","true","false","false","",""
"dommage ouvrage et décennale","https://www.infoweb-manutention.fr/entreprise/assurance-decennale-et-dommage-ouvrage/","0","53","53","56","","","false","24","260","2.71","0.18","2025-09-01","2025-09-23","2026-05-19","","","","","","","",""
"chariot de manutention électrique","https://www.infoweb-manutention.fr/categorie/chariot-elevateur-electrique/","0","69","61","72","","","false","70","70","2.4","1","2025-07-24","2025-09-11","2026-01-24","true","false","true","true","false","false","",""
"treuil et palan","https://www.infoweb-manutention.fr/categorie/palan-treuils/","0","78","75","75","","","false","170","170","0.93","1","2025-07-28","2025-09-08","2026-05-16","true","false","true","false","false","false","",""
"transpalette elevateur manuel","https://www.infoweb-manutention.fr/manutention/transpalettes/","0","52","52","77","","","false","20","20","1","1","2025-07-25","2025-09-04","2026-01-25","true","false","true","false","false","false","",""
"chariot de manutention electrique","https://www.infoweb-manutention.fr/categorie/chariot-elevateur-electrique/","0","64","62","67","","","false","70","70","2.4","1","2025-07-25","2025-09-04","2026-01-25","true","false","false","false","false","false","",""
"treuil à câble","https://www.infoweb-manutention.fr/produit/treuil-a-cable-electrique-150kg-300kg-telecommande-sans-fill/","0","75","75","75","","","false","170","170","0.59","1","2025-09-04","2025-09-04","2026-05-24","false","false","true","false","false","false","",""
"gerbeur définition","https://www.infoweb-manutention.fr/manutention/gerbeur/","0","48","48","48","","","false","10","110","0.54","0.09","2025-09-03","2025-09-03","2026-06-13","true","false","false","false","false","false","",""
"fenwick caces 4","https://www.infoweb-manutention.fr/gerbeur/le-gerbeur-fenwick-tout-savoir-sur-cet-appareil/","0","60","60","60","","","false","30","30","","0.2208","2025-08-21","2025-08-21","2026-02-09","","","","","","","",""
"le gerbeur","https://www.infoweb-manutention.fr/gerbeur/le-gerbeur-fenwick-tout-savoir-sur-cet-appareil/","0","69","69","91","","","false","75","90","1.05","1","2025-07-24","2025-08-21","2026-01-24","true","false","false","false","false","false","",""
"accessoire fenwick","https://www.infoweb-manutention.fr/gerbeur/le-gerbeur-fenwick-tout-savoir-sur-cet-appareil/","0","55","55","55","","","false","30","30","1.04","1","2025-08-18","2025-08-18","2025-12-24","","","","","","","",""
"treuil à cable","https://www.infoweb-manutention.fr/produit/treuil-a-cable-electrique-150kg-300kg-telecommande-sans-fill/","0","76","76","76","","","false","170","170","0.59","1","2025-08-11","2025-08-11","2026-06-14","","","","","","","",""
"treuil électrique 1000 kg","https://www.infoweb-manutention.fr/produit/palan-electrique-500-1000-kg-treuil-palan-a-chaine-a-levier-1800-w/","0","49","49","49","","","false","13","140","0.54","1","2025-08-09","2025-08-09","2026-06-09","false","false","true","false","false","false","",""
"chariot electrique manutention","https://www.infoweb-manutention.fr/categorie/chariot-elevateur-electrique/","0","78","78","78","","","false","170","170","1.01","0.99","2025-08-07","2025-08-07","2026-06-08","","","","","","","",""
"lidl fr bricolage","https://www.infoweb-manutention.fr/outillage/parksidelidl-bricolage/","0","68","68","68","","","false","65","720","0.06","1","2025-08-06","2025-08-06","2026-07-02","false","true","false","false","false","true","",""
"table a moto","https://www.infoweb-manutention.fr/levage-nacelles-tables-elevatrices/tables-elevatrices-moto/","0","47","47","47","","","false","10","10","1.46","1","2025-08-05","2025-08-05","2026-01-25","false","false","true","true","false","false","",""
"plateforme élévatrice moto","https://www.infoweb-manutention.fr/levage-nacelles-tables-elevatrices/tables-elevatrices-moto/","0","40","40","40","","","false","5","40","0.28","1","2025-07-25","2025-07-25","2026-01-25","false","false","true","true","false","false","",""
"prix m2 bâtiment industriel","https://www.infoweb-manutention.fr/btp/le-prix-de-la-renovation-de-locaux-et-entrepots-industriels/","0","59","59","59","","","false","35","390","1.64","1","2025-07-25","2025-07-25","2026-06-09","","","","","","","",""
"chariot à mât rétractable","https://www.infoweb-manutention.fr/produit/mat-retractable-2-000-kg-a-2500-kg/","0","86","86","86","","","false","390","390","2.86","0.84","2025-07-25","2025-07-25","2026-07-23","true","false","false","false","false","false","",""
"prix construction batiment industriel","https://www.infoweb-manutention.fr/btp/le-prix-de-la-renovation-de-locaux-et-entrepots-industriels/","0","65","65","65","","","false","70","70","1.15","0.93","2025-07-24","2025-07-24","2026-01-19","true","false","false","false","false","false","",""
"coût construction batiment industriel","https://www.infoweb-manutention.fr/btp/le-prix-de-la-renovation-de-locaux-et-entrepots-industriels/","0","67","67","67","","","false","70","70","1.58","0.49","2025-07-24","2025-07-24","2026-01-24","true","false","false","false","false","false","",""
"chariot elevateur caces","https://www.infoweb-manutention.fr/caces-chariot-elevateur-guide-complet/","0","83","83","83","","","false","210","210","1.09","0.64","2026-03-23","2026-03-23","2026-06-07","true","false","false","false","false","false","",""
"cout location nacelle","https://www.infoweb-manutention.fr/acheter-ou-louer-une-nacelle-elevatrice/","0","68","68","68","0","0","true","40","40","0.59","0.21","2026-03-19","2026-03-19","2026-03-19","true","false","true","false","false","false","",""
"chariot elevateur electrique","https://www.infoweb-manutention.fr/categorie/chariot-elevateur-electrique/","0","75","56","69","","","false","106","1600","2.79","0.99","2025-07-24","2026-03-11","2026-06-27","true","false","false","false","false","false","",""
"chariot élévateur prix","https://www.infoweb-manutention.fr/entreprise/le-classement-marques-chariot-elevateur-avis-et-comparatifs/","0","67","32","32","","","false","40","480","1.29","1","2025-07-25","2026-03-10","2026-04-27","false","false","true","false","false","false","",""
"rolls logistique","https://www.infoweb-manutention.fr/stockage/roll-conteneur/","0","88","88","88","","","false","291","260","2.64","1","2026-03-05","2026-03-05","2026-05-28","true","false","false","false","false","false","",""
"aimant 600 kg","https://www.infoweb-manutention.fr/produit/levage-magnetique-grue-600-kg/","0","70","26","26","44","-44","true","40","40","0.4138","1","2025-09-12","2026-02-05","2026-02-05","true","false","true","false","false","false","",""
"chariot élévateur fenwick prix","https://www.infoweb-manutention.fr/chariot-elevateur/fenwick-chariot-elevateur-prix-ce-quil-faut-savoir/","0","66","29","35","37","-31","true","50","50","1.1021","1","2025-08-04","2026-02-02","2026-02-02","true","false","true","false","false","false","",""
"comment choisir un diable","https://www.infoweb-manutention.fr/manutention/chariots-manuels-diables/les-diables-pour-votre-entrepot/","0","49","25","38","24","-11","true","10","10","","0.71","2025-07-30","2026-01-29","2026-01-29","true","false","true","false","false","false","",""
"transpalette electrique pas cher","https://www.infoweb-manutention.fr/transpalette/prix-des-transpalettes-guide-des-tarifs-complet/","0","69","58","58","11","-11","true","45","50","6.51","1","2025-08-23","2026-01-28","2026-01-28","false","false","true","false","false","false","",""
"aimant de levage 300 kg","https://www.infoweb-manutention.fr/produit/levage-magnetique-300-kg/","0","63","24","27","39","-36","true","40","40","0.71","1","2025-07-28","2026-01-25","2026-01-25","false","false","true","true","false","false","",""
"fabricant chariot élévateur","https://www.infoweb-manutention.fr/fabricants-chariots-elevateurs/","0","58","11","17","47","-41","true","20","20","5.73","0.96","2025-07-24","2026-01-24","2026-01-24","true","false","false","false","false","false","",""
"gaz chariot élévateur","https://www.infoweb-manutention.fr/categorie/chariot-elevateur-gaz/","0","81","39","46","","","false","210","210","13.69","0.08","2025-07-24","2026-01-24","2026-05-15","true","false","false","false","false","false","",""
"permis chariot élévateur","https://www.infoweb-manutention.fr/caces-chariot-elevateur-guide-complet/","0","88","80","80","","","false","260","260","1.55","0.26","2026-01-02","2026-01-24","2026-05-29","true","false","false","false","false","false","",""
"certificat de conformité chariot élévateur","https://www.infoweb-manutention.fr/chariot-elevateur/caces-chariot-elevateur-que-dois-je-savoir/","0","68","39","52","","","false","50","50","2.05","0.06","2025-08-15","2026-01-06","2026-01-24","true","false","false","false","false","false","",""
"nacelle chariot élévateur","https://www.infoweb-manutention.fr/nacelles-elevatrices/","0","83","56","56","","","false","260","260","2.28","1","2025-07-24","2026-01-05","2026-05-30","true","false","false","false","false","false","",""
"gerbeur manuel pas cher","https://www.infoweb-manutention.fr/manutention/chariot-elevateur-manuel/","0","62","62","62","","","false","30","30","1.86","1","2026-01-04","2026-01-04","2026-01-25","false","false","true","true","false","false","",""
"aimant de levage 100 kg","https://www.infoweb-manutention.fr/produit/levage-magnetique-aimants-de-levage-100-kg/","0","57","24","24","33","-33","true","20","20","1.4001","0.9945","2025-08-12","2026-01-03","2026-01-03","","","","","","","",""
"diable élévateur manuel","https://www.infoweb-manutention.fr/manutention/chariot-elevateur-manuel/","0","71","52","52","","","false","110","110","2.17","1","2025-11-02","2026-01-03","2026-05-15","","","","","","","",""
"achat diable","https://www.infoweb-manutention.fr/manutention/chariot-diable/","0","89","62","62","","","false","320","320","0.6","1","2025-10-27","2026-01-02","2026-05-31","true","false","true","false","false","false","",""
"fenwick l10","https://www.infoweb-manutention.fr/gerbeur/le-gerbeur-fenwick-tout-savoir-sur-cet-appareil/","0","72","72","72","","","false","110","110","1.85","1","2026-01-02","2026-01-02","2026-05-29","","","","","","","",""
"fenwick prix neuf","https://www.infoweb-manutention.fr/chariot-elevateur/fenwick-chariot-elevateur-prix-ce-quil-faut-savoir/","0","77","11","22","","","false","110","110","0.83","1","2025-07-25","2026-01-01","2026-05-12","true","false","false","false","false","false","",""
"hauteur chariot elevateur","https://www.infoweb-manutention.fr/chariot-elevateur/norme-passage-chariot-elevateur-tout-savoir/","0","68","31","37","","","false","50","50","1.39","0.86","2025-07-25","2025-12-31","2026-01-24","true","false","false","false","false","false","",""
"chariot élévateur poids","https://www.infoweb-manutention.fr/chariot-elevateur/quel-est-le-meilleur-chariot-elevateur/","0","83","57","66","","","false","210","210","0.85","0.98","2025-07-24","2025-12-31","2026-05-21","true","false","false","false","false","false","",""
"construction bâtiment industriel prix m2","https://www.infoweb-manutention.fr/btp/le-prix-de-la-renovation-de-locaux-et-entrepots-industriels/","0","48","48","48","","","false","6","70","1.34","0.49","2025-12-30","2025-12-30","2026-01-24","true","false","false","false","false","false","",""
"transport fenwick","https://www.infoweb-manutention.fr/gerbeur/le-gerbeur-fenwick-tout-savoir-sur-cet-appareil/","0","53","39","39","14","-14","true","20","20","2.29","0.22","2025-08-18","2025-12-25","2025-12-25","true","false","true","true","false","false","",""
"chariot élévateur prix neuf","https://www.infoweb-manutention.fr/chariot-elevateur/quel-prix-pour-un-prix-chariot-elevateur-neuf-noatre-avis/","0","42","42","42","0","0","true","5","70","2.01","1","2025-12-23","2025-12-23","2025-12-23","","","","","","","",""
"nacelle élévatrice manuelle","https://www.infoweb-manutention.fr/acheter-ou-louer-une-nacelle-elevatrice/","0","74","74","74","","","false","110","110","0.64","0.99","2025-12-19","2025-12-19","2026-05-21","","","","","","","",""
"achat pont roulant","https://www.infoweb-manutention.fr/table-elevatrice/levage-ponts-roulants-potences/pont-roulant-a-commande-manuelle/","0","67","67","67","0","0","true","40","40","1.7407","0.06","2025-11-30","2025-11-30","2025-11-30","","","","","","","",""
"treuil manuel 3 tonnes","https://www.infoweb-manutention.fr/produit/treuil-manuel-3-2-t-treuil-de-main-corde-20-m/","0","73","73","73","","","false","110","110","1.07","1","2025-11-29","2025-11-29","2026-06-11","false","false","true","false","false","false","",""
"rolls de manutention","https://www.infoweb-manutention.fr/stockage/roll-conteneur/","0","88","88","88","","","false","217","260","3.28","1","2025-11-26","2025-11-26","2026-07-23","true","false","false","false","false","false","",""
"petite remorque fermée pour voiture","https://www.infoweb-manutention.fr/accueil/vehicule-remorques/","0","79","79","79","","","false","110","110","0.24","1","2025-10-29","2025-10-29","2026-05-30","false","false","true","false","false","false","",""
"accident fenwick","https://www.infoweb-manutention.fr/chariot-elevateur/tout-savoir-sur-lassurance-des-chariots-elevateurs/","0","75","75","75","","","false","110","110","","","2025-10-24","2025-10-24","2026-05-04","true","false","false","false","false","false","",""
"accessoire pont roulant","https://www.infoweb-manutention.fr/levage/levage-ponts-roulants-potences/","0","60","60","60","","","false","20","20","1.8098","1","2025-10-21","2025-10-21","2025-12-31","false","false","true","false","false","false","",""
"transpalette électrique prix","https://www.infoweb-manutention.fr/transpalette/prix-des-transpalettes-guide-des-tarifs-complet/","0","64","64","64","","","false","44","480","3.26","1","2025-10-18","2025-10-18","2026-04-22","true","false","true","false","false","false","",""
"fenwick transpalette electrique","https://www.infoweb-manutention.fr/gerbeur/le-gerbeur-fenwick-tout-savoir-sur-cet-appareil/","0","65","65","65","","","false","40","480","1.67","1","2025-10-12","2025-10-12","2026-04-29","true","false","true","false","false","false","",""
"remorque chariot elevateur","https://www.infoweb-manutention.fr/accueil/vehicule-remorques/","0","62","62","62","","","false","40","40","1.1084","1","2025-10-02","2025-10-02","2026-04-01","true","false","false","false","false","false","",""
"optimisation stockage","https://www.infoweb-manutention.fr/stockage/","0","42","42","54","","","false","5","50","1.03","0.13","2025-07-25","2025-09-25","2026-07-16","true","false","false","false","false","false","",""
"pont de levage industriel","https://www.infoweb-manutention.fr/levage/levage-ponts-roulants-potences/","0","46","45","68","","","false","6","70","1","1","2025-07-25","2025-09-25","2026-01-25","true","false","true","false","false","false","",""
"installation pont roulant","https://www.infoweb-manutention.fr/pont-roulant/guide-sur-la-securite-des-ponts-roulants/","0","58","58","97","","","false","20","20","5.27","0.25","2025-07-25","2025-09-25","2026-01-25","","","","","","","",""
"transpalette electrique elevateur","https://www.infoweb-manutention.fr/manutention/transpalettes/","0","60","60","60","","","false","20","20","4.16","1","2025-09-25","2025-09-25","2026-01-25","true","false","true","false","false","false","",""
"obligation caces employeur","https://www.infoweb-manutention.fr/chariot-elevateur/est-il-obligatoire-davoir-un-caces/","0","74","73","86","","","false","90","90","2.47","0.01","2025-07-25","2025-09-25","2026-01-19","true","false","false","false","false","false","",""
"consignes de sécurité chariot élévateur","https://www.infoweb-manutention.fr/chariot-elevateur/comment-descendre-dun-chariot-elevateur/","0","78","41","42","","","false","127","170","0.46","0.99","2025-07-24","2025-09-24","2026-05-19","","","","","","","",""
"écartement fourche chariot élévateur","https://www.infoweb-manutention.fr/chariot-elevateur/norme-passage-chariot-elevateur-tout-savoir/","0","62","51","51","","","false","40","40","0.74","0.44","2025-07-24","2025-09-24","2026-01-19","true","false","true","false","false","false","",""
"transpalette definition","https://www.infoweb-manutention.fr/manutention/transpalettes/","0","75","61","61","","","false","131","170","1.6","0.01","2025-07-25","2025-09-24","2026-06-12","true","false","false","false","false","false","",""
"petit élévateur électrique","https://www.infoweb-manutention.fr/categorie/chariot-elevateur-electrique/","0","66","66","85","","","false","40","40","0.69","1","2025-09-03","2025-09-24","2026-01-24","false","false","true","true","false","false","",""
"un chariot élévateur","https://www.infoweb-manutention.fr/entreprise/le-classement-marques-chariot-elevateur-avis-et-comparatifs/","0","78","78","94","","","false","140","140","1.97","0.99","2025-07-24","2025-09-24","2026-06-05","true","false","false","false","false","false","",""
"différence entre assurance dommage ouvrage et decennale","https://www.infoweb-manutention.fr/entreprise/assurance-decennale-et-dommage-ouvrage/","0","49","39","39","","","false","10","10","","0.0816","2025-09-01","2025-09-23","2026-01-24","true","false","false","false","false","false","",""
"chariots élévateurs","https://www.infoweb-manutention.fr/entreprise/le-classement-marques-chariot-elevateur-avis-et-comparatifs/","0","85","85","87","","","false","320","320","2.73","1","2025-09-10","2025-09-15","2026-05-16","true","false","false","false","false","false","",""
"aimant neodyme 300kg","https://www.infoweb-manutention.fr/produit/elevateur-magnetique-a-aimant-en-acier-capacite-poids-300-kg/","0","55","55","57","","","false","20","20","0.74","1","2025-08-07","2025-09-12","2026-02-05","true","false","true","false","false","false","",""
"chariot table élévatrice","https://www.infoweb-manutention.fr/table-elevatrice/","0","76","76","76","","","false","90","90","1.59","1","2025-09-12","2025-09-12","2026-01-25","false","false","true","true","false","false","",""
"roll conteneur","https://www.infoweb-manutention.fr/stockage/roll-conteneur/","0","62","62","74","","","false","38","720","6.92","1","2025-09-03","2025-09-10","2026-07-23","true","false","false","false","false","false","",""
"chariot elevateur jungheinrich","https://www.infoweb-manutention.fr/entreprise/le-classement-marques-chariot-elevateur-avis-et-comparatifs/","0","89","89","89","","","false","320","320","2.2","0.99","2025-09-08","2025-09-08","2026-06-04","false","false","false","false","false","true","",""
"chariot transpalette electrique","https://www.infoweb-manutention.fr/manutention/transpalettes/","0","59","59","75","","","false","20","20","3.62","1","2025-08-21","2025-09-04","2026-01-25","true","false","true","true","false","false","",""
"chariot élévateur france","https://www.infoweb-manutention.fr/entreprise/le-classement-marques-chariot-elevateur-avis-et-comparatifs/","0","59","59","72","","","false","20","20","4.82","1","2025-07-25","2025-09-03","2026-01-24","true","false","false","false","false","false","",""
"gerbeur def","https://www.infoweb-manutention.fr/manutention/gerbeur/","0","71","71","71","","","false","110","110","0.54","0.09","2025-09-03","2025-09-03","2026-05-03","true","false","false","false","false","false","",""
"nacelles elevatrices","https://www.infoweb-manutention.fr/nacelles-elevatrices/","0","79","67","67","","","false","118","1300","0.69","1","2025-08-15","2025-09-02","2026-06-30","true","false","false","false","false","false","",""
"mat chariot elevateur occasion","https://www.infoweb-manutention.fr/chariot-elevateur/ou-acheter-des-chariots-a-mat-retractable-doccasion/","0","68","68","68","","","false","50","50","1.97","1","2025-08-23","2025-08-23","2026-01-28","false","false","true","false","false","false","",""
"chariot élévateur electrique","https://www.infoweb-manutention.fr/categorie/chariot-elevateur-electrique/","0","78","78","78","","","false","106","1600","2.79","0.99","2025-08-21","2025-08-21","2026-06-18","false","false","true","false","false","false","",""
"evolution des ponts","https://www.infoweb-manutention.fr/treuil-palonnier/levolution-des-ponts-roulants-industriels-innovations-technologiques-et-performance/","0","78","78","78","","","false","100","110","","0","2025-08-15","2025-08-15","2026-06-01","true","false","false","false","false","false","",""
"solution de stockage industriel","https://www.infoweb-manutention.fr/stockage/","0","60","60","60","","","false","20","20","11.94","0.64","2025-08-10","2025-08-10","2026-05-20","true","false","false","false","true","false","",""
"fenwick jungheinrich","https://www.infoweb-manutention.fr/entreprise/le-classement-marques-chariot-elevateur-avis-et-comparatifs/","0","61","61","61","","","false","40","40","0.2465","1","2025-08-10","2025-08-10","2025-12-20","true","false","false","false","false","false","",""
"table élévatrice hydraulique moto","https://www.infoweb-manutention.fr/levage-nacelles-tables-elevatrices/tables-elevatrices-moto/","0","60","60","95","","","false","20","20","0.81","1","2025-07-27","2025-08-07","2026-01-25","false","false","true","true","false","false","",""
"télécommande pont roulant","https://www.infoweb-manutention.fr/table-elevatrice/levage-ponts-roulants-potences/pont-roulant-a-commande-manuelle","0","72","72","72","","","false","90","90","2.25","1","2025-08-05","2025-08-05","2025-12-25","","","","","","","",""
"table elevatrice moto pneumatique","https://www.infoweb-manutention.fr/levage-nacelles-tables-elevatrices/tables-elevatrices-moto/","0","62","62","62","","","false","45","50","0.72","1","2025-07-25","2025-07-25","2026-01-25","false","false","true","true","false","false","",""
"prix construction entrepot m2","https://www.infoweb-manutention.fr/btp/le-prix-de-la-renovation-de-locaux-et-entrepots-industriels/","0","54","54","54","","","false","20","20","1.58","1","2025-07-24","2025-07-24","2026-01-24","true","false","false","false","false","false","",""
"estimation batiment industriel","https://www.infoweb-manutention.fr/btp/le-prix-de-la-renovation-de-locaux-et-entrepots-industriels/","0","64","64","64","","","false","40","40","1.63","0.44","2025-07-24","2025-07-24","2026-01-19","true","false","false","false","false","false","",""
"bâtiment industriel prix","https://www.infoweb-manutention.fr/btp/le-prix-de-la-renovation-de-locaux-et-entrepots-industriels/","0","85","85","85","","","false","260","260","1.6","1","2025-07-24","2025-07-24","2026-05-29","true","false","false","false","false","false","",""
"chariot porte palan","https://www.infoweb-manutention.fr/chariot-porte-palan/","0","75","48","61","27","-14","true","44","480","1.73","1","2025-07-26","2026-04-27","2026-04-27","","","","","","","",""
"comparatif remorque voiture","https://www.infoweb-manutention.fr/accessoire/les-remorques-pour-voitures-lesquelles-choisir/","0","55","55","55","0","0","true","10","10","0.1284","0.57","2026-03-23","2026-03-23","2026-03-23","true","false","false","false","false","false","",""
"conduire sans caces","https://www.infoweb-manutention.fr/chariot-elevateur/est-il-obligatoire-davoir-un-caces/","0","68","53","53","15","-15","true","20","20","","0.0286","2025-09-20","2026-03-20","2026-03-20","true","false","false","false","false","false","",""
"maintenance pont roulant pdf","https://www.infoweb-manutention.fr/pont-roulant/guide-sur-la-securite-des-ponts-roulants/","0","66","66","66","0","0","true","20","20","2.3039","0.4341","2026-03-20","2026-03-20","2026-03-20","","","","","","","",""
"palan schéma","https://www.infoweb-manutention.fr/treuil-palonnier/palan-a-chaine-guide-conseils-dachat/","0","88","88","88","","","false","110","110","","1","2026-03-19","2026-03-19","2026-05-15","true","false","false","false","false","false","",""
"chariot élévateur à gaz","https://www.infoweb-manutention.fr/categorie/chariot-elevateur-gaz/","0","91","43","43","","","false","260","260","2.9","1","2025-07-25","2026-03-04","2026-06-02","true","false","true","false","false","false","",""
"lidl catalogue jardinage parkside","https://www.infoweb-manutention.fr/outillage/parksidelidl-bricolage/","0","81","81","81","","","false","170","170","0.25","0.09","2026-03-04","2026-03-04","2026-06-08","true","false","false","false","false","true","",""
"aimant 400kg","https://www.infoweb-manutention.fr/produit/aimant-de-levage-magnetique-400kg/","0","54","10","10","44","-44","true","5","30","0.3","0.93","2025-08-07","2026-02-05","2026-02-05","false","false","true","false","false","false","aimant 400 kg",""
"treuil palan electrique","https://www.infoweb-manutention.fr/produit/treuil-a-cable-electrique-400-800-kg-palan-electrique/","0","80","30","54","50","-26","true","82","90","0.93","1","2025-07-28","2026-01-28","2026-01-28","false","false","true","true","false","false","",""
"aimant de levage 1000 kg","https://www.infoweb-manutention.fr/produit/aimant-de-levage-magnetique-1000-kg/","0","75","18","23","57","-52","true","50","50","3.36","1","2025-07-25","2026-01-25","2026-01-25","true","false","true","false","false","false","",""
"chariot élévateur gaz prix","https://www.infoweb-manutention.fr/categorie/chariot-elevateur-gaz/","0","61","24","31","37","-30","true","20","20","1.23","1","2025-07-25","2026-01-25","2026-01-25","true","false","true","false","false","false","",""
"chariot elevateur gaz prix","https://www.infoweb-manutention.fr/categorie/chariot-elevateur-gaz/","0","67","25","28","42","-39","true","20","20","1.23","1","2025-07-25","2026-01-25","2026-01-25","true","false","true","true","false","false","",""
"fabricant chariot elevateur","https://www.infoweb-manutention.fr/fabricants-chariots-elevateurs/","0","66","9","11","57","-55","true","20","20","5.73","0.96","2025-07-25","2026-01-24","2026-01-24","true","false","false","false","true","false","",""
"chariot levage manuel","https://www.infoweb-manutention.fr/manutention/chariot-elevateur-manuel/","0","58","8","25","50","-33","true","10","10","3.3","1","2025-07-25","2026-01-19","2026-01-19","false","false","true","true","false","false","",""
"bâtiment industriel prix m2","https://www.infoweb-manutention.fr/btp/le-prix-de-la-renovation-de-locaux-et-entrepots-industriels/","0","57","48","48","9","-9","true","5","50","1.83","1","2025-07-25","2026-01-19","2026-01-19","true","false","false","false","false","false","",""
"chariot elevateur 5 tonnes","https://www.infoweb-manutention.fr/produit/chariot-elevateur-a-gaz-5t/","0","87","87","87","0","0","true","70","70","3","1","2026-01-19","2026-01-19","2026-01-19","true","false","true","false","false","false","",""
"chariot élévateur 5 tonnes","https://www.infoweb-manutention.fr/produit/chariot-elevateur-a-gaz-5t/","0","89","89","89","","","false","140","140","2.38","1","2026-01-19","2026-01-19","2026-06-02","false","false","true","false","false","false","",""
"aimant de levage 600 kg","https://www.infoweb-manutention.fr/produit/levage-magnetique-grue-600-kg/","0","62","48","93","","","false","10","10","1.44","0.09","2025-07-24","2026-01-11","2026-02-06","","","","","","","",""
"chariot élévateur dimensions","https://www.infoweb-manutention.fr/chariot-elevateur/norme-passage-chariot-elevateur-tout-savoir/","0","83","24","24","","","false","70","70","1.19","1","2025-07-24","2026-01-06","2026-01-24","true","false","false","false","false","false","",""
"fenwick categorie 5","https://www.infoweb-manutention.fr/gerbeur/le-gerbeur-fenwick-tout-savoir-sur-cet-appareil/","0","83","72","91","","","false","70","70","2.57","0.91","2025-07-27","2026-01-06","2026-01-24","true","false","false","false","false","false","",""
"chariot elevateur fenwick prix","https://www.infoweb-manutention.fr/chariot-elevateur/fenwick-chariot-elevateur-prix-ce-quil-faut-savoir/","0","66","22","28","","","false","30","30","0.81","1","2025-07-25","2026-01-05","2026-01-25","true","false","true","true","false","false","",""
"chariot élévateur électrique fenwick","https://www.infoweb-manutention.fr/chariot-elevateur/fenwick-chariot-elevateur-prix-ce-quil-faut-savoir/","0","69","33","35","","","false","20","20","1.53","1","2025-07-25","2026-01-05","2026-01-24","true","false","true","false","false","false","",""
"transpalette gaz","https://www.infoweb-manutention.fr/categorie/chariot-elevateur-gaz/","0","66","30","30","","","false","20","20","0.3","1","2025-07-25","2026-01-04","2026-01-24","true","false","true","false","false","false","",""
"aimant de levage fonctionnement","https://www.infoweb-manutention.fr/produit/aimant-de-levage-magnetique-1000-kg/","0","54","39","65","15","+11","true","10","10","","0.86","2025-08-13","2026-01-04","2026-01-04","","","","","","","",""
"diable charge lourdes","https://www.infoweb-manutention.fr/manutention/chariot-diable/","0","99","99","99","","","false","320","320","1.7","1","2026-01-04","2026-01-04","2026-06-08","false","false","true","false","false","false","",""
"aimant 300kg","https://www.infoweb-manutention.fr/produit/levage-magnetique-300-kg/","0","57","32","32","","","false","5","50","0.42","1","2025-08-07","2026-01-03","2026-02-05","true","false","true","false","false","false","",""
"palan à chaine 3t","https://www.infoweb-manutention.fr/produit/palan-a-chaine-3-tonnes/","0","78","48","52","","","false","70","70","1.13","1","2025-07-25","2026-01-03","2026-01-25","false","false","true","true","false","false","",""
"chariot elevateur electrique manuel","https://www.infoweb-manutention.fr/manutention/chariot-elevateur-manuel/","0","60","60","61","0","+1","true","10","10","0.36","1","2025-12-07","2026-01-03","2026-01-03","","","","","","","",""
"aimant 200 kg","https://www.infoweb-manutention.fr/produit/treuil-palan-electrique-treuil100-200kg","0","70","19","19","","","false","36","40","0.96","1","2025-08-07","2026-01-02","2026-02-05","true","false","true","false","false","false","",""
"chariot elevateur electrique neuf","https://www.infoweb-manutention.fr/manutention/chariot-elevateur/","0","53","53","54","0","+1","true","10","10","2.4514","0.2328","2025-12-05","2026-01-02","2026-01-02","","","","","","","",""
"type de nacelle elevatrice","https://www.infoweb-manutention.fr/nacelles-elevatrices/","0","73","55","55","18","-18","true","40","40","0.7571","0.9119","2025-12-05","2026-01-02","2026-01-02","","","","","","","",""
"caces chariot élévateur r389","https://www.infoweb-manutention.fr/caces-chariot-elevateur-guide-complet/","0","62","62","62","","","false","20","20","1.0641","0.13","2026-01-02","2026-01-02","2026-01-24","true","false","false","false","false","false","",""
"transpalette pas cher","https://www.infoweb-manutention.fr/transpalette/prix-des-transpalettes-guide-des-tarifs-complet/","0","82","82","82","","","false","155","170","3.44","1","2026-01-02","2026-01-02","2026-06-09","false","false","true","false","false","false","",""
"nacelle elevatrice prix","https://www.infoweb-manutention.fr/acheter-ou-louer-une-nacelle-elevatrice/","0","90","86","86","","","false","131","170","0.44","0.99","2025-10-30","2026-01-02","2026-06-14","true","false","false","false","false","false","",""
"chariot élévateur fenwick","https://www.infoweb-manutention.fr/chariot-elevateur/fenwick-chariot-elevateur-prix-ce-quil-faut-savoir/","0","71","21","28","","","false","54","590","1.17","1","2025-07-25","2025-12-31","2026-02-25","","","","","","","",""
"chariot transpalette","https://www.infoweb-manutention.fr/manutention/transpalettes/","0","84","30","39","","","false","170","170","2.74","0.99","2025-07-24","2025-12-31","2026-05-30","false","false","true","false","false","false","",""
"différents types de nacelles","https://www.infoweb-manutention.fr/nacelles-elevatrices/","0","74","66","66","8","-8","true","40","40","","0.0266","2025-12-02","2025-12-31","2025-12-31","","","","","","","",""
"palan electrique 400 kg","https://www.infoweb-manutention.fr/produit/treuil-a-cable-electrique-400-800-kg-palan-electrique/","0","65","31","31","34","-34","true","27","30","0.65","1","2025-08-15","2025-12-23","2025-12-23","","","","","","","",""
"palan a chaine 3 tonnes","https://www.infoweb-manutention.fr/produit/palan-a-chaine-3-tonnes/","0","72","72","72","0","0","true","40","40","0.7988","1","2025-12-23","2025-12-23","2025-12-23","true","false","true","true","false","false","",""
"diable charges lourdes","https://www.infoweb-manutention.fr/manutention/chariot-diable/","0","73","73","73","0","0","true","40","40","1.2215","0.9903","2025-12-23","2025-12-23","2025-12-23","","","","","","","",""
"treuil electrique 100 kg","https://www.infoweb-manutention.fr/produit/treuil-palan-electrique-treuil100-200kg","0","79","44","44","35","-35","true","45","50","0.56","1","2025-08-05","2025-12-22","2025-12-22","true","false","true","true","false","false","",""
"chariot de transport electrique","https://www.infoweb-manutention.fr/categorie/chariot-elevateur-electrique/","0","83","83","83","0","0","true","70","70","0.77","1","2025-12-22","2025-12-22","2025-12-22","","","","","","","",""
"palan électrique télécommande sans fil","https://www.infoweb-manutention.fr/produit/treuil-a-cable-electrique-150kg-300kg-telecommande-sans-fill/","0","58","32","32","26","-26","true","5","50","0.99","1","2025-08-12","2025-12-21","2025-12-21","true","false","true","true","false","false","",""
"caces 3 r389","https://www.infoweb-manutention.fr/chariot-elevateur/caces-chariot-elevateur-que-dois-je-savoir/","0","75","75","75","0","0","true","70","70","2.01","0.05","2025-12-21","2025-12-21","2025-12-21","true","false","false","false","false","false","",""
"poids fenwick","https://www.infoweb-manutention.fr/gerbeur/le-gerbeur-fenwick-tout-savoir-sur-cet-appareil/","0","89","89","89","0","0","true","90","90","0.74","0.95","2025-12-21","2025-12-21","2025-12-21","","","","","","","",""
"rail pour chariot porte palan","https://www.infoweb-manutention.fr/chariot-porte-palan/","0","69","46","46","23","-23","true","30","30","0.9766","0.9934","2025-08-10","2025-12-20","2025-12-20","","","","","","","",""
"palan electrique 100 kg","https://www.infoweb-manutention.fr/produit/treuil-palan-electrique-treuil100-200kg","0","73","73","87","0","+14","true","64","70","0.51","1","2025-08-10","2025-12-20","2025-12-20","","","","","","","",""
"manitou mc5","https://www.infoweb-manutention.fr/entreprise/le-classement-marques-chariot-elevateur-avis-et-comparatifs/","0","78","78","78","0","0","true","30","30","","0.0143","2025-12-20","2025-12-20","2025-12-20","","","","","","","",""
"palan treuil electrique","https://www.infoweb-manutention.fr/produit/treuil-a-cable-electrique-400-800-kg-palan-electrique/","0","85","85","85","0","0","true","82","90","0.93","1","2025-12-10","2025-12-10","2025-12-10","true","false","true","false","false","false","",""
"description d un pont roulant","https://www.infoweb-manutention.fr/levage/levage-ponts-roulants-potences/","0","71","71","71","","","false","45","50","","0.0323","2025-12-07","2025-12-07","2026-01-03","true","false","false","false","false","false","",""
"maintenance nacelles élévatrices","https://www.infoweb-manutention.fr/acheter-ou-louer-une-nacelle-elevatrice/","0","52","52","52","","","false","10","10","","0.11","2025-12-02","2025-12-02","2026-01-22","","","","","","","",""
"cric captur","https://www.infoweb-manutention.fr/accessoire/crics/crics-et-chariots-elevateurs/","0","60","60","60","0","0","true","10","10","0.1213","1","2025-11-22","2025-11-22","2025-11-22","","","","","","","",""
"caces chariots élévateurs","https://www.infoweb-manutention.fr/caces-chariot-elevateur-guide-complet/","0","92","92","92","","","false","210","210","1.09","0.64","2025-11-18","2025-11-18","2026-06-01","true","false","false","false","false","false","",""
"pour conduire un engin de manutention il me faut","https://www.infoweb-manutention.fr/chariot-elevateur/est-il-obligatoire-davoir-un-caces/","0","77","77","77","","","false","50","50","0.67","0.03","2025-11-14","2025-11-14","2026-07-11","true","false","false","false","false","false","",""
"prix batiment industriel au m2","https://www.infoweb-manutention.fr/btp/le-prix-de-la-renovation-de-locaux-et-entrepots-industriels/","0","72","36","36","","","false","25","390","2.65","0.95","2025-07-24","2025-11-02","2026-05-18","","","","","","","",""
"treuil electrique 500 kg","https://www.infoweb-manutention.fr/produit/treuil-a-cable-electrique-250-500-kg/","0","81","77","77","","","false","85","110","0.72","1","2025-07-28","2025-10-31","2026-06-09","false","false","true","false","false","false","",""
"schema palettier","https://www.infoweb-manutention.fr/stockage/","0","90","90","90","","","false","127","140","","0.01","2025-10-30","2025-10-30","2026-06-02","true","false","false","false","false","false","",""
"prix d une nacelle élévatrice neuve","https://www.infoweb-manutention.fr/nacelles-elevatrices/","0","59","59","59","0","0","true","10","10","0.02","0.93","2025-10-29","2025-10-29","2025-10-29","true","false","true","true","false","false","",""
"heli europe","https://www.infoweb-manutention.fr/chariotelevateur-heli/","0","90","90","90","","","false","170","170","","0","2025-10-29","2025-10-29","2026-06-10","true","true","false","false","true","false","",""
"roll logistique","https://www.infoweb-manutention.fr/stockage/roll-conteneur/","0","69","56","56","","","false","29","320","4.28","1","2025-10-16","2025-10-20","2026-07-23","true","false","false","false","false","false","",""
"diable tout-terrain pliable","https://www.infoweb-manutention.fr/manutention/chariot-diable/","0","65","65","65","0","0","true","20","20","0.6004","1","2025-10-16","2025-10-16","2025-10-16","","","","","","","",""
"réglementation pont élévateur","https://www.infoweb-manutention.fr/pont-roulant/guide-sur-la-securite-des-ponts-roulants/","0","69","69","69","0","0","true","30","30","","0.1032","2025-10-11","2025-10-11","2025-10-11","","","","","","","",""
"itm alimentaire international paris","https://www.infoweb-manutention.fr/table-elevatrice/itm-logistique-alimentaire-international/","0","64","64","64","","","false","30","30","0.9823","0.042","2025-10-04","2025-10-04","2026-05-08","true","false","false","false","false","false","",""
"chariot gerbeur manuel","https://www.infoweb-manutention.fr/manutention/chariot-elevateur-manuel/","0","64","31","51","","","false","20","20","2.83","0.61","2025-07-25","2025-09-25","2026-01-25","true","false","true","true","false","false","",""
"achat nacelle elevatrice","https://www.infoweb-manutention.fr/acheter-ou-louer-une-nacelle-elevatrice/","0","55","55","76","","","false","5","40","1.45","0.72","2025-07-25","2025-09-25","2026-01-25","false","false","true","true","true","false","",""
"france manutention avis","https://www.infoweb-manutention.fr/entreprise/le-classement-marques-chariot-elevateur-avis-et-comparatifs/","0","68","63","63","","","false","20","20","4.1454","0.07","2025-07-25","2025-09-25","2026-01-25","true","false","false","false","false","false","",""
"transpalette elevateur electrique","https://www.infoweb-manutention.fr/manutention/transpalettes/","0","64","64","95","","","false","30","30","7.21","0.93","2025-07-25","2025-09-25","2026-01-25","true","false","true","true","false","false","",""
"elevateur nacelle","https://www.infoweb-manutention.fr/nacelles-elevatrices/","0","64","64","93","","","false","20","20","0.68","1","2025-07-25","2025-09-25","2026-01-25","true","false","true","true","true","false","",""
"treuil de levage électrique 220v","https://www.infoweb-manutention.fr/produit/treuil-palan-electrique-treuil100-200kg","0","68","68","68","","","false","30","30","0.58","1","2025-09-25","2025-09-25","2026-01-25","false","false","true","true","false","false","",""
"poutre palan","https://www.infoweb-manutention.fr/produit/porte-palan-05-tonne/","0","70","70","93","","","false","30","30","0.9","1","2025-07-25","2025-09-25","2026-01-25","true","false","true","true","false","false","",""
"table élévatrice charge lourde","https://www.infoweb-manutention.fr/table-elevatrice/","0","70","70","90","","","false","30","30","3.73","1","2025-07-25","2025-09-25","2026-01-25","true","false","true","true","false","false","",""
"chariot elevateur 4 tonnes","https://www.infoweb-manutention.fr/produit/chariot-elevateur-diesel-4x4-2t","0","70","70","70","","","false","30","30","1.6","1","2025-09-25","2025-09-25","2026-01-25","false","false","true","false","false","false","",""
"palan electrique a cable","https://www.infoweb-manutention.fr/produit/treuil-a-cable-electrique-400-800-kg-palan-electrique/","0","76","76","85","","","false","50","50","1.89","1","2025-09-04","2025-09-25","2026-07-17","","","","","","","",""
"mat rétractable","https://www.infoweb-manutention.fr/produit/mat-retractable-2-000-kg-a-2500-kg/","0","79","79","80","","","false","30","30","1.24","0.65","2025-07-25","2025-09-25","2026-01-15","true","false","false","false","false","false","",""
"poid chariot elevateur","https://www.infoweb-manutention.fr/chariotelevateur-heli/","0","88","88","95","","","false","210","210","1.15","0.97","2025-09-04","2025-09-25","2026-05-19","true","false","false","false","false","false","",""
"fenwick categorie 3","https://www.infoweb-manutention.fr/entreprise/le-classement-marques-chariot-elevateur-avis-et-comparatifs/","0","77","40","40","","","false","50","50","0.18","1","2025-07-25","2025-09-24","2026-01-24","true","false","false","false","false","false","",""
"chariot élévateur 4t","https://www.infoweb-manutention.fr/categorie/chariot-elevateur-electrique/","0","54","54","70","","","false","10","10","0.7305","1","2025-07-24","2025-09-24","2026-01-19","","","","","","","",""
"chariot élévateur diesel à vendre","https://www.infoweb-manutention.fr/categorie/chariot-elevateur-diesel/","0","58","58","58","","","false","10","10","0.94","1","2025-09-24","2025-09-24","2026-01-24","false","false","true","false","false","false","",""
"chariot élévateur synonyme","https://www.infoweb-manutention.fr/chariot-elevateur/classement-des-marques-chariot-elevateur/","0","63","61","61","","","false","20","20","","0","2025-09-03","2025-09-24","2026-01-24","true","false","false","false","false","false","",""
"fiche technique chariot élévateur","https://www.infoweb-manutention.fr/chariotelevateur-heli/","0","72","72","72","","","false","50","50","1.63","0.25","2025-09-24","2025-09-24","2026-01-24","true","false","false","false","false","false","",""
"chariot élévateur fenwick gaz","https://www.infoweb-manutention.fr/chariot-elevateur/fenwick-chariot-elevateur-prix-ce-quil-faut-savoir","0","73","73","81","","","false","30","30","1.15","0.86","2025-07-25","2025-09-24","2026-01-24","true","false","true","false","false","false","",""
"nacelle de travail pour chariot élévateur","https://www.infoweb-manutention.fr/nacelles-elevatrices/","0","74","74","89","","","false","30","30","2.34","1","2025-09-03","2025-09-24","2026-01-24","true","false","true","false","false","false","",""
"dommage ouvrage ou décennale","https://www.infoweb-manutention.fr/entreprise/assurance-decennale-et-dommage-ouvrage/","0","56","53","53","","","false","5","50","0.52","0.36","2025-09-01","2025-09-23","2026-06-15","","","","","","","",""
"pont roulant et palan","https://www.infoweb-manutention.fr/levage/levage-ponts-roulants-potences/","0","55","55","59","","","false","10","10","1.8297","1","2025-08-08","2025-09-15","2026-01-21","","","","","","","",""
"plateau elevateur manuel","https://www.infoweb-manutention.fr/manutention/chariot-elevateur-manuel/","0","66","66","75","","","false","20","20","1.35","1","2025-09-04","2025-09-12","2026-01-25","false","false","true","true","false","false","",""
"acier aimantable","https://www.infoweb-manutention.fr/produit/elevateur-magnetique-a-aimant-en-acier-capacite-poids-1000-kg/","0","82","70","98","","","false","170","170","","0.27","2025-08-07","2025-09-12","2026-05-30","true","false","false","false","false","false","",""
"transpalette electrique prix","https://www.infoweb-manutention.fr/transpalette/prix-des-transpalettes-guide-des-tarifs-complet/","0","50","49","49","","","false","5","50","3.74","0.97","2025-08-04","2025-09-10","2026-02-02","","","","","","","",""
"faut il un caces pour un transpalette manuel","https://www.infoweb-manutention.fr/chariot-elevateur/est-il-obligatoire-davoir-un-caces/","0","68","59","59","","","false","20","20","1.9169","0.125","2025-08-04","2025-09-10","2026-01-20","","","","","","","",""
"palan électrique à chaîne 500 kg","https://www.infoweb-manutention.fr/produit/palan-electrique-500-1000-kg-treuil-palan-a-chaine-a-levier-1800-w/","0","64","62","71","","","false","30","30","1.1","1","2025-07-25","2025-09-04","2026-01-25","false","false","true","true","false","false","",""
"prix table élévatrice","https://www.infoweb-manutention.fr/table-elevatrice/","0","74","74","74","","","false","30","30","0.59","1","2025-09-04","2025-09-04","2026-01-25","true","false","true","false","false","false","",""
"palan electrique 2 tonnes","https://www.infoweb-manutention.fr/produit/palan-chaine-3-m-2-crochets-de-2-tonnes","0","94","94","94","","","false","291","320","1.21","1","2025-09-04","2025-09-04","2026-06-16","false","false","true","false","false","false","",""
"chariot électrique","https://www.infoweb-manutention.fr/categorie/chariot-elevateur-electrique/","0","96","96","96","","","false","173","1900","0.78","1","2025-09-04","2025-09-04","2026-05-15","false","false","true","false","false","false","",""
"petit chariot elevateur electrique","https://www.infoweb-manutention.fr/manutention/chariot-elevateur/","0","55","55","65","","","false","5","50","1.71","0.98","2025-07-24","2025-09-03","2026-01-24","false","false","true","true","false","false","",""
"chariot de levage","https://www.infoweb-manutention.fr/entreprise/le-classement-marques-chariot-elevateur-avis-et-comparatifs/","0","85","72","85","","","false","113","170","1.33","0.98","2025-07-25","2025-09-03","2026-06-06","true","false","false","false","false","false","",""
"chariot élévateur 10 tonnes","https://www.infoweb-manutention.fr/entreprise/le-classement-marques-chariot-elevateur-avis-et-comparatifs/","0","76","76","76","","","false","40","40","3.06","0.98","2025-09-03","2025-09-03","2026-01-24","","","","","","","",""
"gerbeur definition","https://www.infoweb-manutention.fr/manutention/gerbeur/","0","87","87","87","","","false","100","110","0.54","0.09","2025-09-03","2025-09-03","2026-05-31","true","false","false","false","false","false","",""
"un gerbeur","https://www.infoweb-manutention.fr/manutention/gerbeur/","0","91","91","91","","","false","320","320","2.07","1","2025-08-21","2025-09-03","2026-05-19","true","false","false","false","false","false","",""
"autorisation de conduite sans caces","https://www.infoweb-manutention.fr/chariot-elevateur/est-il-obligatoire-davoir-un-caces/","0","98","98","98","","","false","500","880","2.52","0.02","2025-09-01","2025-09-01","2026-04-29","true","false","false","false","false","false","",""
"comment utiliser un transpalette electrique","https://www.infoweb-manutention.fr/transpalette/securite-incendie-precautions-transpalettes-electriques/","0","67","67","67","","","false","20","20","","0.1667","2025-08-23","2025-08-23","2026-01-29","true","false","false","false","false","false","",""
"plateau élévateur manuel","https://www.infoweb-manutention.fr/manutention/chariot-elevateur-manuel/","0","68","68","70","","","false","20","20","1.35","1","2025-07-25","2025-08-21","2026-01-25","true","false","true","true","false","false","",""
"chariot manutention","https://www.infoweb-manutention.fr/manutention/chariot-elevateur-manuel/","0","89","89","89","","","false","100","1000","2.36","1","2025-08-21","2025-08-21","2026-07-23","true","false","true","false","false","false","",""
"chariot elevateur thermique","https://www.infoweb-manutention.fr/categorie/chariot-elevateur-diesel/","0","90","90","90","","","false","110","110","3.15","0.97","2025-08-21","2025-08-21","2026-05-02","","","","","","","",""
"chariot mât rétractable","https://www.infoweb-manutention.fr/produit/mat-retractable-2-000-kg-a-2500-kg/","0","97","91","91","","","false","320","320","0.72","0.88","2025-07-28","2025-08-21","2026-05-20","","","","","","","",""
"palan électrique 3 tonnes","https://www.infoweb-manutention.fr/produit/palan-a-chaine-3-tonnes/","0","79","79","79","","","false","70","70","1.66","1","2025-08-17","2025-08-17","2026-01-17","","","","","","","",""
"types de flux logistiques","https://www.infoweb-manutention.fr/rayonnage/chariot-logistique-ptimiser-ses-flux-facilement/","0","63","63","63","","","false","30","30","0.5977","0.1214","2025-08-15","2025-08-15","2026-06-20","true","false","false","false","false","false","",""
"palan a cable electrique","https://www.infoweb-manutention.fr/produit/treuil-a-cable-electrique-400-800-kg-palan-electrique/","0","68","68","68","","","false","30","30","1.004","1","2025-08-15","2025-08-15","2025-12-23","","","","","","","",""
"chariot elevateur hydraulique","https://www.infoweb-manutention.fr/chariot-elevateur/choix-de-lhuile-hydraulique-pour-chariot-elevateur","0","72","72","72","","","false","40","40","0.5685","1","2025-08-15","2025-08-15","2025-12-28","","","","","","","",""
"un diable chariot","https://www.infoweb-manutention.fr/manutention/chariot-diable/","0","82","82","82","","","false","70","70","0.73","0.51","2025-08-15","2025-08-15","2025-12-22","true","false","true","true","false","false","",""
"treuil de levage 1000 kg","https://www.infoweb-manutention.fr/produit/palan-electrique-500-1000-kg-treuil-palan-a-chaine-a-levier-1800-w/","0","56","49","49","","","false","10","10","1.55","1","2025-07-25","2025-08-14","2026-01-25","false","false","true","true","false","false","",""
"palan électrique 200 kg","https://www.infoweb-manutention.fr/produit/treuil-palan-electrique-treuil100-200kg","0","54","54","54","","","false","5","50","0.64","1","2025-08-13","2025-08-13","2025-12-22","false","false","true","true","false","false","",""
"diable outil","https://www.infoweb-manutention.fr/manutention/chariot-diable/","0","79","79","79","","","false","44","480","1.33","1","2025-08-13","2025-08-13","2026-04-24","true","false","false","false","false","false","",""
"palan electrique a chaine 500 kg","https://www.infoweb-manutention.fr/produit/palan-electrique-500-1000-kg-treuil-palan-a-chaine-a-levier-1800-w/","0","55","55","55","","","false","10","10","1.1785","1","2025-08-11","2025-08-11","2025-12-21","","","","","","","",""
"entretien pont roulant","https://www.infoweb-manutention.fr/pont-roulant/guide-sur-la-securite-des-ponts-roulants/","0","73","73","73","","","false","30","30","2.261","0.2302","2025-08-11","2025-08-11","2026-04-27","","","","","","","",""
"aimant 400 kg double face","https://www.infoweb-manutention.fr/produit/aimant-de-levage-400-kg/","0","56","56","56","","","false","10","10","0.379","1","2025-08-10","2025-08-10","2026-02-05","false","false","true","false","false","false","",""
"elevateur de charge manuel","https://www.infoweb-manutention.fr/manutention/chariot-elevateur-manuel/","0","72","72","72","","","false","36","40","0.79","1","2025-08-10","2025-08-10","2025-12-20","","","","","","","",""
"treuil électrique 500 kg","https://www.infoweb-manutention.fr/produit/palan-electrique-500-1000-kg-treuil-palan-a-chaine-a-levier-1800-w/","0","58","58","58","","","false","8","110","0.72","1","2025-08-09","2025-08-09","2026-05-25","false","false","true","false","false","false","",""
"aimant 500 kg","https://www.infoweb-manutention.fr/produit/aimant-de-levage-magnetique-capacite-de-levage-de-1500-kg/","0","83","83","83","","","false","64","70","0.51","1","2025-08-07","2025-08-07","2026-02-05","true","false","true","false","false","false","",""
"fenwick 6 tonnes","https://www.infoweb-manutention.fr/project/fenwick/","0","79","79","79","","","false","30","30","","0.8857","2025-08-06","2025-08-06","2026-01-02","","","","","","","",""
"treuil électrique 100 kg","https://www.infoweb-manutention.fr/produit/treuil-palan-electrique-treuil100-200kg","0","46","46","46","","","false","5","50","0.56","1","2025-08-04","2025-08-04","2025-12-20","false","false","true","true","false","false","",""
"reglementation caces","https://www.infoweb-manutention.fr/chariot-elevateur/est-il-obligatoire-davoir-un-caces/","0","77","77","77","","","false","82","90","1.95","0.02","2025-07-31","2025-07-31","2026-03-24","false","true","false","false","false","false","",""
"prix construction bâtiment industriel","https://www.infoweb-manutention.fr/btp/le-prix-de-la-renovation-de-locaux-et-entrepots-industriels/","0","88","88","88","","","false","90","90","2.54","0.69","2025-07-26","2025-07-26","2026-01-19","true","false","false","false","false","false","",""
"table élévatrice pour moto","https://www.infoweb-manutention.fr/levage-nacelles-tables-elevatrices/tables-elevatrices-moto/","0","48","48","48","","","false","5","2900","0.59","1","2025-07-25","2025-07-25","2026-07-05","false","false","true","false","false","false","",""
"vente transpalette","https://www.infoweb-manutention.fr/transpalette/prix-des-transpalettes-guide-des-tarifs-complet/","0","58","58","58","","","false","5","30","3.47","0.82","2025-07-25","2025-07-25","2026-01-25","false","false","true","true","true","false","",""
"fenwick 5 tonnes","https://www.infoweb-manutention.fr/project/fenwick/","0","73","73","73","","","false","30","30","0.75","0.98","2025-07-25","2025-07-25","2026-01-24","false","false","true","false","false","false","",""
"pont hydraulique","https://www.infoweb-manutention.fr/levage/levage-ponts-roulants-potences/","0","74","74","74","","","false","49","590","0.35","0.96","2025-07-25","2025-07-25","2026-04-28","true","false","false","false","false","false","",""
"appareils de manutention","https://www.infoweb-manutention.fr/","0","88","88","88","","","false","124","210","1.88","0.97","2025-07-25","2025-07-25","2026-06-10","true","false","false","false","false","false","",""
"chariot rétractable","https://www.infoweb-manutention.fr/produit/mat-retractable-2-000-kg-a-2500-kg/","0","99","99","99","","","false","320","320","1.64","0.99","2025-07-25","2025-07-25","2026-05-18","","","","","","","",""
"fonctionnement moteur chariot élévateur gaz","https://www.infoweb-manutention.fr/produit/chariot-elevateur-a-gaz-2t/","0","51","51","51","","","false","10","10","","0.2406","2025-07-24","2025-07-24","2026-01-24","true","false","false","false","false","false","",""
"prix construction entrepot","https://www.infoweb-manutention.fr/btp/le-prix-de-la-renovation-de-locaux-et-entrepots-industriels/","0","53","53","53","","","false","8","110","2.61","1","2025-07-24","2025-07-24","2026-06-10","","","","","","","",""
"cout construction entrepot","https://www.infoweb-manutention.fr/btp/le-prix-de-la-renovation-de-locaux-et-entrepots-industriels/","0","71","71","71","","","false","40","40","2.01","0.35","2025-07-24","2025-07-24","2026-01-23","true","false","false","false","false","false","",""
"bâtiment industriel tarif","https://www.infoweb-manutention.fr/btp/le-prix-de-la-renovation-de-locaux-et-entrepots-industriels/","0","72","72","72","","","false","70","70","2.05","1","2025-07-24","2025-07-24","2026-01-19","true","false","false","false","false","false","",""
"meilleur diable monte escalier","https://www.infoweb-manutention.fr/diable-chariot/meilleurs-diables-pliants-pour-vos-besoins/","0","63","35","45","28","-18","true","10","10","0.39","1","2025-07-25","2026-05-03","2026-05-03","","","","","","","",""
"diables pliants","https://www.infoweb-manutention.fr/diable-chariot/meilleurs-diables-pliants-pour-vos-besoins/","0","79","62","62","","","false","5","5400","0.41","1","2025-07-25","2026-04-13","2026-07-21","false","false","true","false","false","false","",""
"roll conteneurs","https://www.infoweb-manutention.fr/stockage/roll-conteneur/","0","72","72","72","","","false","10","110","6.19","1","2026-04-11","2026-04-11","2026-07-20","true","false","false","false","false","false","",""
"diables chariots","https://www.infoweb-manutention.fr/manutention/chariot-diable/","0","68","66","76","","","false","5","3600","1.4","1","2025-07-26","2026-03-16","2026-07-05","false","false","true","false","false","false","",""
"diable ou chariot","https://www.infoweb-manutention.fr/manutention/chariot-diable/","0","69","69","83","","","false","5","3600","0.55","1","2025-12-14","2026-03-16","2026-06-29","true","false","false","false","false","false","",""
"pont roulants","https://www.infoweb-manutention.fr/levage/levage-ponts-roulants-potences/","0","71","42","55","","","false","5","6600","1.57","0.17","2025-07-24","2026-03-15","2026-07-05","true","false","false","false","false","false","",""
"chariot manutention électrique","https://www.infoweb-manutention.fr/categorie/chariot-elevateur-electrique/","0","66","66","79","","","false","11","170","1.67","1","2025-08-21","2026-03-12","2026-06-06","","","","","","","",""
"garantie décennale et dommage ouvrage","https://www.infoweb-manutention.fr/entreprise/assurance-decennale-et-dommage-ouvrage/","0","79","61","61","","","false","8","110","1.76","0.11","2025-09-01","2026-03-09","2026-05-14","","","","","","","",""
"lidl be parkside","https://www.infoweb-manutention.fr/outillage/parksidelidl-bricolage/","0","76","76","76","","","false","12","140","0.27","0.97","2026-02-28","2026-02-28","2026-06-02","true","true","false","false","false","true","",""
"roll de manutention","https://www.infoweb-manutention.fr/chariotelevateur-heli/","0","85","54","57","","","false","22","260","3.28","1","2025-08-26","2026-02-24","2026-07-20","true","false","false","false","false","false","",""
"poutre de roulement pont roulant","https://www.infoweb-manutention.fr/table-elevatrice/pont-roulant-a-double-poutre-la-solution-robuste-pour-les-charges-lourdes/","0","91","38","71","53","-20","true","10","10","","1","2025-08-05","2026-02-08","2026-02-08","","","","","","","",""
"aimant 200kg","https://www.infoweb-manutention.fr/produit/treuil-palan-electrique-treuil100-200kg","0","63","22","22","41","-41","true","5","40","0.96","1","2025-08-07","2026-02-05","2026-02-05","true","false","true","false","false","false","",""
"prix chariot elevateur electrique","https://www.infoweb-manutention.fr/categorie/chariot-elevateur-electrique/","0","88","30","41","58","-47","true","69","90","2.15","1","2025-07-25","2026-01-25","2026-01-25","true","false","true","true","false","false","",""
"chariot de manutention manuel","https://www.infoweb-manutention.fr/manutention/chariot-elevateur-manuel/","0","86","30","30","56","-56","true","20","20","0.21","0.93","2025-07-25","2026-01-25","2026-01-25","true","false","true","true","false","false","",""
"chariot elevateur electrique prix","https://www.infoweb-manutention.fr/categorie/chariot-elevateur-electrique/","0","86","32","34","54","-52","true","7","90","2.15","1","2025-07-25","2026-01-25","2026-01-25","true","false","true","true","false","false","",""
"distance de sécurité chariot élévateur","https://www.infoweb-manutention.fr/chariot-elevateur/norme-passage-chariot-elevateur-tout-savoir/","0","77","23","23","54","-54","true","20","20","","0.2857","2025-07-25","2026-01-24","2026-01-24","true","false","false","false","true","false","",""
"tire palette gerbeur","https://www.infoweb-manutention.fr/manutention/transpalettes/","0","87","25","33","62","-54","true","30","30","1.22","1","2025-07-24","2026-01-24","2026-01-24","true","false","true","true","false","false","",""
"chariot elevateur fenwick electrique","https://www.infoweb-manutention.fr/chariot-elevateur/fenwick-chariot-elevateur-prix-ce-quil-faut-savoir/","0","80","28","34","52","-46","true","30","30","0.4","1","2025-07-24","2026-01-24","2026-01-24","false","false","true","false","false","false","",""
"prix chariot élévateur électrique","https://www.infoweb-manutention.fr/categorie/chariot-elevateur-electrique/","0","88","30","30","58","-58","true","20","20","1.95","0.96","2025-07-24","2026-01-24","2026-01-24","true","false","true","true","false","false","",""
"chariot élévateur électrique prix","https://www.infoweb-manutention.fr/categorie/chariot-elevateur-electrique/","0","87","30","33","57","-54","true","7","90","2.15","1","2025-08-13","2026-01-24","2026-01-24","true","false","true","true","false","false","",""
"chariot élévateur pas cher","https://www.infoweb-manutention.fr/manutention/chariot-elevateur/","0","82","44","44","38","-38","true","5","40","2.28","1","2025-07-25","2026-01-24","2026-01-24","false","false","true","true","false","false","",""
"fournisseur chariot élévateur","https://www.infoweb-manutention.fr/fabricants-chariots-elevateurs/","0","89","45","45","44","-44","true","10","10","10.57","0.96","2025-07-25","2026-01-24","2026-01-24","true","false","false","false","true","false","",""
"caces r389 ou r489","https://www.infoweb-manutention.fr/chariot-elevateur/caces-chariot-elevateur-que-dois-je-savoir/","0","91","91","91","0","0","true","30","30","2.62","0.01","2026-01-18","2026-01-18","2026-01-18","true","false","false","false","false","false","",""
"aimant de manutention","https://www.infoweb-manutention.fr/produit/aimant-de-levage-magnetique-1000-kg/","0","93","25","29","","","false","6","50","3.27","1","2025-07-25","2026-01-11","2026-01-25","true","false","true","false","false","false","",""
"chariot elevateur electrique fenwick","https://www.infoweb-manutention.fr/chariot-elevateur/fenwick-chariot-elevateur-prix-ce-quil-faut-savoir/","0","65","25","31","","","false","10","10","0.71","1","2025-07-25","2026-01-06","2026-01-24","false","false","true","false","false","false","",""
"table de manutention","https://www.infoweb-manutention.fr/table-elevatrice/","0","90","42","67","","","false","36","40","3.69","1","2025-07-25","2026-01-06","2026-01-25","false","false","true","true","false","false","",""
"chariot elevateur 3t","https://www.infoweb-manutention.fr/categorie/chariot-elevateur-diesel/","0","83","26","29","","","false","5","70","3","1","2025-07-25","2026-01-05","2026-01-25","false","false","true","false","false","false","",""
"caces 3 fenwick","https://www.infoweb-manutention.fr/gerbeur/le-gerbeur-fenwick-tout-savoir-sur-cet-appareil/","0","89","41","48","","","false","40","40","0.6","0.01","2025-07-24","2026-01-05","2026-01-24","true","false","false","false","false","false","",""
"transpalette électrique pas cher","https://www.infoweb-manutention.fr/transpalette/prix-des-transpalettes-guide-des-tarifs-complet/","0","63","53","53","10","-10","true","5","50","6.51","1","2025-10-29","2026-01-05","2026-01-05","false","false","true","true","false","false","",""
"chariot logistique","https://www.infoweb-manutention.fr/diable-chariot/chariot-logistique-grillage-ou-plein-quelles-differences/","0","80","80","80","","","false","19","210","2.35","1","2026-01-05","2026-01-05","2026-05-04","true","false","false","false","false","false","",""
"achat transpalette","https://www.infoweb-manutention.fr/transpalette/prix-des-transpalettes-guide-des-tarifs-complet/","0","90","88","88","","","false","10","110","6.66","1","2025-10-30","2026-01-05","2026-05-28","false","false","true","false","false","false","",""
"chariot élévateur fenwick électrique","https://www.infoweb-manutention.fr/chariot-elevateur/fenwick-chariot-elevateur-prix-ce-quil-faut-savoir/","0","65","33","33","","","false","10","10","0.8586","1","2025-07-24","2026-01-04","2026-01-24","true","false","true","false","false","false","",""
"fenwick manitou","https://www.infoweb-manutention.fr/chariot-elevateur/caisse-de-levage-chariot-fenwick-chariot-nissan-heister/","0","74","74","74","","","false","6","70","0.43","0.99","2026-01-03","2026-01-03","2026-01-25","true","false","true","true","false","false","",""
"r389 r489","https://www.infoweb-manutention.fr/chariot-elevateur/caces-chariot-elevateur-que-dois-je-savoir/","0","86","86","86","0","0","true","50","50","1.0034","0.1026","2026-01-03","2026-01-03","2026-01-03","","","","","","","",""
"transpalette élévateur","https://www.infoweb-manutention.fr/manutention/transpalettes/","0","90","90","90","","","false","65","720","2.72","1","2026-01-03","2026-01-03","2026-04-28","false","false","true","false","false","false","",""
"diable elevateur pas cher","https://www.infoweb-manutention.fr/manutention/chariots-manuels-diables/les-diables-pour-votre-entrepot/","0","88","44","44","44","-44","true","10","10","1.2398","1","2025-11-27","2026-01-02","2026-01-02","","","","","","","",""
"fenwick 5","https://www.infoweb-manutention.fr/gerbeur/le-gerbeur-fenwick-tout-savoir-sur-cet-appareil/","0","97","45","45","","","false","110","110","0.44","0.87","2025-10-30","2026-01-02","2026-06-15","false","false","true","false","false","false","",""
"location chariot elevateur pas cher","https://www.infoweb-manutention.fr/manutention/chariot-elevateur/","0","81","57","57","24","-24","true","10","10","5.9575","1","2025-12-10","2026-01-02","2026-01-02","","","","","","","",""
"élévateur de charge","https://www.infoweb-manutention.fr/levage-nacelles-tables-elevatrices/levage/elevateur-monte-charge/","0","72","72","72","","","false","13","140","1.4","1","2026-01-02","2026-01-02","2026-06-05","","","","","","","",""
"transpalette élévateur manuel","https://www.infoweb-manutention.fr/manutention/transpalettes/","0","84","84","84","0","0","true","50","50","3.62","1","2026-01-02","2026-01-02","2026-01-02","true","false","true","false","false","false","",""
"ou acheter un transpalette","https://www.infoweb-manutention.fr/transpalette/ou-acheter-un-transpalette-guide-des-4-meilleurs-fournisseurs/","0","87","87","87","0","0","true","20","20","2.6757","1","2025-10-13","2026-01-02","2026-01-02","","","","","","","",""
"chariot élévateur 4x4","https://www.infoweb-manutention.fr/categorie/chariot-elevateur-diesel/","0","88","23","38","","","false","20","20","0.68","1","2025-07-25","2026-01-01","2026-01-24","false","false","true","true","false","false","",""
"prix transpalette","https://www.infoweb-manutention.fr/transpalette/prix-des-transpalettes-guide-des-tarifs-complet/","0","95","27","27","","","false","65","720","1.52","1","2025-08-21","2026-01-01","2026-06-26","true","false","true","false","false","false","",""
"prix élévateur","https://www.infoweb-manutention.fr/chariot-elevateur/quel-prix-pour-un-prix-chariot-elevateur-neuf-noatre-avis/","0","61","38","38","","","false","5","40","1.9","1","2025-07-25","2026-01-01","2026-01-25","true","false","true","true","false","false","",""
"poids chariot élévateur électrique","https://www.infoweb-manutention.fr/manutention/chariot-elevateur/","0","72","39","44","","","false","20","20","1.9","1","2025-07-25","2026-01-01","2026-01-24","true","false","true","false","false","false","",""
"poids chariot élévateur fenwick","https://www.infoweb-manutention.fr/gerbeur/le-gerbeur-fenwick-tout-savoir-sur-cet-appareil/","0","81","40","40","","","false","30","30","0.16","0.66","2025-09-24","2026-01-01","2026-01-24","true","false","false","false","false","false","",""
"treuil élévateur","https://www.infoweb-manutention.fr/produit/treuil-a-cable-electrique-250-500-kg/","0","86","86","87","0","+1","true","40","40","0.5305","1","2025-12-12","2026-01-01","2026-01-01","","","","","","","",""
"petit elevateur electrique","https://www.infoweb-manutention.fr/manutention/chariot-elevateur/","0","90","53","65","","","false","40","40","0.69","1","2025-08-06","2025-12-31","2026-01-24","false","false","true","true","false","false","",""
"achat transpalette pas cher","https://www.infoweb-manutention.fr/transpalette/prix-des-transpalettes-guide-des-tarifs-complet/","0","66","53","53","","","false","10","10","2.6826","0.7524","2025-12-02","2025-12-31","2026-07-07","true","false","true","false","true","false","",""
"fenwick categorie 1","https://www.infoweb-manutention.fr/chariot-elevateur/fenwick-chariot-elevateur-prix-ce-quil-faut-savoir/","0","87","63","71","","","false","10","10","","1","2025-07-25","2025-12-31","2026-01-24","true","false","false","false","false","false","",""
"elevateur chariot","https://www.infoweb-manutention.fr/chariotelevateur-heli/","0","77","77","77","","","false","10","10","0.61","1","2025-12-31","2025-12-31","2026-01-24","true","false","false","true","false","false","",""
"élévateur neuf","https://www.infoweb-manutention.fr/chariot-elevateur/quel-prix-pour-un-prix-chariot-elevateur-neuf-noatre-avis/","0","77","77","77","0","0","true","10","10","","1","2025-12-31","2025-12-31","2025-12-31","","","","","","","",""
"code cpf caces r389","https://www.infoweb-manutention.fr/chariot-elevateur/caces-chariot-elevateur-que-dois-je-savoir/","0","89","89","89","0","0","true","10","10","","","2025-12-31","2025-12-31","2025-12-31","","","","","","","",""
"chariot elevateur pas cher","https://www.infoweb-manutention.fr/manutention/chariot-elevateur/","0","64","37","37","","","false","5","40","2.28","1","2025-07-24","2025-12-30","2026-01-24","false","false","true","true","false","false","",""
"petit chariot élévateur électrique","https://www.infoweb-manutention.fr/manutention/chariot-elevateur/","0","98","63","63","","","false","5","50","1.71","0.98","2025-09-24","2025-12-30","2026-01-24","true","false","true","true","false","false","",""
"pont gerbeur","https://www.infoweb-manutention.fr/table-elevatrice/pont-roulant-a-commande-electrique-la-solution-efficace-et-precise-pour-les-operations-de-levage-regulieres/","0","68","68","68","0","0","true","10","10","","1","2025-12-27","2025-12-27","2025-12-27","true","false","true","false","false","false","",""
"commande palan electrique","https://www.infoweb-manutention.fr/produit/treuil-electrique-pa1200-palan-220-v-telecommande-avec-un-cable-de-15-m/","0","90","90","90","0","0","true","20","20","0.19","1","2025-12-27","2025-12-27","2025-12-27","","","","","","","",""
"treuil électrique avec télécommande sans fil","https://www.infoweb-manutention.fr/produit/treuil-a-cable-electrique-150kg-300kg-telecommande-sans-fill/","0","65","24","24","41","-41","true","5","50","0.67","1","2025-08-18","2025-12-25","2025-12-25","false","false","true","true","false","false","",""
"achat diable demenagement","https://www.infoweb-manutention.fr/manutention/chariot-diable/","0","89","87","87","2","-2","true","10","10","0.28","1","2025-08-19","2025-12-25","2025-12-25","","","","","","","",""
"transpalette occasion pas cher","https://www.infoweb-manutention.fr/transpalette/prix-des-transpalettes-guide-des-tarifs-complet/","0","89","89","89","0","0","true","10","10","0.63","1","2025-12-25","2025-12-25","2025-12-25","","","","","","","",""
"consigne de securite pour chariot elevateur","https://www.infoweb-manutention.fr/chariot-elevateur/comment-descendre-dun-chariot-elevateur/","0","86","53","53","33","-33","true","20","20","5.2391","1","2025-08-17","2025-12-24","2025-12-24","true","false","false","false","false","false","",""
"gerbeur transpalette électrique","https://www.infoweb-manutention.fr/manutention/transpalettes/","0","72","72","72","0","0","true","5","70","5.75","1","2025-12-24","2025-12-24","2025-12-24","","","","","","","",""
"palan ancien","https://www.infoweb-manutention.fr/categorie/palan-treuils/","0","99","99","99","0","0","true","30","30","","0.8791","2025-12-24","2025-12-24","2025-12-24","","","","","","","",""
"palan électrique 400 kg","https://www.infoweb-manutention.fr/produit/treuil-a-cable-electrique-400-800-kg-palan-electrique/","0","80","41","41","39","-39","true","5","30","0.65","1","2025-08-15","2025-12-23","2025-12-23","true","false","true","true","false","false","",""
"elévateur manuel","https://www.infoweb-manutention.fr/manutention/chariot-elevateur-manuel/","0","83","42","42","41","-41","true","10","10","4.06","1","2025-08-17","2025-12-23","2025-12-23","","","","","","","",""
"palan electrique à cable","https://www.infoweb-manutention.fr/produit/treuil-a-cable-electrique-400-800-kg-palan-electrique/","0","90","63","63","27","-27","true","20","20","0.9917","1","2025-08-16","2025-12-23","2025-12-23","","","","","","","",""
"transpalette prix pas cher","https://www.infoweb-manutention.fr/transpalette/5-astuces-pour-trouver-un-transpalette-pas-cher/","0","69","69","69","0","0","true","10","10","","","2025-12-23","2025-12-23","2025-12-23","","","","","","","",""
"monte charge elevateur","https://www.infoweb-manutention.fr/levage-nacelles-tables-elevatrices/levage/elevateur-monte-charge/","0","88","88","88","0","0","true","45","50","1.87","1","2025-12-23","2025-12-23","2025-12-23","","","","","","","",""
"monte charge élévateur","https://www.infoweb-manutention.fr/levage-nacelles-tables-elevatrices/levage/elevateur-monte-charge/","0","90","90","90","0","0","true","5","50","1.87","1","2025-12-23","2025-12-23","2025-12-23","true","false","true","false","false","false","",""
"elevateur de charge","https://www.infoweb-manutention.fr/levage-nacelles-tables-elevatrices/levage/elevateur-monte-charge/","0","95","95","95","","","false","127","140","1.4","1","2025-12-23","2025-12-23","2026-05-19","true","false","false","false","false","false","",""
"treuil 200 kg","https://www.infoweb-manutention.fr/produit/treuil-palan-electrique-treuil100-200kg","0","96","96","96","0","0","true","40","40","0.3063","1","2025-12-23","2025-12-23","2025-12-23","","","","","","","",""
"treuil electrique 200 kg","https://www.infoweb-manutention.fr/produit/treuil-palan-electrique-treuil100-200kg","0","83","55","55","28","-28","true","30","30","0.5499","1","2025-08-05","2025-12-22","2025-12-22","","","","","","","",""
"treuil électrique 1 tonne","https://www.infoweb-manutention.fr/produit/treuil-a-cable-electrique-400-800-kg-palan-electrique/","0","72","72","72","0","0","true","20","20","1.3405","1","2025-12-22","2025-12-22","2025-12-22","","","","","","","",""
"tire palette elevateur","https://www.infoweb-manutention.fr/manutention/transpalettes/","0","91","91","91","0","0","true","50","50","4.5","1","2025-12-22","2025-12-22","2025-12-22","","","","","","","",""
"palan électrique 100 kg","https://www.infoweb-manutention.fr/produit/treuil-palan-electrique-treuil100-200kg","0","62","40","40","22","-22","true","6","70","0.51","1","2025-08-04","2025-12-21","2025-12-21","true","false","true","true","false","false","",""
"chariot elevateur 7 tonnes","https://www.infoweb-manutention.fr/produit/chariot-elevateur-a-gaz-7t","0","97","43","43","54","-54","true","20","20","","0.7","2025-08-11","2025-12-21","2025-12-21","","","","","","","",""
"chaussure de sécurité manutention","https://www.infoweb-manutention.fr/securite/quelle-chaussure-de-securite-pour-cariste/","0","78","50","50","28","-28","true","20","20","2.69","1","2025-08-11","2025-12-21","2025-12-21","","","","","","","",""
"chariot de transport électrique","https://www.infoweb-manutention.fr/categorie/chariot-elevateur-electrique/","0","87","55","55","32","-32","true","50","50","1.1687","0.969","2025-08-12","2025-12-21","2025-12-21","false","false","true","true","false","false","",""
"chariot poutre roulante","https://www.infoweb-manutention.fr/table-elevatrice/pont-roulant-a-double-poutre-la-solution-robuste-pour-les-charges-lourdes/","0","95","67","67","28","-28","true","30","30","0.5081","1","2025-08-04","2025-12-21","2025-12-21","","","","","","","",""
"palan 200 kg","https://www.infoweb-manutention.fr/produit/treuil-palan-electrique-treuil100-200kg","0","86","86","86","0","0","true","30","30","0.5357","1","2025-12-21","2025-12-21","2025-12-21","","","","","","","",""
"diable pour charge lourde","https://www.infoweb-manutention.fr/manutention/chariot-diable/","0","98","98","98","0","0","true","30","30","1.0707","1","2025-12-21","2025-12-21","2025-12-21","true","false","true","false","false","false","",""
"siege fenwick","https://www.infoweb-manutention.fr/gerbeur/le-gerbeur-fenwick-tout-savoir-sur-cet-appareil/","0","91","91","91","0","0","true","40","40","0.53","1","2025-12-20","2025-12-20","2025-12-20","","","","","","","",""
"transpalette mecanique","https://www.infoweb-manutention.fr/manutention/transpalettes/","0","94","94","94","","","false","30","30","2.4862","1","2025-12-20","2025-12-20","2026-06-20","false","false","false","false","true","false","",""
"déplacer une palette sans transpalette","https://www.infoweb-manutention.fr/manutention/transpalettes/","0","96","26","26","","","false","90","90","2.07","0.68","2025-09-10","2025-12-19","2026-02-02","true","false","false","false","false","false","",""
"comment descendre une nacelle manuellement","https://www.infoweb-manutention.fr/chariot-elevateur/comment-descendre-dun-chariot-elevateur/","0","94","39","39","55","-55","true","90","90","","","2025-08-08","2025-12-19","2025-12-19","true","false","false","false","false","false","",""
"aimant de levage manuel","https://www.infoweb-manutention.fr/categorie/aimant-de-levage/","0","82","47","47","35","-35","true","40","40","0.3362","1","2025-08-08","2025-12-19","2025-12-19","","","","","","","",""
"fenwick poids","https://www.infoweb-manutention.fr/gerbeur/le-gerbeur-fenwick-tout-savoir-sur-cet-appareil/","0","95","95","95","0","0","true","30","30","1.2641","0.4226","2025-12-19","2025-12-19","2025-12-19","","","","","","","",""
"concessionnaire hyster","https://www.infoweb-manutention.fr/fabricants-chariots-elevateurs/","0","95","95","95","0","0","true","30","30","1.2056","0.2857","2025-12-12","2025-12-12","2025-12-12","","","","","","","",""
"entraxe fourche chariot elevateur","https://www.infoweb-manutention.fr/chariot-elevateur/norme-passage-chariot-elevateur-tout-savoir/","0","72","72","72","0","0","true","20","20","","1","2025-12-08","2025-12-08","2025-12-08","true","false","true","false","false","false","",""
"roll-conteneur de sécurité","https://www.infoweb-manutention.fr/stockage/roll-conteneur/","0","75","75","75","0","0","true","10","10","6.6113","0.9078","2025-12-06","2025-12-06","2025-12-06","","","","","","","",""
"c'est quoi le caces 3","https://www.infoweb-manutention.fr/caces-chariot-elevateur-guide-complet/","0","92","92","92","0","0","true","30","30","","0.04","2025-12-06","2025-12-06","2025-12-06","true","false","true","false","false","false","",""
"rolls stockage","https://www.infoweb-manutention.fr/stockage/roll-conteneur/","0","73","73","73","0","0","true","5","40","3.98","0.98","2025-12-05","2025-12-05","2025-12-05","","","","","","","",""
"utilisation transpalette électrique","https://www.infoweb-manutention.fr/transpalette/securite-incendie-precautions-transpalettes-electriques/","0","81","81","81","","","false","40","40","2.3667","0.9188","2025-11-27","2025-11-27","2026-01-01","true","false","false","false","false","false","",""
"fonctionnement transpalette","https://www.infoweb-manutention.fr/manutention/transpalettes/","0","92","92","92","","","false","30","30","2.0536","0.7063","2025-11-18","2025-11-18","2026-01-03","","","","","","","",""
"video transpalette","https://www.infoweb-manutention.fr/manutention/transpalettes/","0","92","85","85","","","false","20","20","0.5157","1","2025-11-04","2025-11-06","2026-01-06","true","false","true","true","false","false","",""
"prix d'une nacelle élévatrice neuve","https://www.infoweb-manutention.fr/nacelles-elevatrices/","0","66","54","54","12","-12","true","5","50","0.5832","0.9862","2025-11-03","2025-11-04","2025-11-04","true","false","true","false","false","false","",""
"schéma palettier","https://www.infoweb-manutention.fr/stockage/","0","100","100","100","","","false","13","140","","0.01","2025-11-02","2025-11-02","2026-05-28","true","false","false","false","false","false","",""
"treuil électrique 500kg","https://www.infoweb-manutention.fr/produit/treuil-a-cable-electrique-250-500-kg/","0","85","85","85","","","false","8","110","0.72","1","2025-11-01","2025-11-01","2026-06-10","false","false","true","false","false","false","",""
"achat nacelle","https://www.infoweb-manutention.fr/acheter-ou-louer-une-nacelle-elevatrice/","0","84","84","84","","","false","7","110","1.56","1","2025-10-30","2025-10-30","2026-05-16","","","","","","","",""
"obligation caces","https://www.infoweb-manutention.fr/chariot-elevateur/est-il-obligatoire-davoir-un-caces/","0","85","45","51","","","false","24","260","0.32","0.01","2025-07-31","2025-10-16","2026-06-05","","","","","","","",""
"treuil electrique 500kg","https://www.infoweb-manutention.fr/produit/treuil-a-cable-electrique-250-500-kg/","0","73","71","71","","","false","8","110","0.72","1","2025-08-18","2025-10-16","2026-06-11","false","false","true","false","false","false","",""
"comment fabriquer un pont roulant","https://www.infoweb-manutention.fr/table-elevatrice/pont-roulant-a-commande-electrique-la-solution-efficace-et-precise-pour-les-operations-de-levage-regulieres/","0","79","79","79","","","false","10","10","","0.5079","2025-09-26","2025-09-26","2026-01-26","true","false","false","false","false","false","",""
"elevateur electrique portable prix","https://www.infoweb-manutention.fr/categorie/chariot-elevateur-electrique/","0","56","56","67","","","false","0","0","","","2025-09-04","2025-09-25","2026-01-25","true","false","true","true","false","false","",""
"compatibilité huile hydraulique","https://www.infoweb-manutention.fr/chariot-elevateur/choix-de-lhuile-hydraulique-pour-chariot-elevateur","0","73","63","82","","","false","10","10","1","0.01","2025-07-27","2025-09-25","2026-01-25","true","false","true","false","false","false","",""
"élévateur nacelle","https://www.infoweb-manutention.fr/nacelles-elevatrices/","0","71","71","83","","","false","5","50","0.57","1","2025-07-25","2025-09-25","2026-02-06","true","false","true","false","false","false","",""
"levage pont roulant","https://www.infoweb-manutention.fr/pont-roulant/les-avantages-des-ponts-roulants-pour-un-levage-securise/","0","63","50","50","","","false","6","70","0.23","0.63","2025-07-24","2025-09-24","2026-01-24","true","false","false","true","false","false","",""
"danger chariot élévateur","https://www.infoweb-manutention.fr/chariot-elevateur/comment-descendre-dun-chariot-elevateur/","0","80","55","55","","","false","30","30","0.2","1","2025-07-24","2025-09-24","2026-01-24","true","false","false","false","false","false","",""
"kit gaz chariot élévateur","https://www.infoweb-manutention.fr/produit/chariot-elevateur-a-gaz-25t/","0","70","70","92","","","false","10","10","1.928","1","2025-09-03","2025-09-24","2026-01-24","false","false","true","false","false","false","",""
"chariot élévateur électrique à vendre","https://www.infoweb-manutention.fr/categorie/chariot-elevateur-electrique/","0","70","70","70","","","false","10","10","1.45","0.83","2025-09-24","2025-09-24","2026-01-24","false","false","true","false","false","false","",""
"chariot motorisé prix","https://www.infoweb-manutention.fr/categorie/chariot-elevateur-electrique/","0","71","71","88","","","false","10","10","1.1516","1","2025-07-24","2025-09-24","2026-01-24","true","false","true","true","false","false","",""
"chariot élévateur 4 tonnes","https://www.infoweb-manutention.fr/produit/chariot-elevateur-diesel-4x4-2t","0","94","94","94","","","false","30","30","1.47","0.99","2025-09-24","2025-09-24","2026-01-24","","","","","","","",""
"assurance dommage ouvrage et décennale","https://www.infoweb-manutention.fr/entreprise/assurance-decennale-et-dommage-ouvrage/","0","64","64","73","","","false","5","50","7.36","0.33","2025-09-01","2025-09-23","2026-05-25","","","","","","","",""
"rail de guidage pont roulant","https://www.infoweb-manutention.fr/pont-roulant/guide-sur-la-securite-des-ponts-roulants/","0","64","64","64","","","false","10","10","1.2202","1","2025-09-15","2025-09-15","2026-01-21","","","","","","","",""
"assurance décennale et dommage ouvrage","https://www.infoweb-manutention.fr/entreprise/assurance-decennale-et-dommage-ouvrage/","0","59","59","59","","","false","5","50","6.45","0.45","2025-09-09","2025-09-09","2026-05-21","true","false","false","false","false","false","",""
"solution stockage industriel","https://www.infoweb-manutention.fr/stockage/","0","69","65","66","","","false","10","10","","1","2025-08-13","2025-09-09","2026-06-01","","","","","","","",""
"assurance dommage ouvrage ou decennale","https://www.infoweb-manutention.fr/entreprise/assurance-decennale-et-dommage-ouvrage/","0","66","66","66","","","false","5","30","0.4","0.53","2025-09-09","2025-09-09","2026-05-28","true","false","false","false","false","false","",""
"garantie décennale et assurance dommage ouvrage","https://www.infoweb-manutention.fr/entreprise/assurance-decennale-et-dommage-ouvrage/","0","90","90","95","","","false","8","140","2.55","0.31","2025-08-23","2025-09-09","2026-05-18","true","false","false","false","false","false","",""
"responsabilité civile décennale et dommage ouvrage","https://www.infoweb-manutention.fr/entreprise/assurance-decennale-et-dommage-ouvrage/","0","65","65","79","","","false","10","10","5.3306","0.2857","2025-08-23","2025-09-08","2026-01-28","true","false","false","false","false","false","",""
"definition transpalette","https://www.infoweb-manutention.fr/manutention/transpalettes/","0","89","89","89","","","false","13","170","","0.02","2025-09-08","2025-09-08","2026-05-23","true","false","false","false","false","false","",""
"transpalette peseur fenwick","https://www.infoweb-manutention.fr/gerbeur/le-gerbeur-fenwick-tout-savoir-sur-cet-appareil/","0","90","90","90","","","false","20","20","5.9941","1","2025-09-08","2025-09-08","2026-01-28","false","false","true","true","false","false","",""
"marque decen avis","https://www.infoweb-manutention.fr/entreprise/le-classement-marques-chariot-elevateur-avis-et-comparatifs/","0","75","75","75","","","false","10","10","","0.0357","2025-09-06","2025-09-06","2026-01-27","true","false","true","false","false","false","",""
"transpalette pas chere","https://www.infoweb-manutention.fr/transpalette/5-meilleures-marques-de-transpalettes-comparatif-detaille/","0","88","23","23","","","false","15","170","3.44","1","2025-07-27","2025-09-04","2026-05-18","false","false","true","false","false","false","",""
"gerbeur manutention","https://www.infoweb-manutention.fr/manutention/gerbeur/","0","73","63","63","","","false","8","90","3.96","1","2025-08-21","2025-09-04","2026-01-25","true","false","true","true","false","false","",""
"dommage ouvrage décennale","https://www.infoweb-manutention.fr/entreprise/assurance-decennale-et-dommage-ouvrage/","0","71","71","71","","","false","11","210","7.93","0.17","2025-09-04","2025-09-04","2026-05-21","","","","","","","",""
"chariot à table élévatrice","https://www.infoweb-manutention.fr/table-elevatrice/","0","83","73","73","","","false","20","20","3.69","1","2025-08-21","2025-09-04","2026-01-25","true","false","true","true","false","false","",""
"table elevatrice prix","https://www.infoweb-manutention.fr/table-elevatrice/","0","79","79","94","","","false","10","10","0.6","0.9","2025-08-15","2025-09-04","2026-01-25","false","false","true","true","false","false","",""
"table élévatrice prix","https://www.infoweb-manutention.fr/table-elevatrice/","0","84","84","84","","","false","10","10","1.76","1","2025-09-04","2025-09-04","2026-01-25","true","false","true","false","false","false","",""
"assurance dommage ouvrage et garantie décennale","https://www.infoweb-manutention.fr/entreprise/assurance-decennale-et-dommage-ouvrage/","0","97","97","97","","","false","8","140","2.55","0.31","2025-09-04","2025-09-04","2026-06-15","true","false","false","false","false","false","",""
"palvac table élévatrice","https://www.infoweb-manutention.fr/table-elevatrice/","0","99","99","99","","","false","10","10","3.9168","1","2025-09-04","2025-09-04","2026-01-25","false","true","true","false","false","true","",""
"chariot élévateur 2 tonnes","https://www.infoweb-manutention.fr/produit/chariot-elevateur-electrique-2t/","0","95","22","22","","","false","5","50","1.6","1","2025-07-24","2025-09-03","2026-01-19","true","false","true","false","false","false","",""
"chariot élévateur 3t","https://www.infoweb-manutention.fr/produit/chariot-elevateur-electrique-3t/","0","91","57","57","","","false","5","70","3","1","2025-07-24","2025-09-03","2026-01-24","false","false","true","false","false","false","",""
"dommage ouvrage batiment industriel","https://www.infoweb-manutention.fr/entreprise/assurance-decennale-et-dommage-ouvrage/","0","64","64","64","","","false","10","10","","0.1","2025-09-03","2025-09-03","2026-01-24","true","false","false","false","false","false","",""
"transpalette électrique définition","https://www.infoweb-manutention.fr/manutention/transpalettes/","0","77","77","77","","","false","10","10","1.6","0.05","2025-09-03","2025-09-03","2026-06-26","true","false","false","false","false","false","",""
"protège conducteur chariot élévateur","https://www.infoweb-manutention.fr/chariot-elevateur/tout-savoir-sur-lassurance-des-chariots-elevateurs/","0","86","80","80","","","false","30","30","","0.22","2025-08-15","2025-09-03","2026-01-24","true","false","false","false","false","false","",""
"chariot élévateur hydraulique","https://www.infoweb-manutention.fr/chariot-elevateur/choix-de-lhuile-hydraulique-pour-chariot-elevateur","0","93","81","81","","","false","50","50","0.49","1","2025-07-25","2025-09-03","2026-01-24","true","false","true","true","false","false","",""
"rayon de braquage chariot élévateur","https://www.infoweb-manutention.fr/chariot-elevateur/norme-passage-chariot-elevateur-tout-savoir/","0","83","83","83","","","false","20","20","","0.01","2025-09-03","2025-09-03","2026-01-24","true","false","false","false","false","false","",""
"autorisation de conduite chariot élévateur sans caces","https://www.infoweb-manutention.fr/chariot-elevateur/est-il-obligatoire-davoir-un-caces/","0","85","85","99","","","false","30","30","2.6293","0.0373","2025-07-24","2025-09-03","2026-01-24","true","false","false","false","false","false","",""
"engin elevateur","https://www.infoweb-manutention.fr/entreprise/le-classement-marques-chariot-elevateur-avis-et-comparatifs/","0","93","93","93","","","false","5","70","0.03","1","2025-08-21","2025-09-03","2026-01-24","true","false","false","false","false","false","",""
"équipement obligatoire chariot élévateur","https://www.infoweb-manutention.fr/chariot-elevateur/tout-savoir-sur-lassurance-des-chariots-elevateurs/","0","95","95","95","","","false","10","10","0.6231","0.1","2025-09-03","2025-09-03","2026-01-24","true","false","true","false","false","false","",""
"garantie décennale dommage ouvrage","https://www.infoweb-manutention.fr/entreprise/assurance-decennale-et-dommage-ouvrage/","0","61","59","59","","","false","5","90","0.59","0.21","2025-08-21","2025-09-01","2026-05-28","","","","","","","",""
"dommage ouvrage et garantie décennale","https://www.infoweb-manutention.fr/entreprise/assurance-decennale-et-dommage-ouvrage/","0","90","90","90","","","false","8","110","2.46","0.21","2025-09-01","2025-09-01","2026-05-20","","","","","","","",""
"dommage ouvrage ou decennale","https://www.infoweb-manutention.fr/entreprise/assurance-decennale-et-dommage-ouvrage/","0","96","96","96","","","false","100","110","1.64","0.13","2025-09-01","2025-09-01","2026-05-14","true","false","false","false","false","false","",""
"optimisation stockage logistique","https://www.infoweb-manutention.fr/stockage/","0","88","88","88","","","false","10","10","","0","2025-08-25","2025-08-25","2026-02-01","true","false","false","false","false","false","",""
"palan pont roulant","https://www.infoweb-manutention.fr/levage/levage-ponts-roulants-potences/","0","100","65","65","","","false","140","140","2.24","0.87","2025-07-28","2025-08-23","2026-03-01","","","","","","","",""
"aimant 150 kg","https://www.infoweb-manutention.fr/produit/levage-magnetique-aimants-de-levage-200-kg","0","71","71","71","","","false","20","20","1.57","1","2025-08-07","2025-08-21","2026-02-05","true","false","true","false","false","false","",""
"palan à chaîne 5t","https://www.infoweb-manutention.fr/produit/palan-a-chaine-05-tonne-de-6-m/","0","72","72","72","","","false","10","10","1.29","1","2025-08-21","2025-08-21","2026-01-19","false","false","true","false","false","false","",""
"achat chariot elevateur","https://www.infoweb-manutention.fr/manutention/chariot-elevateur/","0","89","76","76","","","false","5","70","4.7","0.97","2025-07-25","2025-08-21","2026-01-24","false","false","true","true","true","false","",""
"type de chariot","https://www.infoweb-manutention.fr/chariot-elevateur/quel-est-le-meilleur-chariot-elevateur/","0","90","79","79","","","false","30","30","2.0601","1","2025-07-25","2025-08-21","2026-01-24","true","false","false","false","false","false","",""
"elevatrice nacelle","https://www.infoweb-manutention.fr/acheter-ou-louer-une-nacelle-elevatrice/","0","92","81","81","","","false","20","20","0.83","0.89","2025-07-25","2025-08-21","2026-01-25","false","false","true","false","false","false","",""
"mât rétractable","https://www.infoweb-manutention.fr/produit/mat-retractable-2-000-kg-a-2500-kg/","0","89","82","82","","","false","30","30","1.24","0.65","2025-07-25","2025-08-21","2026-01-25","true","false","true","false","false","false","",""
"mât de chariot élévateur occasion","https://www.infoweb-manutention.fr/chariot-elevateur/ou-acheter-des-chariots-a-mat-retractable-doccasion/","0","83","83","83","","","false","10","10","1.1435","1","2025-08-21","2025-08-21","2026-01-24","false","false","true","false","false","false","",""
"chariot élévateur gerbeur","https://www.infoweb-manutention.fr/manutention/transpalettes/","0","86","86","86","","","false","50","50","4.18","1","2025-08-21","2025-08-21","2026-01-24","true","false","true","true","false","false","",""
"tire palette ou transpalette","https://www.infoweb-manutention.fr/manutention/transpalettes/","0","89","89","89","","","false","40","40","2.5","1","2025-08-21","2025-08-21","2026-01-24","true","false","false","false","false","false","",""
"tables elevatrices hydraulique","https://www.infoweb-manutention.fr/table-elevatrice/","0","94","94","94","","","false","32","390","1.58","1","2025-08-21","2025-08-21","2026-05-19","true","false","false","false","false","false","",""
"achat chariot élévateur","https://www.infoweb-manutention.fr/manutention/chariot-elevateur/","0","97","95","95","","","false","5","70","4.7","0.97","2025-07-24","2025-08-21","2026-01-24","false","false","true","true","true","false","",""
"maintenance transpalette manuel","https://www.infoweb-manutention.fr/transpalette/prix-des-transpalettes-guide-des-tarifs-complet/","0","83","83","83","","","false","10","10","","0.43","2025-08-19","2025-08-19","2025-12-25","","","","","","","",""
"palan électrique à câble","https://www.infoweb-manutention.fr/produit/treuil-a-cable-electrique-400-800-kg-palan-electrique/","0","78","78","78","","","false","20","20","2.2339","1","2025-08-16","2025-08-16","2025-12-23","","","","","","","",""
"vendeur de chariot élévateur","https://www.infoweb-manutention.fr/categorie/chariot-elevateur-electrique/","0","82","82","83","","","false","10","10","3.96","0.91","2025-07-25","2025-08-16","2026-01-24","false","false","true","false","false","false","",""
"l évolution des ponts","https://www.infoweb-manutention.fr/treuil-palonnier/levolution-des-ponts-roulants-industriels-innovations-technologiques-et-performance/","0","80","80","80","","","false","5","40","","0","2025-08-15","2025-08-15","2026-07-20","true","false","false","false","false","false","",""
"chariot facteur","https://www.infoweb-manutention.fr/categorie/chariot-elevateur-gaz/","0","81","81","81","","","false","30","30","1.2323","1","2025-08-15","2025-08-15","2025-12-27","","","","","","","",""
"équipement entrepôt logistique","https://www.infoweb-manutention.fr/equipements-dentrepot/entrepot-abris-elements-dentrepot/","0","96","96","96","","","false","10","10","1.23","0.81","2025-08-15","2025-08-15","2026-01-25","true","false","false","false","false","false","",""
"entretien chariot élévateur toyota","https://www.infoweb-manutention.fr/chariot-elevateur/classement-des-marques-chariot-elevateur/","0","72","72","72","","","false","10","10","13.09","0.14","2025-08-14","2025-08-14","2026-01-24","true","false","false","false","false","false","",""
"pince poutre","https://www.infoweb-manutention.fr/produit/griffe-poutrelle-pince-a-poutre-5tonnes","0","94","94","94","","","false","40","40","0.6125","1","2025-08-14","2025-08-14","2025-12-22","","","","","","","",""
"élévateur de charge manuel","https://www.infoweb-manutention.fr/manutention/chariot-elevateur-manuel/","0","74","74","74","","","false","5","40","0.79","1","2025-08-11","2025-08-11","2025-12-20","false","false","true","false","false","false","",""
"moteur fenwick","https://www.infoweb-manutention.fr/project/fenwick/","0","84","84","84","","","false","20","20","0.0569","0.9078","2025-08-10","2025-08-10","2025-12-20","","","","","","","",""
"poignée de levage magnétique","https://www.infoweb-manutention.fr/produit/aimant-de-levage-magnetique-1000-kg/","0","75","75","75","","","false","10","10","0.4687","0.881","2025-08-09","2025-08-09","2025-12-20","","","","","","","",""
"palan à main à corde","https://www.infoweb-manutention.fr/produit/treuil-manuel-3-2-t-treuil-de-main-corde-20-m/","0","85","85","85","","","false","10","10","0.567","1","2025-08-05","2025-08-05","2025-12-22","","","","","","","",""
"table lève moto hydraulique","https://www.infoweb-manutention.fr/levage-nacelles-tables-elevatrices/tables-elevatrices-moto/","0","79","79","85","","","false","20","20","0.59","1","2025-07-25","2025-08-04","2026-01-25","false","false","true","false","false","false","",""
"palan 500 kg electrique","https://www.infoweb-manutention.fr/produit/palan-electrique-500-1000-kg-treuil-palan-a-chaine-a-levier-1800-w/","0","80","80","80","","","false","10","10","2.92","1","2025-08-04","2025-08-04","2025-12-22","","","","","","","",""
"table leve moto hydraulique","https://www.infoweb-manutention.fr/levage-nacelles-tables-elevatrices/tables-elevatrices-moto/","0","84","84","89","","","false","20","20","0.59","1","2025-07-25","2025-08-04","2026-01-25","false","false","true","true","false","false","",""
"optimisation des surfaces de stockage","https://www.infoweb-manutention.fr/stockage/","0","99","99","99","","","false","10","10","","0","2025-08-02","2025-08-02","2026-02-01","true","false","false","false","false","false","",""
"ou acheter parkside en ligne","https://www.infoweb-manutention.fr/outillage/parksidelidl-bricolage/","0","68","68","68","","","false","10","10","0.2822","0.07","2025-08-01","2025-08-01","2026-01-31","","","","","","","",""
"transpalette elevateur occasion","https://www.infoweb-manutention.fr/transpalette/transpalette-doccasion-est-ce-une-bonne-idee/","0","93","93","93","","","false","20","20","2.2201","0.6984","2025-07-28","2025-07-28","2026-01-28","true","false","true","true","false","false","",""
"formation gerbeur obligatoire","https://www.infoweb-manutention.fr/chariot-elevateur/est-il-obligatoire-davoir-un-caces/","0","91","91","91","","","false","50","50","1.4888","0.07","2025-07-27","2025-07-27","2026-01-19","true","false","false","false","false","false","",""
"qui fabriqué outils parkside","https://www.infoweb-manutention.fr/outillage/parksidelidl-bricolage/","0","87","87","87","","","false","10","10","","0.41","2025-07-26","2025-07-26","2026-01-19","true","false","false","false","false","false","",""
"table elevateur moto","https://www.infoweb-manutention.fr/levage-nacelles-tables-elevatrices/tables-elevatrices-moto/","0","68","68","68","","","false","10","10","0.14","1","2025-07-25","2025-07-25","2026-01-25","false","false","true","true","false","false","table élévatrice moto",""
"coût construction entrepôt m2","https://www.infoweb-manutention.fr/btp/le-prix-de-la-renovation-de-locaux-et-entrepots-industriels/","0","70","70","70","","","false","10","10","1.76","0.48","2025-07-25","2025-07-25","2026-01-24","true","false","false","false","false","false","",""
"table élévateur moto","https://www.infoweb-manutention.fr/levage-nacelles-tables-elevatrices/tables-elevatrices-moto/","0","71","71","71","","","false","10","10","1.0676","1","2025-07-25","2025-07-25","2026-01-25","false","false","true","true","false","false","",""
"abri de stockage industriel","https://www.infoweb-manutention.fr/equipements-dentrepot/entrepot-abris-elements-dentrepot/","0","74","74","74","","","false","10","10","6.2","0.52","2025-07-25","2025-07-25","2026-01-24","","","","","","","",""
"chariot élévateur préparateur de commande","https://www.infoweb-manutention.fr/chariot-elevateur/quest-ce-quun-preparateur-de-commandes/","0","81","81","81","","","false","10","10","1.5763","1","2025-07-25","2025-07-25","2026-07-21","","","","","","","",""
"table élévatrice moto hydraulique","https://www.infoweb-manutention.fr/levage-nacelles-tables-elevatrices/tables-elevatrices-moto/","0","84","84","84","","","false","30","30","0.68","1","2025-07-25","2025-07-25","2026-01-25","false","false","true","false","false","false","",""
"cout de construction entrepot","https://www.infoweb-manutention.fr/btp/le-prix-de-la-renovation-de-locaux-et-entrepots-industriels/","0","72","72","72","","","false","20","20","2.12","0.64","2025-07-24","2025-07-24","2026-01-23","true","false","false","false","false","false","",""
"tarif construction batiment industriel","https://www.infoweb-manutention.fr/btp/le-prix-de-la-renovation-de-locaux-et-entrepots-industriels/","0","76","76","76","","","false","10","10","2.6","0.57","2025-07-24","2025-07-24","2026-01-23","true","false","false","false","false","false","",""
"transpalette electrique definition","https://www.infoweb-manutention.fr/transpalette/transpalette-sur-mesure-quand-faut-il-en-envisager-un/","0","84","84","84","","","false","10","10","1.3599","0.11","2025-07-24","2025-07-24","2026-01-24","true","false","false","false","false","false","",""
"le chariot élévateur","https://www.infoweb-manutention.fr/entreprise/le-classement-marques-chariot-elevateur-avis-et-comparatifs/","0","86","86","86","","","false","5","50","0.88","1","2025-07-24","2025-07-24","2026-01-24","true","false","false","false","false","false","",""
"gerbage manutention","https://www.infoweb-manutention.fr/","0","89","89","89","","","false","20","20","1.27","0.02","2025-07-24","2025-07-24","2026-01-24","true","false","false","false","false","false","",""
"cout construction local industriel","https://www.infoweb-manutention.fr/btp/le-prix-de-la-renovation-de-locaux-et-entrepots-industriels/","0","92","92","92","","","false","10","10","2.91","0.75","2025-07-24","2025-07-24","2026-01-19","true","false","false","false","false","false","",""
"prix de construction au m2 d un batiment industriel","https://www.infoweb-manutention.fr/btp/le-prix-de-la-renovation-de-locaux-et-entrepots-industriels/","0","99","99","99","","","false","30","30","2.4209","0.6054","2025-07-24","2025-07-24","2026-07-21","","","","","","","",""
"roll de picking sur mesure","https://www.infoweb-manutention.fr/rayonnage/roll-picking-preparation-facilitee/","","8","6","6","","","false","","","","","2026-06-01","2026-06-16","2026-07-23","true","false","false","false","false","false","",""
"grand roll de picking sur mesure","https://www.infoweb-manutention.fr/rayonnage/roll-picking-preparation-facilitee/","","9","8","9","","","false","","","","","2026-06-01","2026-06-16","2026-07-23","true","false","false","false","false","false","",""
"chariot gaz intérieur","https://www.infoweb-manutention.fr/produit/chariot-elevateur-a-gaz-25t/","","63","63","63","0","0","true","","","","","2026-05-06","2026-05-06","2026-05-06","true","false","true","false","false","false","",""
"stockage dynamique avantage","https://www.infoweb-manutention.fr/rayonnage/les-5-avantages-du-rayonnage-industriel-pour-votre-entrepot/","","45","45","45","0","0","true","","","","","2026-04-22","2026-04-22","2026-04-22","true","false","false","false","false","false","",""
"chariot élévateur fenwick prix neuf","https://www.infoweb-manutention.fr/chariot-elevateur/fenwick-chariot-elevateur-prix-ce-quil-faut-savoir/","","27","27","27","0","0","true","","","","","2026-04-19","2026-04-19","2026-04-19","","","","","","","",""
"chariot picking d'entrepôt","https://www.infoweb-manutention.fr/rayonnage/roll-picking-preparation-facilitee/","","35","35","45","0","+10","true","","","","","2025-10-23","2026-03-31","2026-03-31","","","","","","","",""
"chariot picking profil","https://www.infoweb-manutention.fr/rayonnage/roll-picking-preparation-facilitee/","","78","78","78","","","false","","","","","2026-03-31","2026-03-31","2026-07-23","true","false","true","false","false","false","",""
"la meilleure marque de remorque voiture","https://www.infoweb-manutention.fr/accessoire/les-remorques-pour-voitures-lesquelles-choisir/","","51","51","51","0","0","true","","","","","2026-03-23","2026-03-23","2026-03-23","true","false","false","false","false","false","",""
"chariot elevateur","https://www.infoweb-manutention.fr/manutention/chariot-elevateur/","","68","59","68","","","false","","","","","2025-07-24","2026-03-15","2026-07-03","true","false","false","false","false","false","",""
"outillages parkside","https://www.infoweb-manutention.fr/outillage/parksidelidl-bricolage/","","30","30","30","","","false","","","","","2026-03-05","2026-03-05","2026-05-14","true","false","false","false","false","false","outils parkside",""
"outil lidl parkside","https://www.infoweb-manutention.fr/outillage/parksidelidl-bricolage/","","74","74","74","0","0","true","","","","","2026-02-25","2026-02-25","2026-02-25","true","false","false","false","false","false","",""
"chariot élévateur électrique 2t","https://www.infoweb-manutention.fr/categorie/chariot-elevateur-electrique/","","73","73","73","0","0","true","","","","","2026-02-11","2026-02-11","2026-02-11","","","","","","","",""
"quel poid peut soulever un aimant","https://www.infoweb-manutention.fr/produit/aimant-de-levage-400-kg/","","29","2","2","27","-27","true","","","","","2025-08-07","2026-02-06","2026-02-06","true","false","true","false","false","false","",""
"élévateur électrique prix","https://www.infoweb-manutention.fr/categorie/chariot-elevateur-electrique/","","69","28","32","41","-37","true","","","","","2025-08-05","2026-02-02","2026-02-02","false","false","true","false","false","false","",""
"comparatif chariot télescopique","https://www.infoweb-manutention.fr/entreprise/le-classement-marques-chariot-elevateur-avis-et-comparatifs/","","92","8","14","84","-78","true","","","","","2025-07-29","2026-01-28","2026-01-28","true","false","true","false","false","false","",""
"potencette","https://www.infoweb-manutention.fr/diable-chariot/meilleurs-diables-pliants-pour-vos-besoins/","","30","30","30","0","0","true","","","","","2026-01-05","2026-01-28","2026-01-28","true","false","false","false","false","false","",""
"maintenance table elevatrice","https://www.infoweb-manutention.fr/table-elevatrice/","","31","8","8","23","-23","true","","","","","2025-07-25","2026-01-25","2026-01-25","true","false","true","false","false","false","",""
"maintenance table élévatrice","https://www.infoweb-manutention.fr/table-elevatrice/","","29","9","9","20","-20","true","","","","","2025-07-25","2026-01-25","2026-01-25","true","false","true","false","false","false","",""
"table élévatrice légère","https://www.infoweb-manutention.fr/table-elevatrice/comparatif-tables-elevatrices/","","61","50","54","11","-7","true","","","","","2025-07-25","2026-01-25","2026-01-25","false","false","true","true","false","false","",""
"classement constructeur chariot élévateur 2018","https://www.infoweb-manutention.fr/chariot-elevateur/classement-des-marques-chariot-elevateur/","","0","0","0","0","0","true","","","","","2025-07-24","2026-01-24","2026-01-24","true","false","false","false","false","false","",""
"meilleur chariot élévateur","https://www.infoweb-manutention.fr/chariot-elevateur/classement-des-marques-chariot-elevateur/","","19","1","1","18","-18","true","","","","","2025-07-24","2026-01-24","2026-01-24","true","false","true","false","false","false","",""
"comparatif chariot élévateur","https://www.infoweb-manutention.fr/entreprise/le-classement-marques-chariot-elevateur-avis-et-comparatifs/","","12","1","1","11","-11","true","","","","","2025-07-25","2026-01-24","2026-01-24","","","","","","","",""
"chariot élévateur francais marque","https://www.infoweb-manutention.fr/chariot-elevateur/classement-des-marques-chariot-elevateur/","","51","2","7","49","-44","true","","","","","2025-07-25","2026-01-24","2026-01-24","true","false","true","true","false","false","",""
"toutes les marques de chariot élévateur","https://www.infoweb-manutention.fr/chariot-elevateur/classement-des-marques-chariot-elevateur/","","41","5","8","36","-33","true","","","","","2025-07-25","2026-01-24","2026-01-24","true","false","false","false","false","false","",""
"chariot élévateur marque allemande","https://www.infoweb-manutention.fr/chariot-elevateur/classement-des-marques-chariot-elevateur/","","72","6","6","66","-66","true","","","","","2025-07-25","2026-01-24","2026-01-24","true","false","false","true","false","false","",""
"marque chariot élévateur électrique","https://www.infoweb-manutention.fr/entreprise/le-classement-marques-chariot-elevateur-avis-et-comparatifs/","","41","10","16","31","-25","true","","","","","2025-07-25","2026-01-24","2026-01-24","true","false","true","true","false","false","",""
"chariot élévateur neuf pas cher","https://www.infoweb-manutention.fr/manutention/chariot-elevateur/","","29","19","25","10","-4","true","","","","","2025-07-24","2026-01-24","2026-01-24","true","false","true","true","false","false","",""
"chariot élévateur teu","https://www.infoweb-manutention.fr/chariot-elevateur/caisse-de-levage-chariot-fenwick-chariot-nissan-heister/","","64","24","27","40","-37","true","","","","","2025-07-25","2026-01-24","2026-01-24","false","false","true","true","false","false","",""
"marché chariot élévateur","https://www.infoweb-manutention.fr/entreprise/le-classement-marques-chariot-elevateur-avis-et-comparatifs/","","90","27","37","63","-53","true","","","","","2025-07-24","2026-01-24","2026-01-24","true","false","true","false","false","false","",""
"chariot élévateur électrique neuf","https://www.infoweb-manutention.fr/manutention/chariot-elevateur/","","77","31","31","46","-46","true","","","","","2025-07-25","2026-01-24","2026-01-24","false","false","true","false","false","false","",""
"chariot élévateur électrique 5t","https://www.infoweb-manutention.fr/produit/chariot-elevateur-electrique-5t/","","38","38","65","0","+27","true","","","","","2025-07-25","2026-01-24","2026-01-24","false","false","true","true","false","false","",""
"chariot élévateur gaz ou électrique","https://www.infoweb-manutention.fr/chariotelevateur-heli/","","66","49","54","17","-12","true","","","","","2025-07-24","2026-01-24","2026-01-24","true","false","false","false","false","false","",""
"chariot élévateur électrique kiloutou","https://www.infoweb-manutention.fr/manutention/chariot-elevateur/","","54","54","63","0","+9","true","","","","","2025-07-24","2026-01-24","2026-01-24","false","true","false","false","false","true","",""
"constructeur chariot elevateur","https://www.infoweb-manutention.fr/chariot-elevateur/classement-des-marques-chariot-elevateur/","","31","7","8","24","-23","true","","","","","2025-08-02","2026-01-21","2026-01-21","true","false","false","false","true","false","",""
"comparaison leasing achat entreprise","https://www.infoweb-manutention.fr/transpalette/comment-financer-lachat-dun-transpalette-professionnel/","","83","76","76","7","-7","true","","","","","2026-01-20","2026-01-21","2026-01-21","true","false","false","false","false","false","",""
"assurance transpalette électrique","https://www.infoweb-manutention.fr/chariot-elevateur/tout-savoir-sur-lassurance-des-chariots-elevateurs/","","52","5","5","","","false","","","","","2025-08-05","2026-01-20","2026-07-21","true","false","false","false","false","false","",""
"equipement de levage magnétique","https://www.infoweb-manutention.fr/produit/aimant-de-levage-magnetique-1000-kg/","","68","22","27","46","-41","true","","","","","2025-08-03","2026-01-20","2026-01-20","true","false","true","true","false","false","",""
"comment choisir son chariot elevateur","https://www.infoweb-manutention.fr/chariot-elevateur/guide-complet-un-chariot-elevateur-diesel/","","78","8","43","70","-35","true","","","","","2025-07-29","2026-01-19","2026-01-19","true","false","false","false","false","false","",""
"potencettes","https://www.infoweb-manutention.fr/levage/potence-conforme-en-795-b-p/","","4","4","4","","","false","","","","","2026-01-05","2026-01-17","2026-01-22","","","","","","","",""
"equipement de levage magnétique prix","https://www.infoweb-manutention.fr/categorie/aimant-de-levage/","","67","16","43","51","-24","true","","","","","2025-07-24","2026-01-16","2026-01-16","true","false","true","false","false","false","",""
"crics et chariots élévateurs","https://www.infoweb-manutention.fr/accessoire/crics/crics-et-chariots-elevateurs/","","40","40","40","0","0","true","","","","","2026-01-16","2026-01-16","2026-01-16","true","false","true","false","false","false","",""
"prix equipement de levage magnétique","https://www.infoweb-manutention.fr/categorie/aimant-de-levage/","","59","14","38","45","-21","true","","","","","2025-07-25","2026-01-15","2026-01-15","true","false","true","false","false","false","",""
"comment choisir un bon diable","https://www.infoweb-manutention.fr/manutention/chariots-manuels-diables/les-diables-pour-votre-entrepot/","","45","23","23","22","-22","true","","","","","2025-10-06","2026-01-15","2026-01-15","","","","","","","",""
"qcm caces 1 3 5 gratuit","https://www.infoweb-manutention.fr/caces-chariot-elevateur-guide-complet/","","87","87","87","0","0","true","","","","","2026-01-15","2026-01-15","2026-01-15","","","","","","","",""
"caces chariot élévateur formation","https://www.infoweb-manutention.fr/chariot-elevateur/caces-chariot-elevateur-que-dois-je-savoir/","","59","59","59","","","false","","","","","2026-01-11","2026-01-11","2026-01-24","true","false","false","false","true","false","",""
"tableau comparatif chariot élévateur","https://www.infoweb-manutention.fr/entreprise/le-classement-marques-chariot-elevateur-avis-et-comparatifs/","","5","2","3","","","false","","","","","2025-07-24","2026-01-06","2026-01-24","true","false","false","false","false","false","",""
"explosion batterie chariot élévateur","https://www.infoweb-manutention.fr/transpalette/securite-incendie-precautions-transpalettes-electriques/","","23","14","14","","","false","","","","","2025-07-24","2026-01-04","2026-01-24","true","false","false","false","false","false","",""
"chariot elevateur neuf electrique","https://www.infoweb-manutention.fr/manutention/chariot-elevateur/","","71","47","47","24","-24","true","","","","","2025-11-26","2026-01-04","2026-01-04","","","","","","","",""
"fonctionnement table élévatrice","https://www.infoweb-manutention.fr/table-elevatrice/","","86","55","69","","","false","","","","","2025-07-25","2026-01-04","2026-01-25","true","false","false","false","false","false","",""
"piece de rechange chariot élévateur tunisie","https://www.infoweb-manutention.fr/chariotelevateur-heli/","","60","60","60","","","false","","","","","2026-01-04","2026-01-04","2026-01-24","","","","","","","",""
"maintenance gerbeur angers","https://www.infoweb-manutention.fr/entreprise/maintenance-industrielle-a-angers-un-levier-pour-la-performance-des-entreprises/","","18","14","14","4","-4","true","","","","","2025-10-07","2026-01-03","2026-01-03","","","","","","","",""
"equipement fenwick","https://www.infoweb-manutention.fr/gerbeur/le-gerbeur-fenwick-tout-savoir-sur-cet-appareil/","","45","23","23","22","-22","true","","","","","2025-10-11","2026-01-03","2026-01-03","","","","","","","",""
"transpalette meilleur prix","https://www.infoweb-manutention.fr/transpalette/prix-des-transpalettes-guide-des-tarifs-complet/","","42","36","36","6","-6","true","","","","","2025-12-10","2026-01-03","2026-01-03","","","","","","","",""
"diable élévateur pas cher","https://www.infoweb-manutention.fr/manutention/chariots-manuels-diables/les-diables-pour-votre-entrepot/","","83","54","54","29","-29","true","","","","","2025-12-01","2026-01-03","2026-01-03","","","","","","","",""
"pont a treuil pas cher","https://www.infoweb-manutention.fr/table-elevatrice/pont-roulant-a-commande-electrique-la-solution-efficace-et-precise-pour-les-operations-de-levage-regulieres/","","64","64","64","0","0","true","","","","","2026-01-02","2026-01-02","2026-01-02","","","","","","","",""
"prix rénovation entrepôt","https://www.infoweb-manutention.fr/btp/le-prix-de-la-renovation-de-locaux-et-entrepots-industriels/","","8","5","9","","","false","","","","","2025-07-25","2026-01-01","2026-01-24","true","false","false","false","false","false","",""
"modèle de chariot élévateur","https://www.infoweb-manutention.fr/manutention/chariot-elevateur/","","51","29","37","","","false","","","","","2025-07-24","2025-12-31","2026-01-24","true","false","false","false","false","false","",""
"nacelle élévatrice manuelle prix","https://www.infoweb-manutention.fr/acheter-ou-louer-une-nacelle-elevatrice/","","93","43","60","","","false","","","","","2025-07-24","2025-12-31","2026-01-24","true","false","true","false","false","false","",""
"optimiser la manutention des produits","https://www.infoweb-manutention.fr/stockage/","","60","47","47","","","false","","","","","2025-07-26","2025-12-31","2026-01-26","true","false","false","false","false","false","",""
"charriot monte charge","https://www.infoweb-manutention.fr/levage-nacelles-tables-elevatrices/levage/elevateur-monte-charge/","","84","84","84","0","0","true","","","","","2025-12-27","2025-12-27","2025-12-27","","","","","","","",""
"petit palan pas cher","https://www.infoweb-manutention.fr/chariot-porte-palan/","","86","86","86","0","0","true","","","","","2025-12-27","2025-12-27","2025-12-27","","","","","","","",""
"batterie engin manutention","https://www.infoweb-manutention.fr/chariot-elevateur/principales-caracteristiques-et-avantages-de-la-technologie-des-batteries-lithium-ion/","","99","70","70","29","-29","true","","","","","2025-08-19","2025-12-26","2025-12-26","","","","","","","",""
"chaussure de securite cariste","https://www.infoweb-manutention.fr/securite/quelle-chaussure-de-securite-pour-cariste/","","5","5","5","0","0","true","","","","","2025-12-25","2025-12-25","2025-12-25","true","false","true","true","false","false","",""
"contacter itm alimentation","https://www.infoweb-manutention.fr/table-elevatrice/itm-logistique-alimentaire-international/","","85","55","55","30","-30","true","","","","","2025-08-18","2025-12-25","2025-12-25","true","false","false","false","false","false","",""
"chariot rétractable mitsubishi","https://www.infoweb-manutention.fr/produit/mat-retractable-2-000-kg-a-2500-kg/","","86","86","86","0","0","true","","","","","2025-12-25","2025-12-25","2025-12-25","","","","","","","",""
"prix chariot elevateur","https://www.infoweb-manutention.fr/manutention/chariot-elevateur/","","96","96","96","0","0","true","","","","","2025-12-25","2025-12-25","2025-12-25","","","","","","","",""
"transpalettes pas cher","https://www.infoweb-manutention.fr/transpalette/5-astuces-pour-trouver-un-transpalette-pas-cher/","","24","24","24","","","false","","","","","2025-12-24","2025-12-24","2026-06-25","false","false","true","false","false","false","",""
"montée descente chariot élévateur","https://www.infoweb-manutention.fr/chariot-elevateur/comment-descendre-dun-chariot-elevateur/","","1","1","1","0","0","true","","","","","2025-08-10","2025-12-20","2025-12-20","true","false","false","false","false","false","",""
"comment savoir combien de kilo peut soulever un aimant","https://www.infoweb-manutention.fr/produit/elevateur-magnetique-a-aimant-en-acier-capacite-poids-300-kg/","","37","20","31","","","false","","","","","2025-08-06","2025-12-19","2026-01-16","true","false","false","false","false","false","",""
"prix table élévatrice charges lourdes","https://www.infoweb-manutention.fr/table-elevatrice/comparatif-tables-elevatrices/","","87","21","30","","","false","","","","","2025-07-24","2025-12-19","2026-01-15","true","false","true","true","false","false","",""
"location roll de manutention","https://www.infoweb-manutention.fr/rayonnage/roll-de-manutention-transport-simplifie/","","91","91","91","0","0","true","","","","","2025-12-17","2025-12-17","2025-12-17","","","","","","","",""
"assurance engin de levage","https://www.infoweb-manutention.fr/chariot-elevateur/tout-savoir-sur-lassurance-des-chariots-elevateurs/","","39","39","39","","","false","","","","","2025-12-13","2025-12-13","2026-07-21","true","false","false","false","false","false","",""
"diable 300 kg castorama","https://www.infoweb-manutention.fr/manutention/chariot-diable/","","18","18","18","0","0","true","","","","","2025-12-09","2025-12-09","2025-12-09","","","","","","","",""
"table élévatrice occasion ebay","https://www.infoweb-manutention.fr/categorie/chariot-elevateur-electrique/","","44","44","44","0","0","true","","","","","2025-11-30","2025-11-30","2025-11-30","","","","","","","",""
"equipement manutention avis","https://www.infoweb-manutention.fr/entreprise/le-classement-marques-chariot-elevateur-avis-et-comparatifs/","","28","28","28","","","false","","","","","2025-10-17","2025-10-17","2026-01-15","","","","","","","",""
"mdr etagere","https://www.infoweb-manutention.fr/stockage/rack-de-stockage-solutions-materiels-industriels/","","24","24","24","0","0","true","","","","","2025-10-16","2025-10-16","2025-10-16","false","false","true","false","false","false","mdf etagere",""
"casse fenwick","https://www.infoweb-manutention.fr/chariot-elevateur/tout-savoir-sur-lassurance-des-chariots-elevateurs/","","64","64","64","","","false","","","","","2025-10-16","2025-10-16","2026-01-04","","","","","","","",""
"prix d un chariot élévateur","https://www.infoweb-manutention.fr/manutention/chariot-elevateur/","","82","82","82","","","false","","","","","2025-10-13","2025-10-13","2026-07-14","true","false","false","false","false","false","",""
"location camion nacelle rentforce.com","https://www.infoweb-manutention.fr/nacelle/location-camion-nacelle-rentforce/","","11","11","11","0","0","true","","","","","2025-10-07","2025-10-07","2025-10-07","","","","","","","",""
"location nacelle strasbourg prix","https://www.infoweb-manutention.fr/acheter-ou-louer-une-nacelle-elevatrice/","","65","65","65","0","0","true","","","","","2025-10-06","2025-10-06","2025-10-06","","","","","","","",""
"faut il un caces pour un transpalette electrique","https://www.infoweb-manutention.fr/chariot-elevateur/est-il-obligatoire-davoir-un-caces/","","70","70","70","","","false","","","","","2025-10-02","2025-10-02","2026-01-14","","","","","","","",""
"système automatisé stockage et récupération","https://www.infoweb-manutention.fr/stockage/","","75","75","82","","","false","","","","","2025-08-02","2025-09-29","2026-01-20","true","false","false","false","false","false","",""
"coût rénovation bâtiment industriel","https://www.infoweb-manutention.fr/btp/le-prix-de-la-renovation-de-locaux-et-entrepots-industriels/","","13","8","8","","","false","","","","","2025-07-25","2025-09-25","2026-01-24","true","false","false","false","false","false","",""
"accessoire chariot elevateur","https://www.infoweb-manutention.fr/chariot-elevateur/accessoires-pour-chariots-elevateurs","","74","74","74","","","false","","","","","2025-09-25","2025-09-25","2026-07-17","","","","","","","",""
"avantage chariot élévateur électrique","https://www.infoweb-manutention.fr/chariot-elevateur/quel-est-le-meilleur-chariot-elevateur/","","70","13","13","","","false","","","","","2025-07-25","2025-09-24","2026-01-24","true","false","true","false","false","false","",""
"fabricant chariot élévateur france","https://www.infoweb-manutention.fr/entreprise/le-classement-marques-chariot-elevateur-avis-et-comparatifs/","","20","20","25","","","false","","","","","2025-07-24","2025-09-24","2026-01-24","true","false","true","false","true","false","",""
"table élévatrice charges lourdes prix","https://www.infoweb-manutention.fr/table-elevatrice/","","21","21","62","","","false","","","","","2025-08-06","2025-09-24","2026-01-24","true","false","true","false","false","false","",""
"prix nacelles élévatrices","https://www.infoweb-manutention.fr/nacelles-elevatrices/","","33","26","34","","","false","","","","","2025-07-25","2025-09-24","2026-01-15","true","false","true","false","false","false","",""
"nacelles élévatrices prix","https://www.infoweb-manutention.fr/nacelles-elevatrices/","","27","26","29","","","false","","","","","2025-07-25","2025-09-24","2026-01-16","true","false","true","false","false","false","",""
"prix nacelle élévatrice manuelle","https://www.infoweb-manutention.fr/acheter-ou-louer-une-nacelle-elevatrice/","","50","27","31","","","false","","","","","2025-07-24","2025-09-24","2026-01-22","true","false","true","false","false","false","",""
"modèle chariot élévateur","https://www.infoweb-manutention.fr/entreprise/le-classement-marques-chariot-elevateur-avis-et-comparatifs/","","33","30","46","","","false","","","","","2025-07-24","2025-09-24","2026-01-24","true","false","true","false","false","false","",""
"chariots élévateurs prix","https://www.infoweb-manutention.fr/manutention/chariot-elevateur/","","61","34","34","","","false","","","","","2025-07-24","2025-09-24","2026-01-15","true","false","true","true","false","false","",""
"chariot élévateur électrique 3t","https://www.infoweb-manutention.fr/produit/chariot-elevateur-electrique-3t/","","42","34","36","","","false","","","","","2025-07-25","2025-09-24","2026-01-24","true","false","true","false","false","false","",""
"chariot élévateur 3t électrique","https://www.infoweb-manutention.fr/produit/chariot-elevateur-electrique-3t/","","44","34","34","","","false","","","","","2025-07-25","2025-09-24","2026-01-24","true","false","true","true","false","false","",""
"prix chariots élévateurs","https://www.infoweb-manutention.fr/manutention/chariot-elevateur/","","59","37","42","","","false","","","","","2025-07-24","2025-09-24","2026-01-15","true","false","true","true","false","false","",""
"prix diable chariot","https://www.infoweb-manutention.fr/manutention/chariot-diable/","","39","38","38","","","false","","","","","2025-07-26","2025-09-24","2026-07-17","false","false","true","false","false","false","",""
"différence chariot élévateur et gerbeur","https://www.infoweb-manutention.fr/chariot-elevateur/quel-est-le-meilleur-chariot-elevateur/","","59","39","39","","","false","","","","","2025-07-24","2025-09-24","2026-01-24","true","false","false","false","false","false","",""
"diable à usage spécifique prix","https://www.infoweb-manutention.fr/manutention/chariot-diable/","","40","40","70","","","false","","","","","2025-07-24","2025-09-24","2026-01-24","true","false","true","false","false","false","",""
"type de chariot elevateur","https://www.infoweb-manutention.fr/chariot-elevateur/quel-est-le-meilleur-chariot-elevateur/","","74","49","49","","","false","","","","","2025-07-24","2025-09-24","2026-01-16","true","false","false","false","false","false","",""
"prix chariot motorisé","https://www.infoweb-manutention.fr/categorie/chariot-elevateur-electrique/","","49","49","71","","","false","","","","","2025-09-03","2025-09-24","2026-07-17","false","false","true","false","false","false","",""
"concessionnaire mitsubishi chariot élévateur","https://www.infoweb-manutention.fr/fabricants-chariots-elevateurs/","","51","50","75","","","false","","","","","2025-07-24","2025-09-24","2026-01-24","","","","","","","",""
"fabricant de fourche pour chariot élévateur","https://www.infoweb-manutention.fr/fabricants-chariots-elevateurs/","","67","50","50","","","false","","","","","2025-07-24","2025-09-24","2026-01-24","true","false","false","false","false","false","",""
"nacelle adaptable sur chariot élévateur","https://www.infoweb-manutention.fr/acheter-ou-louer-une-nacelle-elevatrice/","","66","60","60","","","false","","","","","2025-07-25","2025-09-24","2026-01-24","true","false","true","false","false","false","",""
"casse chariot élévateur","https://www.infoweb-manutention.fr/chariot-elevateur/tout-savoir-sur-lassurance-des-chariots-elevateurs/","","60","60","60","","","false","","","","","2025-09-24","2025-09-24","2026-01-24","","","","","","","caces chariot élévateur",""
"chariot élévateur électrique extérieur","https://www.infoweb-manutention.fr/chariot-elevateur/quel-est-le-meilleur-chariot-elevateur/","","70","70","70","","","false","","","","","2025-09-24","2025-09-24","2026-07-09","","","","","","","",""
"prix chariot de manutention spécifiques","https://www.infoweb-manutention.fr/manutention/chariot-elevateur/","","70","70","70","","","false","","","","","2025-09-24","2025-09-24","2026-07-21","","","","","","","",""
"chariot élévateur à fourche prix","https://www.infoweb-manutention.fr/chariot-elevateur/classement-des-marques-chariot-elevateur/","","74","74","83","","","false","","","","","2025-09-03","2025-09-24","2026-01-16","true","false","true","false","false","false","",""
"prix autres chariots de manutention","https://www.infoweb-manutention.fr/entreprise/le-classement-marques-chariot-elevateur-avis-et-comparatifs/","","76","75","75","","","false","","","","","2025-07-25","2025-09-24","2026-01-15","true","false","true","false","false","false","",""
"prix chariot élévateur à fourche","https://www.infoweb-manutention.fr/chariot-elevateur/classement-des-marques-chariot-elevateur/","","88","88","89","","","false","","","","","2025-07-24","2025-09-24","2026-07-17","false","false","true","false","false","false","",""
"différence entre assurance dommage ouvrage et décennale","https://www.infoweb-manutention.fr/entreprise/assurance-decennale-et-dommage-ouvrage/","","44","44","48","","","false","","","","","2025-09-01","2025-09-23","2026-01-24","true","false","false","false","false","false","",""
"direct assurance dommage ouvrage","https://www.infoweb-manutention.fr/entreprise/assurance-decennale-et-dommage-ouvrage/","","75","72","72","","","false","","","","","2025-08-21","2025-09-23","2026-05-28","","","","","","","",""
"dommage ouvrage clos et couvert définition","https://www.infoweb-manutention.fr/entreprise/assurance-decennale-et-dommage-ouvrage/","","91","91","91","","","false","","","","","2025-09-23","2025-09-23","2026-01-19","true","false","false","false","false","false","",""
"différence assurance décennale et dommage ouvrage","https://www.infoweb-manutention.fr/entreprise/assurance-decennale-et-dommage-ouvrage/","","24","24","24","","","false","","","","","2025-09-13","2025-09-13","2026-05-19","true","false","false","false","false","false","",""
"indemnisation assurance décennale","https://www.infoweb-manutention.fr/entreprise/assurance-decennale-et-dommage-ouvrage/","","47","47","47","","","false","","","","","2025-09-13","2025-09-13","2026-05-28","true","false","false","false","false","false","",""
"optimisation logistique cas du stockage","https://www.infoweb-manutention.fr/stockage/","","98","78","78","","","false","","","","","2025-09-09","2025-09-13","2026-02-01","true","false","false","false","false","false","",""
"tables élévatrices prix","https://www.infoweb-manutention.fr/table-elevatrice/","","87","87","98","","","false","","","","","2025-09-03","2025-09-13","2026-01-16","true","false","true","false","false","false","",""
"prix table élévatrice hydraulique","https://www.infoweb-manutention.fr/table-elevatrice/","","67","67","71","","","false","","","","","2025-08-21","2025-09-12","2026-01-25","true","false","true","true","false","false","",""
"infowebagriculture","https://www.infoweb-manutention.fr/","","15","15","15","","","false","","","","","2025-09-11","2025-09-11","2026-01-20","","","","","","","","infoweb agriculture"
"optimisation manutention","https://www.infoweb-manutention.fr/stockage/","","26","24","31","","","false","","","","","2025-07-28","2025-09-11","2026-01-28","true","false","false","false","false","false","",""
"chariotelevateur","https://www.infoweb-manutention.fr/entreprise/le-classement-marques-chariot-elevateur-avis-et-comparatifs/","","79","58","58","","","false","","","","","2025-08-07","2025-09-11","2026-01-22","","","","","","","","chariot élévateur"
"fenwick enfant","https://www.infoweb-manutention.fr/chariot-elevateur/fenwick-chariot-elevateur-prix-ce-quil-faut-savoir","","65","65","65","","","false","","","","","2025-09-11","2025-09-11","2026-01-15","","","","","","","",""
"logistique alimentaire professionnelle","https://www.infoweb-manutention.fr/table-elevatrice/itm-logistique-alimentaire-international/","","90","78","78","","","false","","","","","2025-08-06","2025-09-11","2026-01-21","","","","","","","",""
"couverture dommages ouvrage","https://www.infoweb-manutention.fr/entreprise/assurance-decennale-et-dommage-ouvrage/","","97","97","97","","","false","","","","","2025-09-11","2025-09-11","2026-01-20","","","","","","","",""
"pont roulant industriel definition","https://www.infoweb-manutention.fr/levage/levage-ponts-roulants-potences/","","14","14","59","","","false","","","","","2025-08-05","2025-09-10","2026-01-22","","","","","","","",""
"ponts roulants definition","https://www.infoweb-manutention.fr/levage/levage-ponts-roulants-potences/","","15","15","20","","","false","","","","","2025-08-05","2025-09-10","2026-01-20","","","","","","","",""
"autres chariots de manutention","https://www.infoweb-manutention.fr/entreprise/le-classement-marques-chariot-elevateur-avis-et-comparatifs/","","32","32","66","","","false","","","","","2025-08-03","2025-09-10","2026-01-20","true","false","false","false","false","false","",""
"calotte en acier magnétique","https://www.infoweb-manutention.fr/produit/elevateur-magnetique-a-aimant-en-acier-capacite-poids-1000-kg/","","64","64","64","","","false","","","","","2025-09-09","2025-09-09","2026-02-02","true","false","true","true","false","false","",""
"constructeur de matériel de manutention français","https://www.infoweb-manutention.fr/fabricants-chariots-elevateurs/","","68","68","71","","","false","","","","","2025-08-20","2025-09-09","2026-01-19","true","false","false","false","true","false","",""
"comment choisir un chariot elevateur","https://www.infoweb-manutention.fr/entreprise/le-classement-marques-chariot-elevateur-avis-et-comparatifs/","","9","9","17","","","false","","","","","2025-07-29","2025-09-08","2026-01-19","true","false","false","false","false","false","",""
"optimisation achat manutention","https://www.infoweb-manutention.fr/stockage/","","21","21","56","","","false","","","","","2025-07-28","2025-09-08","2026-01-28","true","false","false","false","false","false","",""
"difference entre dommage ouvrage et decennale","https://www.infoweb-manutention.fr/entreprise/assurance-decennale-et-dommage-ouvrage/","","46","41","41","","","false","","","","","2025-08-20","2025-09-08","2026-01-20","true","false","false","false","false","false","",""
"charriot elevateur","https://www.infoweb-manutention.fr/entreprise/le-classement-marques-chariot-elevateur-avis-et-comparatifs/","","63","60","60","","","false","","","","","2025-07-25","2025-09-04","2026-01-15","true","false","false","false","false","false","",""
"chariot électrique palette","https://www.infoweb-manutention.fr/transpalette/securite-incendie-precautions-transpalettes-electriques/","","79","79","79","","","false","","","","","2025-09-04","2025-09-04","2026-01-25","true","false","true","true","false","false","",""
"table élévatrice ergonomique","https://www.infoweb-manutention.fr/table-elevatrice/","","92","92","92","","","false","","","","","2025-09-04","2025-09-04","2026-01-25","false","false","true","true","false","false","",""
"procédure chariot élévateur","https://www.infoweb-manutention.fr/chariot-elevateur/comment-descendre-dun-chariot-elevateur/","","16","14","14","","","false","","","","","2025-07-25","2025-09-03","2026-01-24","true","false","false","false","false","false","",""
"revendeur chariot élévateur","https://www.infoweb-manutention.fr/chariotelevateur-heli/","","66","35","35","","","false","","","","","2025-07-24","2025-09-03","2026-01-24","true","false","true","true","true","false","",""
"prix diable à usage spécifique","https://www.infoweb-manutention.fr/manutention/chariot-diable/","","41","41","41","","","false","","","","","2025-09-03","2025-09-03","2026-01-15","true","false","false","false","false","false","",""
"fourche chariot élévateur toyota","https://www.infoweb-manutention.fr/chariot-elevateur/classement-des-marques-chariot-elevateur/","","46","43","43","","","false","","","","","2025-07-24","2025-09-03","2026-01-24","true","false","true","false","false","false","",""
"chariot elevateur pro","https://www.infoweb-manutention.fr/entreprise/le-classement-marques-chariot-elevateur-avis-et-comparatifs/","","50","50","50","","","false","","","","","2025-08-21","2025-09-03","2026-01-15","false","false","true","false","false","false","",""
"prix transport chariot élévateur","https://www.infoweb-manutention.fr/manutention/chariot-elevateur/","","53","53","53","","","false","","","","","2025-09-03","2025-09-03","2026-01-24","true","false","false","false","false","false","",""
"écartement standard fourche chariot élévateur","https://www.infoweb-manutention.fr/chariot-elevateur/norme-passage-chariot-elevateur-tout-savoir/","","61","56","56","","","false","","","","","2025-07-24","2025-09-03","2026-01-19","true","false","true","false","false","false","",""
"different type de chariot elevateur","https://www.infoweb-manutention.fr/chariot-elevateur/quel-est-le-meilleur-chariot-elevateur/","","56","56","78","","","false","","","","","2025-08-21","2025-09-03","2026-01-24","true","false","false","false","false","false","",""
"part de marché chariot élévateur","https://www.infoweb-manutention.fr/chariot-elevateur/classement-des-marques-chariot-elevateur/","","84","68","84","","","false","","","","","2025-07-24","2025-09-03","2026-01-24","true","false","false","false","false","false","",""
"autonomie batterie chariot élévateur","https://www.infoweb-manutention.fr/chariot-elevateur/principales-caracteristiques-et-avantages-de-la-technologie-des-batteries-lithium-ion/","","76","76","76","","","false","","","","","2025-09-03","2025-09-03","2026-01-24","true","false","false","false","false","false","",""
"carburant pour chariot élévateur","https://www.infoweb-manutention.fr/chariot-elevateur/guide-complet-un-chariot-elevateur-diesel/","","77","77","77","","","false","","","","","2025-09-03","2025-09-03","2026-01-24","true","false","false","false","false","false","",""
"chariot élévateur gaz ne démarre pas","https://www.infoweb-manutention.fr/chariot-elevateur/principales-caracteristiques-et-avantages-de-la-technologie-des-batteries-lithium-ion/","","83","83","83","","","false","","","","","2025-09-03","2025-09-03","2026-01-24","true","false","false","false","false","false","",""
"prix tables élévatrices","https://www.infoweb-manutention.fr/table-elevatrice/","","88","88","88","","","false","","","","","2025-09-03","2025-09-03","2026-01-16","true","false","true","false","false","false","",""
"chariot de manutention spécifiques prix","https://www.infoweb-manutention.fr/manutention/chariot-elevateur/","","94","94","94","","","false","","","","","2025-09-03","2025-09-03","2026-01-15","true","false","true","true","false","false","",""
"avis levagemanutention","https://www.infoweb-manutention.fr/entreprise/le-classement-marques-chariot-elevateur-avis-et-comparatifs/","","70","70","70","","","false","","","","","2025-08-27","2025-08-27","2026-02-07","true","false","false","false","true","false","","avis levage manutention"
"systèmes automatisées et dynamiques de stockage","https://www.infoweb-manutention.fr/stockage/","","56","56","61","","","false","","","","","2025-08-02","2025-08-24","2026-01-20","true","false","false","false","false","false","",""
"décennale dommage ouvrage","https://www.infoweb-manutention.fr/entreprise/assurance-decennale-et-dommage-ouvrage/","","58","58","58","","","false","","","","","2025-08-24","2025-08-24","2026-01-31","","","","","","","",""
"prix chariot grillagé","https://www.infoweb-manutention.fr/rayonnage/chariot-grillage-robustesse-et-flexibilite/","","39","39","39","","","false","","","","","2025-08-21","2025-08-21","2026-01-24","true","false","true","false","false","false","",""
"chariot élévateur manuel tout terrain","https://www.infoweb-manutention.fr/manutention/chariot-elevateur-manuel/","","40","40","40","","","false","","","","","2025-08-21","2025-08-21","2026-01-24","false","false","true","false","false","false","",""
"chariot élévateur accident rack","https://www.infoweb-manutention.fr/chariot-elevateur/tout-savoir-sur-lassurance-des-chariots-elevateurs/","","42","42","42","","","false","","","","","2025-08-21","2025-08-21","2026-01-24","true","false","false","false","false","false","",""
"abri stockage industriel","https://www.infoweb-manutention.fr/equipements-dentrepot/entrepot-abris-elements-dentrepot/","","67","66","66","","","false","","","","","2025-07-24","2025-08-21","2026-01-19","false","false","true","false","false","false","",""
"charge maximale chariot élévateur","https://www.infoweb-manutention.fr/chariot-elevateur/quel-est-le-meilleur-chariot-elevateur/","","71","68","68","","","false","","","","","2025-07-24","2025-08-21","2026-01-24","true","false","false","false","false","false","",""
"autres chariots de manutention prix","https://www.infoweb-manutention.fr/entreprise/le-classement-marques-chariot-elevateur-avis-et-comparatifs/","","96","72","72","","","false","","","","","2025-07-24","2025-08-21","2026-01-24","true","false","true","false","false","false","",""
"charriot élévateur","https://www.infoweb-manutention.fr/entreprise/le-classement-marques-chariot-elevateur-avis-et-comparatifs/","","75","75","90","","","false","","","","","2025-07-25","2025-08-21","2026-01-15","true","false","false","false","false","false","","chariot élévateur"
"gerbeurs électriques prix","https://www.infoweb-manutention.fr/manutention/gerbeur/","","75","75","75","","","false","","","","","2025-08-21","2025-08-21","2026-01-15","true","false","true","false","false","false","",""
"chariot elevateur charge maximale","https://www.infoweb-manutention.fr/chariot-elevateur/quel-est-le-meilleur-chariot-elevateur/","","77","77","77","","","false","","","","","2025-08-21","2025-08-21","2026-01-25","true","false","false","false","false","false","",""
"abri temporaire industriel","https://www.infoweb-manutention.fr/equipements-dentrepot/entrepot-abris-elements-dentrepot/","","80","80","80","","","false","","","","","2025-07-24","2025-08-21","2026-07-17","","","","","","","",""
"prix chariot élévateur à mât rétractable","https://www.infoweb-manutention.fr/chariot-elevateur/ou-acheter-des-chariots-a-mat-retractable-doccasion/","","85","85","85","","","false","","","","","2025-08-21","2025-08-21","2026-07-20","","","","","","","",""
"diables de manutention prix","https://www.infoweb-manutention.fr/manutention/chariot-diable/","","97","97","97","","","false","","","","","2025-08-21","2025-08-21","2026-01-15","true","false","true","true","false","false","",""
"les types de chariot elevateur","https://www.infoweb-manutention.fr/entreprise/le-classement-marques-chariot-elevateur-avis-et-comparatifs/","","99","99","99","","","false","","","","","2025-08-21","2025-08-21","2026-01-24","true","false","false","false","false","false","",""
"comment choisir un palan","https://www.infoweb-manutention.fr/treuil-palonnier/palan-a-chaine-guide-conseils-dachat/","","52","52","52","","","false","","","","","2025-08-20","2025-08-20","2026-01-15","true","false","true","false","false","false","",""
"chariot elevateur made in france","https://www.infoweb-manutention.fr/entreprise/le-classement-marques-chariot-elevateur-avis-et-comparatifs/","","69","69","69","","","false","","","","","2025-08-20","2025-08-20","2026-01-15","true","false","false","false","false","false","",""
"diables chariot pliant","https://www.infoweb-manutention.fr/manutention/chariot-diable/","","75","75","75","","","false","","","","","2025-08-20","2025-08-20","2026-01-19","","","","","","","diable chariot pliant",""
"comment choisir un palan electrique","https://www.infoweb-manutention.fr/treuil-palonnier/palan-a-chaine-guide-conseils-dachat/","","100","100","100","","","false","","","","","2025-08-20","2025-08-20","2026-01-15","true","false","true","false","false","false","",""
"rolls preparateur de commande","https://www.infoweb-manutention.fr/rayonnage/roll-picking-preparation-facilitee/","","17","17","17","","","false","","","","","2025-08-16","2025-08-16","2026-01-17","","","","","","","",""
"parkside parkside","https://www.infoweb-manutention.fr/outillage/parksidelidl-bricolage/","","40","40","40","","","false","","","","","2025-08-08","2025-08-08","2026-01-21","","","","","","","",""
"chariot élévateur logistique","https://www.infoweb-manutention.fr/rayonnage/chariot-logistique-ptimiser-ses-flux-facilement/","","70","70","70","","","false","","","","","2025-08-08","2025-08-08","2026-06-26","","","","","","","",""
"table élévatrice pneumatique moto","https://www.infoweb-manutention.fr/levage-nacelles-tables-elevatrices/tables-elevatrices-moto/","","62","51","51","","","false","","","","","2025-07-25","2025-08-07","2026-01-25","false","false","true","true","false","false","",""
"comment choisir aimant","https://www.infoweb-manutention.fr/produit/elevateur-magnetique-a-aimant-en-acier-capacite-poids-1000-kg/","","96","96","96","","","false","","","","","2025-08-07","2025-08-07","2026-01-16","","","","","","","",""
"palonnier pour grillage","https://www.infoweb-manutention.fr/rayonnage/conteneur-grillage-securite-en-mouvement/","","34","34","34","","","false","","","","","2025-08-04","2025-08-04","2025-12-20","","","","","","","",""
"tables élévatrices électriques fixes","https://www.infoweb-manutention.fr/table-elevatrice/comparatif-tables-elevatrices/","","94","94","94","","","false","","","","","2025-08-04","2025-08-04","2026-01-25","false","false","true","true","false","false","",""
"table élévatrice charges lourdes","https://www.infoweb-manutention.fr/table-elevatrice/comparatif-tables-elevatrices/","","80","80","80","","","false","","","","","2025-08-03","2025-08-03","2026-01-20","true","false","true","true","false","false","",""
"aimants longue durée","https://www.infoweb-manutention.fr/produit/levage-magnetique-aimants-de-levage-100-kg/","","89","89","89","","","false","","","","","2025-08-03","2025-08-03","2026-01-19","true","false","true","true","true","false","",""
"table élévatrice agroalimentaire","https://www.infoweb-manutention.fr/table-elevatrice/comparatif-tables-elevatrices/","","38","33","33","","","false","","","","","2025-07-25","2025-07-29","2026-01-25","false","false","true","false","false","false","",""
"table moto artisanal","https://www.infoweb-manutention.fr/levage-nacelles-tables-elevatrices/tables-elevatrices-moto/","","47","47","47","","","false","","","","","2025-07-29","2025-07-29","2026-01-19","false","false","true","true","false","false","",""
"ou sont fabriqués les outils parkside","https://www.infoweb-manutention.fr/outillage/parksidelidl-bricolage/","","68","68","68","","","false","","","","","2025-07-28","2025-07-28","2026-01-19","true","false","false","false","false","false","",""
"cout au m2 batiment industriel","https://www.infoweb-manutention.fr/btp/le-prix-de-la-renovation-de-locaux-et-entrepots-industriels/","","58","58","58","","","false","","","","","2025-07-26","2025-07-26","2026-01-19","true","false","false","false","false","false","",""
"cout de construction d un batiment industriel","https://www.infoweb-manutention.fr/btp/le-prix-de-la-renovation-de-locaux-et-entrepots-industriels/","","78","78","78","","","false","","","","","2025-07-26","2025-07-26","2026-01-19","true","false","false","false","false","false","",""
"cout d un batiment industriel","https://www.infoweb-manutention.fr/btp/le-prix-de-la-renovation-de-locaux-et-entrepots-industriels/","","79","79","79","","","false","","","","","2025-07-26","2025-07-26","2026-01-19","true","false","false","false","false","false","",""
"cout de construction batiment industriel au m2","https://www.infoweb-manutention.fr/btp/le-prix-de-la-renovation-de-locaux-et-entrepots-industriels/","","80","80","80","","","false","","","","","2025-07-26","2025-07-26","2026-01-19","true","false","false","false","false","false","",""
"cout renovation hangar","https://www.infoweb-manutention.fr/btp/le-prix-de-la-renovation-de-locaux-et-entrepots-industriels/","","83","83","83","","","false","","","","","2025-07-26","2025-07-26","2026-01-26","true","false","false","false","false","false","",""
"entreprise parkside","https://www.infoweb-manutention.fr/outillage/parksidelidl-bricolage/","","90","90","90","","","false","","","","","2025-07-26","2025-07-26","2026-01-19","true","false","false","false","false","false","",""
"table élévatrice moto avis","https://www.infoweb-manutention.fr/levage-nacelles-tables-elevatrices/tables-elevatrices-moto/","","19","19","19","","","false","","","","","2025-07-25","2025-07-25","2026-01-25","true","false","true","false","false","false","",""
"table élévatrice électrique pour moto","https://www.infoweb-manutention.fr/levage-nacelles-tables-elevatrices/tables-elevatrices-moto/","","22","22","22","","","false","","","","","2025-07-25","2025-07-25","2026-01-25","false","false","true","true","false","false","",""
"accessoire table élévatrice moto","https://www.infoweb-manutention.fr/levage-nacelles-tables-elevatrices/tables-elevatrices-moto/","","30","30","30","","","false","","","","","2025-07-25","2025-07-25","2026-01-25","true","false","true","true","false","false","",""
"transpalette haute levée électrique prix","https://www.infoweb-manutention.fr/transpalette/prix-des-transpalettes-guide-des-tarifs-complet/","","30","30","30","","","false","","","","","2025-07-25","2025-07-25","2026-01-24","true","false","true","false","false","false","",""
"prix d un chariot","https://www.infoweb-manutention.fr/chariot-elevateur/quel-prix-pour-un-prix-chariot-elevateur-neuf-noatre-avis/","","34","34","34","","","false","","","","","2025-07-25","2025-07-25","2026-01-25","true","false","true","false","false","false","",""
"table élévatrice moto pro","https://www.infoweb-manutention.fr/levage-nacelles-tables-elevatrices/tables-elevatrices-moto/","","56","56","56","","","false","","","","","2025-07-25","2025-07-25","2026-01-25","false","false","true","true","false","false","",""
"prix rénovation hangar","https://www.infoweb-manutention.fr/btp/le-prix-de-la-renovation-de-locaux-et-entrepots-industriels/","","95","95","95","","","false","","","","","2025-07-25","2025-07-25","2026-01-25","true","false","false","false","false","false","",""
"prix bouchage industriel","https://www.infoweb-manutention.fr/btp/le-prix-de-la-renovation-de-locaux-et-entrepots-industriels/","","17","17","17","","","false","","","","","2025-07-24","2025-07-24","2026-01-16","true","false","true","false","false","false","",""
"cout m2 batiment industriel","https://www.infoweb-manutention.fr/btp/le-prix-de-la-renovation-de-locaux-et-entrepots-industriels/","","35","35","35","","","false","","","","","2025-07-24","2025-07-24","2026-01-19","true","false","false","false","false","false","",""
"chariot élévateur entrepôt","https://www.infoweb-manutention.fr/chariot-elevateur/guide-complet-du-chariot-elevateu/","","37","37","37","","","false","","","","","2025-07-24","2025-07-24","2026-01-24","true","false","true","true","false","false","",""
"prix de batiment industriel","https://www.infoweb-manutention.fr/btp/le-prix-de-la-renovation-de-locaux-et-entrepots-industriels/","","41","41","41","","","false","","","","","2025-07-24","2025-07-24","2026-01-19","true","false","false","false","false","false","",""
"prix elévateur","https://www.infoweb-manutention.fr/chariot-elevateur/quel-prix-pour-un-prix-chariot-elevateur-neuf-noatre-avis/","","48","48","48","","","false","","","","","2025-07-24","2025-07-24","2026-01-16","true","false","true","true","false","false","",""
"construction bâtiment industriel prix","https://www.infoweb-manutention.fr/btp/le-prix-de-la-renovation-de-locaux-et-entrepots-industriels/","","67","67","67","","","false","","","","","2025-07-24","2025-07-24","2026-01-24","true","false","false","false","false","false","",""
"prix plateformes de manutention","https://www.infoweb-manutention.fr/manutention/gerbeur/","","71","71","71","","","false","","","","","2025-07-24","2025-07-24","2026-01-15","true","false","true","true","false","false","",""
"construction industrielle prix","https://www.infoweb-manutention.fr/btp/le-prix-de-la-renovation-de-locaux-et-entrepots-industriels/","","75","75","75","","","false","","","","","2025-07-24","2025-07-24","2026-01-24","true","false","false","false","false","false","",""
"prix table élévatrice hydraulique mobile","https://www.infoweb-manutention.fr/table-elevatrice/comparatif-tables-elevatrices/","","81","81","81","","","false","","","","","2025-07-24","2025-07-24","2026-01-15","true","false","true","true","false","false","",""
"prix construction industrielle","https://www.infoweb-manutention.fr/btp/le-prix-de-la-renovation-de-locaux-et-entrepots-industriels/","","83","83","83","","","false","","","","","2025-07-24","2025-07-24","2026-01-24","true","false","false","false","false","false","",""
"moteur chariot élévateur gaz","https://www.infoweb-manutention.fr/produit/chariot-elevateur-a-gaz-2t/","","94","94","94","","","false","","","","","2025-07-24","2025-07-24","2026-01-24","true","false","false","false","false","false","",""
"bien conduire un chariot élévateur en toute sécurité","https://www.infoweb-manutention.fr/chariot-elevateur/comment-descendre-dun-chariot-elevateur/","","96","96","96","","","false","","","","","2025-07-24","2025-07-24","2026-01-19","true","false","false","false","false","false","",""